procedure,test_year,decision_time,bar_index,regime,logit_long,logit_short,logit_none,knn_long,knn_short,knn_none,neighbors,cutoff_verified,agreed_side,cosine_side,path_label,traded,median_forward_outcome,positive_outcome_probability,negative_outcome_probability
expanding,2015,2015-01-02T00:00:00Z,31295,NORMAL,0.3447466730785005,0.3236219528842889,0.0,0.402712941344124,0.5556035559925758,0.0,25,True,,,SHORT_SUCCESS,False,0.0007748419544564289,0.56,0.44
expanding,2015,2015-01-03T00:00:00Z,31319,NORMAL,0.343671703680521,0.33267528918391487,0.0,0.35461120466618673,0.6042510977745512,0.0,25,True,,,LONG_SUCCESS,False,0.00028851991133294064,0.64,0.36
expanding,2015,2015-01-06T00:00:00Z,31343,HIGH_VOLATILITY,0.34365575311330726,0.33670000456909893,0.0,0.509432742056971,0.49056725794302874,0.0,25,True,,,SHORT_SUCCESS,False,0.0005973922773492291,0.56,0.44
expanding,2015,2015-01-07T00:00:00Z,31367,HIGH_VOLATILITY,0.3563480519525792,0.3110874742602062,0.0,0.5629857803783338,0.3969779092221425,0.0,25,True,,,SHORT_SUCCESS,False,0.0010563855799867738,0.72,0.28
expanding,2015,2015-01-08T00:00:00Z,31391,HIGH_VOLATILITY,0.33880927438941416,0.33023488332846934,0.0,0.5551652301938912,0.4448347698061085,0.0,25,True,,,SHORT_SUCCESS,False,0.00030507957162773103,0.6,0.4
expanding,2015,2015-01-09T00:00:00Z,31415,HIGH_VOLATILITY,0.3398869154331347,0.3292600500757127,0.0,0.6501982614065913,0.27355272612830195,0.0,25,True,,,LONG_SUCCESS,False,0.0012553342017171953,0.76,0.24
expanding,2015,2015-01-10T00:00:00Z,31439,VOLATILITY_CONTRACTION,0.3307431703718229,0.33550693795971487,0.0,0.477823957313962,0.4696314065655802,0.0,25,True,,,LONG_SUCCESS,False,0.00037732983848237645,0.64,0.36
expanding,2015,2015-01-13T00:00:00Z,31463,NORMAL,0.33531612684289575,0.34230897624109746,0.0,0.44272897435041625,0.5200771893108467,0.0,25,True,,,SHORT_SUCCESS,False,-0.0005484146366395715,0.4,0.6
expanding,2015,2015-01-14T00:00:00Z,31487,NORMAL,0.3271485577525321,0.3401659959592051,0.0,0.6094305868630784,0.350805102614821,0.0,25,True,,,LONG_SUCCESS,False,6.143843152761619e-05,0.52,0.48
expanding,2015,2015-01-15T00:00:00Z,31511,NORMAL,0.34667925693424356,0.31646420190578606,0.0,0.4756213857414353,0.48696535495232707,0.0,25,True,,,LONG_SUCCESS,False,0.0009030398227869441,0.8,0.2
expanding,2015,2015-01-16T00:00:00Z,31535,NORMAL,0.3517499393794194,0.3145077257108347,0.0,0.4798399973646547,0.48110639446678793,0.0,25,True,,,LONG_SUCCESS,False,-0.0003246657241360307,0.48,0.52
expanding,2015,2015-01-17T00:00:00Z,31559,NORMAL,0.3218116316953409,0.34471108945424767,0.0,0.4735084092893144,0.4895786947859,0.0,25,True,,,SHORT_SUCCESS,False,0.0005982294619693018,0.6,0.4
expanding,2015,2015-01-20T00:00:00Z,31583,VOLATILITY_CONTRACTION,0.324218998712049,0.3476116588546502,0.0,0.24374572756284363,0.719069254644227,0.0,25,True,,,SHORT_SUCCESS,False,-0.00031132045470372294,0.48,0.52
expanding,2015,2015-01-21T00:00:00Z,31607,NORMAL,0.32796378381338576,0.339706966830248,0.0,0.5581448401617846,0.40445094780858554,0.0,25,True,,,SHORT_SUCCESS,False,0.0010049741535438361,0.6,0.4
expanding,2015,2015-01-22T00:00:00Z,31631,NORMAL,0.3326408706757142,0.32661380113092087,0.0,0.47349685712222345,0.5265031428777767,0.0,25,True,,,LONG_SUCCESS,False,0.0005834516085641006,0.72,0.28
expanding,2015,2015-01-23T00:00:00Z,31655,NORMAL,0.32888032276310786,0.33717320301779646,0.0,0.44714501629239267,0.4683765555874154,0.0,25,True,,,LONG_SUCCESS,False,0.00014580246433038013,0.52,0.48
expanding,2015,2015-01-24T00:00:00Z,31679,NORMAL,0.32730778976110503,0.33783433431282606,0.0,0.6442509750949161,0.3557490249050839,0.0,25,True,,,SHORT_SUCCESS,False,0.00028851991133294064,0.56,0.44
expanding,2015,2015-01-27T00:00:00Z,31703,VOLATILITY_EXPANSION,0.3338644018661466,0.3478726447278043,0.0,0.5612594938040433,0.3999765046605314,0.0,25,True,,,SHORT_SUCCESS,False,-8.845940134138974e-05,0.48,0.52
expanding,2015,2015-01-28T00:00:00Z,31727,NORMAL,0.3083531366734477,0.3628541329646357,0.0,0.39974534769399345,0.5539230680916564,0.0,25,True,,,LONG_SUCCESS,False,0.0005915807373604309,0.64,0.36
expanding,2015,2015-01-29T00:00:00Z,31751,VOLATILITY_CONTRACTION,0.3131466644739424,0.3514980936238849,0.0,0.24608858311139822,0.6336565164788556,0.0,25,True,,,AMBIGUOUS_PATH,False,-8.802945950781016e-05,0.44,0.56
expanding,2015,2015-01-30T00:00:00Z,31775,HIGH_VOLATILITY,0.326609254213202,0.33889669440086934,0.0,0.5587604644591336,0.3667863692944458,0.0,25,True,,,LONG_SUCCESS,False,0.0014279770666185687,0.72,0.28
expanding,2015,2015-01-31T00:00:00Z,31799,NORMAL,0.32447006089940983,0.32819555889255964,0.0,0.4843740031686571,0.32188428256682405,0.0,25,True,,,LONG_SUCCESS,False,0.0005940797982739721,0.64,0.36
expanding,2015,2015-02-03T00:00:00Z,31823,HIGH_VOLATILITY,0.3400064972718978,0.34204133357418004,0.0,0.44697176169374564,0.5530282383062541,0.0,25,True,,,SHORT_SUCCESS,False,-0.0001798999492719222,0.44,0.56
expanding,2015,2015-02-04T00:00:00Z,31847,NORMAL,0.34924846783537766,0.3311207652449675,0.0,0.4350901010113164,0.5221105506814202,0.0,25,True,,,SHORT_SUCCESS,False,-7.257765660362292e-05,0.48,0.52
expanding,2015,2015-02-05T00:00:00Z,31871,NORMAL,0.3453707256098871,0.3260641450048748,0.0,0.5004692123525455,0.4600913087959692,0.0,25,True,,,LONG_SUCCESS,False,0.0004974242917301641,0.56,0.44
expanding,2015,2015-02-06T00:00:00Z,31895,TRENDING,0.34436825475259547,0.3110591432623883,0.0,0.5564636138465039,0.4030144501984886,0.0,25,True,,,SHORT_SUCCESS,False,0.001074804070557711,0.68,0.32
expanding,2015,2015-02-07T00:00:00Z,31919,VOLATILITY_EXPANSION,0.34777957130608117,0.31948354463176426,0.0,0.4327758356587254,0.5304848005601671,0.0,25,True,,,AMBIGUOUS_PATH,False,-0.00023256638101842864,0.48,0.52
expanding,2015,2015-02-10T00:00:00Z,31943,VOLATILITY_EXPANSION,0.3651243136963346,0.3147824069609676,0.0,0.6388729350008852,0.36112706499911484,0.0,25,True,,,SHORT_SUCCESS,False,0.0004065184011556866,0.6,0.4
expanding,2015,2015-02-11T00:00:00Z,31967,HIGH_VOLATILITY,0.3315553218011979,0.3445587682853072,0.0,0.4480429284956082,0.5131134290634243,0.0,25,True,,,LONG_SUCCESS,False,-0.0005540305535229884,0.4,0.6
expanding,2015,2015-02-12T00:00:00Z,31991,HIGH_VOLATILITY,0.3464859447990527,0.32547873002513594,0.0,0.5378127841367877,0.4251654841853349,0.0,25,True,,,LONG_SUCCESS,False,0.00047045984439320065,0.6,0.4
expanding,2015,2015-02-13T00:00:00Z,32015,HIGH_VOLATILITY,0.35121492831767726,0.3201683649310525,0.0,0.5542401268707591,0.44575987312924087,0.0,25,True,,,SHORT_SUCCESS,False,0.0005489639315567896,0.6,0.4
expanding,2015,2015-02-14T00:00:00Z,32039,NORMAL,0.3201557790277728,0.3435174524517556,0.0,0.39297955331864687,0.5276202102784326,0.0,25,True,,,SHORT_SUCCESS,False,-0.0005938520567116967,0.44,0.56
expanding,2015,2015-02-17T00:00:00Z,32063,NORMAL,0.3291450182376754,0.33948569841737813,0.0,0.5747096557022997,0.3489209287724725,0.0,25,True,,,AMBIGUOUS_PATH,False,4.6502168648432374e-05,0.52,0.48
expanding,2015,2015-02-18T00:00:00Z,32087,HIGH_VOLATILITY,0.3560718704489866,0.31621172715293483,0.0,0.6528954289324547,0.3081746193883509,0.0,25,True,,,SHORT_SUCCESS,False,0.0006514757230873247,0.68,0.32
expanding,2015,2015-02-19T00:00:00Z,32111,HIGH_VOLATILITY,0.34603171971848384,0.32562725095758593,0.0,0.5705451093295456,0.42945489067045445,0.0,25,True,,,LONG_SUCCESS,False,0.00037083689241845796,0.64,0.36
expanding,2015,2015-02-20T00:00:00Z,32135,HIGH_VOLATILITY,0.3343712000616936,0.3323527229554681,0.0,0.4750748976815252,0.48618185788316015,0.0,25,True,,,LONG_SUCCESS,False,-7.302209055959352e-05,0.48,0.52
expanding,2015,2015-02-21T00:00:00Z,32159,VOLATILITY_EXPANSION,0.3669935417810449,0.3183136637806516,0.0,0.6178229615839204,0.3821770384160793,0.0,25,True,,,LONG_SUCCESS,False,-0.0001595624852080979,0.44,0.56
expanding,2015,2015-02-24T00:00:00Z,32183,NORMAL,0.34467168202165094,0.3334956017961564,0.0,0.5171597294827349,0.44416004749192795,0.0,25,True,,,LONG_SUCCESS,False,-0.0005918729782092846,0.28,0.72
expanding,2015,2015-02-25T00:00:00Z,32207,HIGH_VOLATILITY,0.37720509305581723,0.31388076185633695,0.0,0.6737021685577185,0.2895532111531278,0.0,25,True,,,SHORT_SUCCESS,False,0.0011986552397715844,0.76,0.24
expanding,2015,2015-02-26T00:00:00Z,32231,NORMAL,0.34423311814517493,0.33071314047548406,0.0,0.5563696595266449,0.4049678427415426,0.0,25,True,,,LONG_SUCCESS,False,0.0007231330804042813,0.76,0.24
expanding,2015,2015-02-27T00:00:00Z,32255,NORMAL,0.34322226203642975,0.33382437688520183,0.0,0.6372715780910134,0.2846224945827703,0.0,25,True,,,SHORT_SUCCESS,False,0.0007482795622171245,0.64,0.36
expanding,2015,2015-02-28T00:00:00Z,32279,NORMAL,0.3251650222103537,0.35558364013137234,0.0,0.23425296998110084,0.7262317776486129,0.0,25,True,,,SHORT_SUCCESS,False,0.00026030625123474316,0.52,0.48
expanding,2015,2015-03-03T00:00:00Z,32303,NORMAL,0.32261910711200464,0.34906455299886446,0.0,0.39361538954385117,0.5282846219116694,0.0,25,True,,,SHORT_SUCCESS,False,-0.00020582983374750619,0.44,0.56
expanding,2015,2015-03-04T00:00:00Z,32327,VOLATILITY_CONTRACTION,0.3181641629698162,0.34936613100422775,0.0,0.27810200541280067,0.7218979945871993,0.0,25,True,,,LONG_SUCCESS,False,-0.0005108647364961971,0.4,0.6
expanding,2015,2015-03-05T00:00:00Z,32351,TRENDING,0.34572464735380504,0.32729853020413174,0.0,0.5227292536093796,0.4381516312588702,0.0,25,True,,,LONG_SUCCESS,False,-0.0001595624852080979,0.44,0.56
expanding,2015,2015-03-06T00:00:00Z,32375,NORMAL,0.36804292881413403,0.3097169632311479,0.0,0.5640244094123569,0.43597559058764324,0.0,25,True,,,SHORT_SUCCESS,False,-0.000143853167721808,0.44,0.56
expanding,2015,2015-03-07T00:00:00Z,32399,NORMAL,0.3328685087300559,0.33615847899030477,0.0,0.4310048071234303,0.49062161064697773,0.0,25,True,,,LONG_SUCCESS,False,0.0002460511668402887,0.6,0.4
expanding,2015,2015-03-10T00:00:00Z,32423,NORMAL,0.3704800787850791,0.32302726640638674,0.0,0.47773440607140977,0.47511842844749264,0.0,25,True,,,LONG_SUCCESS,False,-0.0005624313512037071,0.4,0.6
expanding,2015,2015-03-11T00:00:00Z,32447,VOLATILITY_CONTRACTION,0.366804597434982,0.3196645690331859,0.0,0.5649241367037564,0.3939616802119334,0.0,25,True,,,SHORT_SUCCESS,False,-0.00019368003165110004,0.44,0.56
expanding,2015,2015-03-12T00:00:00Z,32471,NORMAL,0.3509081199170804,0.32882572868321075,0.0,0.5188141029315138,0.4811858970684861,0.0,25,True,,,SHORT_SUCCESS,False,-0.00025112203619936935,0.4,0.6
expanding,2015,2015-03-13T00:00:00Z,32495,LOW_VOLATILITY_RANGE,0.32956991181822265,0.3410222917608098,0.0,0.4713287873484999,0.4893983028858944,0.0,25,True,,,SHORT_SUCCESS,False,-0.00017509235441171,0.48,0.52
expanding,2015,2015-03-14T00:00:00Z,32519,NORMAL,0.31217894856766204,0.3567933262503618,0.0,0.3844991287551236,0.6155008712448766,0.0,25,True,,,SHORT_SUCCESS,False,0.00028135583100863393,0.68,0.32
expanding,2015,2015-03-17T00:00:00Z,32543,NORMAL,0.3187834373116473,0.34939328816250226,0.0,0.6100307337549745,0.3899692662450253,0.0,25,True,,,LONG_SUCCESS,False,-0.0003345612893544958,0.4,0.6
expanding,2015,2015-03-18T00:00:00Z,32567,NORMAL,0.35444458513144744,0.32652883160550467,0.0,0.47241254665796895,0.4427167024098194,0.0,25,True,,,SHORT_SUCCESS,False,-0.0004262778511432419,0.36,0.64
expanding,2015,2015-03-19T00:00:00Z,32591,NORMAL,0.33633002080979935,0.3356132798849567,0.0,0.4734796730641917,0.44915842379060505,0.0,25,True,,,SHORT_SUCCESS,False,0.00032732473134688966,0.6,0.4
expanding,2015,2015-03-20T00:00:00Z,32615,NORMAL,0.3148423417892923,0.35190172322737934,0.0,0.44013188656402763,0.5199151877131178,0.0,25,True,,,LONG_SUCCESS,False,0.00032587085037305563,0.6,0.4
expanding,2015,2015-03-21T00:00:00Z,32639,NORMAL,0.33557782679197123,0.33466830878808645,0.0,0.3621989198621785,0.5889652987070195,0.0,25,True,,,SHORT_SUCCESS,False,6.922491051208901e-05,0.56,0.44
expanding,2015,2015-03-24T00:00:00Z,32663,VOLATILITY_CONTRACTION,0.31910724739251156,0.34476427238821244,0.0,0.3683418234858059,0.5505464639236182,0.0,25,True,,,LONG_SUCCESS,False,0.00032732473134688966,0.68,0.32
expanding,2015,2015-03-25T00:00:00Z,32687,NORMAL,0.32843000133425565,0.3308148226180038,0.0,0.4397586408902495,0.5187804055351622,0.0,25,True,,,SHORT_SUCCESS,False,0.00032732473134688966,0.72,0.28
expanding,2015,2015-03-26T00:00:00Z,32711,NORMAL,0.3081326426765304,0.3442457199461575,0.0,0.38059187525988036,0.5190820233648727,0.0,25,True,,,SHORT_SUCCESS,False,0.00025099227713831773,0.52,0.48
expanding,2015,2015-03-27T00:00:00Z,32735,NORMAL,0.32386446656075085,0.3346820077344295,0.0,0.5972654248810136,0.3658400852577064,0.0,25,True,,,LONG_SUCCESS,False,0.0011995498207422184,0.68,0.32
expanding,2015,2015-03-28T00:00:00Z,32759,NORMAL,0.33136107472980464,0.3287341473320605,0.0,0.47427272624974287,0.48560717591213387,0.0,25,True,,,LONG_SUCCESS,False,0.0002303160279004679,0.56,0.44
expanding,2015,2015-03-31T00:00:00Z,32783,TRENDING,0.3415143296361044,0.33351403190800444,0.0,0.46321507408200097,0.4985758477369571,0.0,25,True,,,SHORT_SUCCESS,False,0.0002488929398196671,0.6,0.4
expanding,2015,2015-04-01T00:00:00Z,32807,NORMAL,0.34792516514215754,0.3279618178905283,0.0,0.5661968817119664,0.4338031182880335,0.0,25,True,,,SHORT_SUCCESS,False,0.00047045984439320065,0.52,0.48
expanding,2015,2015-04-02T00:00:00Z,32831,NORMAL,0.3367260261221758,0.32871512921659923,0.0,0.5674004797563134,0.39346850649151505,0.0,25,True,,,LONG_SUCCESS,False,0.0004459612120633061,0.64,0.36
expanding,2015,2015-04-03T00:00:00Z,32855,NORMAL,0.35479248333252333,0.3171595733358786,0.0,0.47875188961005577,0.5212481103899439,0.0,25,True,,,SHORT_SUCCESS,False,0.0011986552397715844,0.64,0.36
expanding,2015,2015-04-04T00:00:00Z,32879,TRENDING,0.33994870973900315,0.3246858085599566,0.0,0.38688562136544685,0.5755607340659724,0.0,25,True,,,SHORT_SUCCESS,False,4.577454271359471e-05,0.52,0.48
expanding,2015,2015-04-07T00:00:00Z,32903,HIGH_VOLATILITY,0.32941254341691634,0.33957480810214496,0.0,0.6797188221256889,0.3202811778743111,0.0,25,True,,,LONG_SUCCESS,False,0.0005973922773492291,0.56,0.44
expanding,2015,2015-04-08T00:00:00Z,32927,NORMAL,0.35186601384526134,0.3294421440913414,0.0,0.5990212597129576,0.36322973687019544,0.0,25,True,,,SHORT_SUCCESS,False,-0.0006224031481252279,0.36,0.64
expanding,2015,2015-04-09T00:00:00Z,32951,NORMAL,0.3375630569741603,0.32615322379105366,0.0,0.4436105212233407,0.48020360952881985,0.0,25,True,,,SHORT_SUCCESS,False,-0.00018665374645387978,0.48,0.52
expanding,2015,2015-04-10T00:00:00Z,32975,VOLATILITY_EXPANSION,0.3355925039647035,0.32931153184161793,0.0,0.5179478833493811,0.4443429190279533,0.0,25,True,,,SHORT_SUCCESS,False,0.0004606061653862348,0.6,0.4
expanding,2015,2015-04-11T00:00:00Z,32999,HIGH_VOLATILITY,0.3590757794489001,0.31896132685823575,0.0,0.5734181964880674,0.4265818035119327,0.0,25,True,,,LONG_SUCCESS,False,4.577454271359471e-05,0.52,0.48
expanding,2015,2015-04-14T00:00:00Z,33023,NORMAL,0.34700506916128926,0.3310151279885245,0.0,0.36911218374507576,0.5880359095125438,0.0,25,True,,,SHORT_SUCCESS,False,-0.00012526418013325546,0.48,0.52
expanding,2015,2015-04-15T00:00:00Z,33047,VOLATILITY_CONTRACTION,0.35006210793058506,0.32145765839115636,0.0,0.43523790697124504,0.5267163456516717,0.0,25,True,,,LONG_SUCCESS,False,-1.0448980872435065e-05,0.48,0.52
expanding,2015,2015-04-16T00:00:00Z,33071,NORMAL,0.3227213687414689,0.3484799380003176,0.0,0.39389783441987264,0.5247958438656771,0.0,25,True,,,SHORT_SUCCESS,False,0.000751147801504759,0.64,0.36
expanding,2015,2015-04-17T00:00:00Z,33095,NORMAL,0.3297687879990248,0.33770259604251956,0.0,0.4919071508610294,0.4690867221983233,0.0,25,True,,,LONG_SUCCESS,False,0.0007679492326313486,0.64,0.36
expanding,2015,2015-04-18T00:00:00Z,33119,NORMAL,0.3215911326294414,0.34298717707119014,0.0,0.5155333511727707,0.48446664882722934,0.0,25,True,,,LONG_SUCCESS,False,0.0013508506034374257,0.64,0.36
expanding,2015,2015-04-21T00:00:00Z,33143,NORMAL,0.31824457548667695,0.3550417767792521,0.0,0.5683558668855214,0.43164413311447847,0.0,25,True,,,SHORT_SUCCESS,False,-0.0001798999492719222,0.4,0.6
expanding,2015,2015-04-22T00:00:00Z,33167,HIGH_VOLATILITY,0.3604447516035206,0.30540882925954993,0.0,0.6387345555019845,0.36126544449801545,0.0,25,True,,,LONG_SUCCESS,False,0.0004065184011556866,0.68,0.32
expanding,2015,2015-04-23T00:00:00Z,33191,HIGH_VOLATILITY,0.3697106759224795,0.31074182892706326,0.0,0.7129293599136971,0.28707064008630295,0.0,25,True,,,SHORT_SUCCESS,False,0.0012741507780700267,0.76,0.24
expanding,2015,2015-04-24T00:00:00Z,33215,NORMAL,0.34156610839181845,0.3195484467027173,0.0,0.36558654197722124,0.6344134580227789,0.0,25,True,,,LONG_SUCCESS,False,0.00038373541761171914,0.6,0.4
expanding,2015,2015-04-25T00:00:00Z,33239,HIGH_VOLATILITY,0.33321768537655155,0.3317676668083513,0.0,0.4997012338575091,0.4139290827799824,0.0,25,True,,,SHORT_SUCCESS,False,6.877970538154976e-05,0.52,0.48
expanding,2015,2015-04-28T00:00:00Z,33263,HIGH_VOLATILITY,0.3543082676242997,0.3253771826011313,0.0,0.5732262369289794,0.4267737630710206,0.0,25,True,,,LONG_SUCCESS,False,0.0008865428925128871,0.6,0.4
expanding,2015,2015-04-29T00:00:00Z,33287,HIGH_VOLATILITY,0.37113953628788077,0.3248953827971632,0.0,0.5162909965949067,0.48370900340509354,0.0,25,True,,,SHORT_SUCCESS,False,0.0008815372095347662,0.56,0.44
expanding,2015,2015-04-30T00:00:00Z,33311,NORMAL,0.3343908190794284,0.34489761722511275,0.0,0.5997793535440737,0.36248080148106177,0.0,25,True,,,SHORT_SUCCESS,False,0.0007209696424714807,0.72,0.28
expanding,2015,2015-05-01T00:00:00Z,33335,NORMAL,0.3186917461960693,0.34866789115589547,0.0,0.4063140279677081,0.5160493768619967,0.0,25,True,,,LONG_SUCCESS,False,-0.00018183178412245482,0.48,0.52
expanding,2015,2015-05-02T00:00:00Z,33359,NORMAL,0.3221747616399926,0.3397109799773512,0.0,0.43397885476429565,0.4895585533664522,0.0,25,True,,,SHORT_SUCCESS,False,-0.00046137150158742646,0.48,0.52
expanding,2015,2015-05-05T00:00:00Z,33383,NORMAL,0.3532139072904744,0.32805497104850834,0.0,0.45269658435898047,0.501685431371901,0.0,25,True,,,LONG_SUCCESS,False,-0.0004536699660329102,0.44,0.56
expanding,2015,2015-05-06T00:00:00Z,33407,NORMAL,0.33968039263836913,0.33403172837319106,0.0,0.4927853962811174,0.5072146037188826,0.0,25,True,,,LONG_SUCCESS,False,-0.0005142506539247416,0.32,0.68
expanding,2015,2015-05-07T00:00:00Z,33431,HIGH_VOLATILITY,0.33334136727844343,0.33643260567907823,0.0,0.5226058206020346,0.39954432036424303,0.0,25,True,,,LONG_SUCCESS,False,0.00019836542737738938,0.56,0.44
expanding,2015,2015-05-08T00:00:00Z,33455,NORMAL,0.31641154080010203,0.35362272779404347,0.0,0.41182057102832786,0.5424001047320149,0.0,25,True,,,SHORT_SUCCESS,False,-4.787318843613164e-05,0.48,0.52
expanding,2015,2015-05-09T00:00:00Z,33479,NORMAL,0.3143155408073307,0.3592654888830418,0.0,0.3971169446537792,0.5661570400469641,0.0,25,True,,,LONG_SUCCESS,False,0.00026030625123474316,0.56,0.44
expanding,2015,2015-05-12T00:00:00Z,33503,NORMAL,0.3545948318978594,0.3256632442580227,0.0,0.5170661442376925,0.44655173161659534,0.0,25,True,,,LONG_SUCCESS,False,0.0004730390190010869,0.64,0.36
expanding,2015,2015-05-13T00:00:00Z,33527,VOLATILITY_CONTRACTION,0.326080711505077,0.3555925339021944,0.0,0.36248417194848553,0.6375158280515144,0.0,25,True,,,SHORT_SUCCESS,False,0.0005033030971650643,0.56,0.44
expanding,2015,2015-05-14T00:00:00Z,33551,VOLATILITY_CONTRACTION,0.3129958304037624,0.3464540253715353,0.0,0.4393059334605215,0.5228112973067272,0.0,25,True,,,SHORT_SUCCESS,False,-0.0001262744039511876,0.44,0.56
expanding,2015,2015-05-15T00:00:00Z,33575,NORMAL,0.3380385794810053,0.3291603873621061,0.0,0.35626179926615115,0.5667883907721138,0.0,25,True,,,SHORT_SUCCESS,False,0.00018290910789908743,0.52,0.48
expanding,2015,2015-05-16T00:00:00Z,33599,TRENDING,0.3500156265130385,0.3281379300593289,0.0,0.4267026463199653,0.5732973536800346,0.0,25,True,,,SHORT_SUCCESS,False,-0.00036231630418936955,0.4,0.6
expanding,2015,2015-05-19T00:00:00Z,33623,NORMAL,0.36777414534989,0.3206122924652034,0.0,0.5179567113074042,0.48204328869259566,0.0,25,True,,,LONG_SUCCESS,False,0.0001354704968541398,0.56,0.44
expanding,2015,2015-05-20T00:00:00Z,33647,NORMAL,0.3441673166479002,0.31861363995621744,0.0,0.36299836079349246,0.5548926673450192,0.0,25,True,,,SHORT_SUCCESS,False,0.0003072612849477352,0.52,0.48
expanding,2015,2015-05-21T00:00:00Z,33671,HIGH_VOLATILITY,0.3363177698025808,0.32782243266141137,0.0,0.3606197827231764,0.4833790280983071,0.0,25,True,,,LONG_SUCCESS,False,0.00019058624153078796,0.52,0.48
expanding,2015,2015-05-22T00:00:00Z,33695,NORMAL,0.32774199949485916,0.33860528841904775,0.0,0.5522898568050527,0.36905497307978996,0.0,25,True,,,SHORT_SUCCESS,False,0.00023479197722187095,0.56,0.44
expanding,2015,2015-05-23T00:00:00Z,33719,NORMAL,0.3216735343943352,0.3518037131080439,0.0,0.18989245578437003,0.81010754421563,0.0,25,True,,,LONG_SUCCESS,False,-0.00010673965321761347,0.44,0.56
expanding,2015,2015-05-26T00:00:00Z,33743,NORMAL,0.34523110261517864,0.3324497790508595,0.0,0.6057566286220343,0.3511850145539745,0.0,25,True,,,SHORT_SUCCESS,False,0.0003841376168747246,0.52,0.48
expanding,2015,2015-05-27T00:00:00Z,33767,NORMAL,0.35627418541166417,0.3249265363995755,0.0,0.40109347352244523,0.5989065264775546,0.0,25,True,,,SHORT_SUCCESS,False,-0.0003068048408191304,0.48,0.52
expanding,2015,2015-05-28T00:00:00Z,33791,NORMAL,0.35363923884752324,0.3313045456926902,0.0,0.6797137927566381,0.3202862072433619,0.0,25,True,,,LONG_SUCCESS,False,-0.00011221562162111454,0.48,0.52
expanding,2015,2015-05-29T00:00:00Z,33815,LOW_VOLATILITY_RANGE,0.328385819338022,0.33249212392242034,0.0,0.5941748038488563,0.36867941400616666,0.0,25,True,,,LONG_SUCCESS,False,0.00026022355958454924,0.52,0.48
expanding,2015,2015-05-30T00:00:00Z,33839,NORMAL,0.3255786050246121,0.3350484077982625,0.0,0.43020900706402915,0.48812683582336763,0.0,25,True,,,SHORT_SUCCESS,False,0.000961508890139795,0.76,0.24
expanding,2015,2015-06-02T00:00:00Z,33863,NORMAL,0.32136776867561034,0.3564538246226245,0.0,0.5295980843358872,0.4319279510054639,0.0,25,True,,,LONG_SUCCESS,False,0.000902458386778493,0.6,0.4
expanding,2015,2015-06-03T00:00:00Z,33887,NORMAL,0.32101136700949046,0.34565093005496256,0.0,0.24971225964514113,0.7088342263222124,0.0,25,True,,,SHORT_SUCCESS,False,-5.159454436765021e-05,0.48,0.52
expanding,2015,2015-06-04T00:00:00Z,33911,TRENDING,0.3786217871917044,0.30401747606537005,0.0,0.6204229404100469,0.37957705958995286,0.0,25,True,,,LONG_SUCCESS,False,0.0008018053055833807,0.68,0.32
expanding,2015,2015-06-05T00:00:00Z,33935,VOLATILITY_EXPANSION,0.36108067882497036,0.31028965813125237,0.0,0.7117005451548126,0.2882994548451873,0.0,25,True,,,SHORT_SUCCESS,False,0.0013070510345549735,0.76,0.24
expanding,2015,2015-06-06T00:00:00Z,33959,HIGH_VOLATILITY,0.32356715089000426,0.34064760293130136,0.0,0.5147735692759183,0.4466102312961729,0.0,25,True,,,AMBIGUOUS_PATH,False,-4.998031447611684e-05,0.48,0.52
expanding,2015,2015-06-09T00:00:00Z,33983,HIGH_VOLATILITY,0.33747800843017856,0.33839037485753104,0.0,0.5541771557749687,0.4025460164872151,0.0,25,True,,,LONG_SUCCESS,False,0.0005973922773492291,0.56,0.44
expanding,2015,2015-06-10T00:00:00Z,34007,HIGH_VOLATILITY,0.3491975767705777,0.3306830435413651,0.0,0.5523534833481425,0.36415055498137106,0.0,25,True,,,SHORT_SUCCESS,False,0.00035217968525880217,0.68,0.32
expanding,2015,2015-06-11T00:00:00Z,34031,NORMAL,0.34769951890732387,0.3285177021639731,0.0,0.6746558875337819,0.28328645027553834,0.0,25,True,,,LONG_SUCCESS,False,0.0004459612120633061,0.64,0.36
expanding,2015,2015-06-12T00:00:00Z,34055,NORMAL,0.324580131597685,0.3352574892889287,0.0,0.48692222907758487,0.47213572001915227,0.0,25,True,,,SHORT_SUCCESS,False,0.00013779135115332686,0.6,0.4
expanding,2015,2015-06-13T00:00:00Z,34079,HIGH_VOLATILITY,0.3293440519168669,0.3425199879030887,0.0,0.5905420592538516,0.4094579407461484,0.0,25,True,,,LONG_SUCCESS,False,0.0012287505038117708,0.8,0.2
expanding,2015,2015-06-16T00:00:00Z,34103,NORMAL,0.3531166000644931,0.3355644248445822,0.0,0.7262073998819149,0.27379260011808493,0.0,25,True,,,LONG_SUCCESS,False,-0.00015780086043093444,0.44,0.56
expanding,2015,2015-06-17T00:00:00Z,34127,HIGH_VOLATILITY,0.35832900868880824,0.33093106302284925,0.0,0.47884153956908604,0.5211584604309141,0.0,25,True,,,SHORT_SUCCESS,False,-0.0007520451264428907,0.32,0.68
expanding,2015,2015-06-18T00:00:00Z,34151,VOLATILITY_CONTRACTION,0.33665429233905486,0.3369474321741435,0.0,0.489275924049471,0.4321428924125606,0.0,25,True,,,SHORT_SUCCESS,False,1.733241451118417e-05,0.52,0.48
expanding,2015,2015-06-19T00:00:00Z,34175,NORMAL,0.33712056878665175,0.3320060003662714,0.0,0.4888320264631551,0.3937235421697657,0.0,25,True,,,SHORT_SUCCESS,False,0.0004591117959000801,0.52,0.48
expanding,2015,2015-06-20T00:00:00Z,34199,NORMAL,0.31445025924140757,0.3547086974758238,0.0,0.41058094533786027,0.5894190546621396,0.0,25,True,,,LONG_SUCCESS,False,0.00017735381614558676,0.6,0.4
expanding,2015,2015-06-23T00:00:00Z,34223,LOW_VOLATILITY_RANGE,0.32634250342775456,0.3413924434588098,0.0,0.31772984701374823,0.6430462033510055,0.0,25,True,,,LONG_SUCCESS,False,-0.0006628815066084259,0.36,0.64
expanding,2015,2015-06-24T00:00:00Z,34247,NORMAL,0.35906485669033705,0.3174994715779957,0.0,0.5248285970022037,0.4751714029977963,0.0,25,True,,,SHORT_SUCCESS,False,0.0011986552397715844,0.68,0.32
expanding,2015,2015-06-25T00:00:00Z,34271,LOW_VOLATILITY_RANGE,0.3453310090392245,0.32713327324224745,0.0,0.6131581155156612,0.3484147373517646,0.0,25,True,,,AMBIGUOUS_PATH,False,-0.00041344562978329336,0.4,0.6
expanding,2015,2015-06-26T00:00:00Z,34295,NORMAL,0.3470990073966182,0.33105565763560063,0.0,0.3677063798375219,0.5935175673166196,0.0,25,True,,,LONG_SUCCESS,False,-0.0002200354813828298,0.4,0.6
expanding,2015,2015-06-27T00:00:00Z,34319,NORMAL,0.33160216026194816,0.3426332462827026,0.0,0.4821641058638018,0.47772164632963376,0.0,25,True,,,SHORT_SUCCESS,False,0.0004959171415570562,0.64,0.36
expanding,2015,2015-06-30T00:00:00Z,34343,NORMAL,0.33734321205162304,0.3318433043257651,0.0,0.4125126156564778,0.5054947534781062,0.0,25,True,,,LONG_SUCCESS,False,5.647970600919372e-05,0.52,0.48
expanding,2015,2015-07-01T00:00:00Z,34367,NORMAL,0.3458075541266738,0.32882775466742425,0.0,0.4002402391546238,0.4448795566755533,0.0,25,True,,,SHORT_SUCCESS,False,0.0003072612849477352,0.56,0.44
expanding,2015,2015-07-02T00:00:00Z,34391,NORMAL,0.3542989078601514,0.3268211729966756,0.0,0.4346512378489256,0.5266357274750196,0.0,25,True,,,SHORT_SUCCESS,False,-0.0003068048408191304,0.4,0.6
expanding,2015,2015-07-03T00:00:00Z,34415,NORMAL,0.34988153411993583,0.3215180952387114,0.0,0.4490238340417691,0.4723345421707047,0.0,25,True,,,LONG_SUCCESS,False,0.0004591117959000801,0.56,0.44
expanding,2015,2015-07-04T00:00:00Z,34439,NORMAL,0.3343494404067316,0.33838892054774006,0.0,0.5224329842999861,0.36085426648596175,0.0,25,True,,,SHORT_SUCCESS,False,0.0008053545807868989,0.64,0.36
expanding,2015,2015-07-07T00:00:00Z,34463,NORMAL,0.3567435181139006,0.32519627683663144,0.0,0.4851804962822898,0.47299693842774954,0.0,25,True,,,LONG_SUCCESS,False,-0.0007004050896672886,0.28,0.72
expanding,2015,2015-07-08T00:00:00Z,34487,NORMAL,0.3434218722075694,0.3370705164618944,0.0,0.5312647103406773,0.43166943970610105,0.0,25,True,,,LONG_SUCCESS,False,0.0013727484330883222,0.64,0.36
expanding,2015,2015-07-09T00:00:00Z,34511,CRISIS,0.32411420675909747,0.348333136871635,0.0,0.3223991649403658,0.553910834335285,0.0,25,True,,,SHORT_SUCCESS,False,0.00029434348824675105,0.6,0.4
expanding,2015,2015-07-10T00:00:00Z,34535,NORMAL,0.3514280274846852,0.3192643919494312,0.0,0.4763818816226696,0.48494291629964753,0.0,25,True,,,SHORT_SUCCESS,False,0.00030507957162773103,0.64,0.36
expanding,2015,2015-07-11T00:00:00Z,34559,NORMAL,0.31605976648596007,0.36230290066868304,0.0,0.5091318089501765,0.49086819104982343,0.0,25,True,,,SHORT_SUCCESS,False,0.00026030625123474316,0.6,0.4
expanding,2015,2015-07-14T00:00:00Z,34583,NORMAL,0.34258251729292627,0.34028361400866886,0.0,0.48536594822207735,0.47729182285350225,0.0,25,True,,,LONG_SUCCESS,False,-0.0007112265614848123,0.36,0.64
expanding,2015,2015-07-15T00:00:00Z,34607,NORMAL,0.34763812274707073,0.3401303003571734,0.0,0.35349118752261605,0.646508812477384,0.0,25,True,,,SHORT_SUCCESS,False,-0.0003068048408191304,0.4,0.6
expanding,2015,2015-07-16T00:00:00Z,34631,NORMAL,0.32856945731324994,0.3483747484584472,0.0,0.48172387516341547,0.5182761248365845,0.0,25,True,,,SHORT_SUCCESS,False,0.0001259749411941513,0.56,0.44
expanding,2015,2015-07-17T00:00:00Z,34655,VOLATILITY_CONTRACTION,0.3170665653246567,0.3436781272187854,0.0,0.4491731164221634,0.5140732754787884,0.0,25,True,,,SHORT_SUCCESS,False,-0.0004376546426425598,0.32,0.68
expanding,2015,2015-07-18T00:00:00Z,34679,NORMAL,0.322682376901783,0.33606041128653563,0.0,0.4156363679201627,0.5019191734623564,0.0,25,True,,,SHORT_SUCCESS,False,-0.0005938520567116967,0.44,0.56
expanding,2015,2015-07-21T00:00:00Z,34703,NORMAL,0.3329226812157691,0.3512458111409647,0.0,0.5512795907985034,0.44872040920149703,0.0,25,True,,,AMBIGUOUS_PATH,False,-0.00020582983374750619,0.36,0.64
expanding,2015,2015-07-22T00:00:00Z,34727,NORMAL,0.337395452156354,0.33362913159989865,0.0,0.46770612424753233,0.4904732068036754,0.0,25,True,,,SHORT_SUCCESS,False,-0.0003975559143609697,0.48,0.52
expanding,2015,2015-07-23T00:00:00Z,34751,NORMAL,0.3105738072766778,0.3446858886877307,0.0,0.3208671913435912,0.5538722515391058,0.0,25,True,,,LONG_SUCCESS,False,-0.0001262744039511876,0.48,0.52
expanding,2015,2015-07-24T00:00:00Z,34775,LOW_VOLATILITY_RANGE,0.31729189386713325,0.3398140150257803,0.0,0.3279832252310336,0.6300210783947223,0.0,25,True,,,LONG_SUCCESS,False,0.00013369091710924152,0.52,0.48
expanding,2015,2015-07-25T00:00:00Z,34799,NORMAL,0.32865926818750474,0.3380554548805841,0.0,0.6506267728505678,0.3493732271494324,0.0,25,True,,,SHORT_SUCCESS,False,0.0003622367361988399,0.56,0.44
expanding,2015,2015-07-28T00:00:00Z,34823,VOLATILITY_EXPANSION,0.34700398965634444,0.3309766013303659,0.0,0.5595304087672888,0.4404695912327111,0.0,25,True,,,LONG_SUCCESS,False,0.0003841376168747246,0.52,0.48
expanding,2015,2015-07-29T00:00:00Z,34847,NORMAL,0.33112795369912273,0.33848946036301064,0.0,0.44220252682620426,0.5201433432002037,0.0,25,True,,,SHORT_SUCCESS,False,0.00012915531987101048,0.6,0.4
expanding,2015,2015-07-30T00:00:00Z,34871,NORMAL,0.3353310807686532,0.3350606251073276,0.0,0.44010657675628073,0.5088829517835562,0.0,25,True,,,LONG_SUCCESS,False,0.00019608519723024465,0.56,0.44
expanding,2015,2015-07-31T00:00:00Z,34895,HIGH_VOLATILITY,0.3751617325697141,0.30757005457383074,0.0,0.6029138252480502,0.3970861747519497,0.0,25,True,,,SHORT_SUCCESS,False,0.0009568887402853221,0.6,0.4
expanding,2015,2015-08-01T00:00:00Z,34919,NORMAL,0.33796033132648723,0.3265528015537602,0.0,0.47860832710347356,0.4790540189263695,0.0,25,True,,,LONG_SUCCESS,False,-9.495216065680268e-05,0.48,0.52
expanding,2015,2015-08-04T00:00:00Z,34943,HIGH_VOLATILITY,0.3328792580170517,0.34407397475028295,0.0,0.5181304585634391,0.48186954143656086,0.0,25,True,,,LONG_SUCCESS,False,0.00012915531987101048,0.52,0.48
expanding,2015,2015-08-05T00:00:00Z,34967,NORMAL,0.3453497248370167,0.339912257429567,0.0,0.5096157114661656,0.4119083770029585,0.0,25,True,,,SHORT_SUCCESS,False,0.0007081475131078818,0.72,0.28
expanding,2015,2015-08-06T00:00:00Z,34991,NORMAL,0.3337574673100718,0.3449553372941016,0.0,0.39854896941396956,0.5605939805241893,0.0,25,True,,,SHORT_SUCCESS,False,0.0005172653088365564,0.6,0.4
expanding,2015,2015-08-07T00:00:00Z,35015,VOLATILITY_CONTRACTION,0.3440485518923766,0.33436959174144015,0.0,0.7563512022078231,0.24364879779217688,0.0,25,True,,,LONG_SUCCESS,False,0.0002303160279004679,0.52,0.48
expanding,2015,2015-08-08T00:00:00Z,35039,NORMAL,0.3169942377683839,0.35373904206822054,0.0,0.440692126098923,0.4856447196823548,0.0,25,True,,,SHORT_SUCCESS,False,0.00013369091710924152,0.56,0.44
expanding,2015,2015-08-11T00:00:00Z,35063,NORMAL,0.3133887534449189,0.3596781282496721,0.0,0.3401086458028547,0.5834739147638963,0.0,25,True,,,SHORT_SUCCESS,False,0.0001259749411941513,0.56,0.44
expanding,2015,2015-08-12T00:00:00Z,35087,NORMAL,0.3301239067436387,0.34247296064767924,0.0,0.5064586126078212,0.40291920287538824,0.0,25,True,,,SHORT_SUCCESS,False,0.0002304859850588148,0.6,0.4
expanding,2015,2015-08-13T00:00:00Z,35111,NORMAL,0.3359398911744932,0.33352897606229437,0.0,0.3508161242926123,0.6126533175362434,0.0,25,True,,,SHORT_SUCCESS,False,-0.00017546737152895897,0.4,0.6
expanding,2015,2015-08-14T00:00:00Z,35135,TRENDING,0.3516436772052452,0.3232225136361476,0.0,0.43832625512151274,0.5234786256713994,0.0,25,True,,,SHORT_SUCCESS,False,0.0012387970953391392,0.6,0.4
expanding,2015,2015-08-15T00:00:00Z,35159,NORMAL,0.3233389690529206,0.3319515486366583,0.0,0.37636357327215986,0.5471043948531538,0.0,25,True,,,SHORT_SUCCESS,False,-0.0006107048177176333,0.44,0.56
expanding,2015,2015-08-18T00:00:00Z,35183,VOLATILITY_CONTRACTION,0.31127058100548144,0.3535662382761366,0.0,0.31756541056588483,0.6438007557019855,0.0,25,True,,,LONG_SUCCESS,False,-0.00031132045470372294,0.36,0.64
expanding,2015,2015-08-19T00:00:00Z,35207,NORMAL,0.32074999715142916,0.3524061251541035,0.0,0.3262474780805979,0.6353308373807931,0.0,25,True,,,SHORT_SUCCESS,False,-0.0001929706745064097,0.4,0.6
expanding,2015,2015-08-20T00:00:00Z,35231,TRENDING,0.3497840039218687,0.32062509603222805,0.0,0.35108243918365123,0.6094603932295556,0.0,25,True,,,AMBIGUOUS_PATH,False,0.000613266252226019,0.64,0.36
expanding,2015,2015-08-21T00:00:00Z,35255,NORMAL,0.3228665426194565,0.3472704024322258,0.0,0.4400264054862224,0.5599735945137776,0.0,25,True,,,LONG_SUCCESS,False,0.0006021799347002421,0.68,0.32
expanding,2015,2015-08-22T00:00:00Z,35279,NORMAL,0.33449300813903987,0.3210798240404557,0.0,0.4678531571610581,0.4539118432731276,0.0,25,True,,,LONG_SUCCESS,False,0.0002460511668402887,0.6,0.4
expanding,2015,2015-08-25T00:00:00Z,35303,NORMAL,0.3427072396717258,0.33365513348268216,0.0,0.6595850376454655,0.34041496235453456,0.0,25,True,,,LONG_SUCCESS,False,-0.00012526418013325546,0.48,0.52
expanding,2015,2015-08-26T00:00:00Z,35327,NORMAL,0.333814651492653,0.3448482977198525,0.0,0.5261004788588264,0.43271326240592334,0.0,25,True,,,LONG_SUCCESS,False,0.000751147801504759,0.68,0.32
expanding,2015,2015-08-27T00:00:00Z,35351,LOW_VOLATILITY_RANGE,0.3453869645561928,0.3376352085767359,0.0,0.644846567050467,0.3170160084524405,0.0,25,True,,,LONG_SUCCESS,False,-0.00017546737152895897,0.44,0.56
expanding,2015,2015-08-28T00:00:00Z,35375,NORMAL,0.3318536158708305,0.3369594141305126,0.0,0.6476593190592602,0.19992921008244882,0.0,25,True,,,LONG_SUCCESS,False,0.000309971470401349,0.56,0.44
expanding,2015,2015-08-29T00:00:00Z,35399,NORMAL,0.31525438544035406,0.34681457085726264,0.0,0.35149507001913927,0.611686764654506,0.0,25,True,,,SHORT_SUCCESS,False,-5.372875349374251e-05,0.44,0.56
expanding,2015,2015-09-01T00:00:00Z,35423,HIGH_VOLATILITY,0.3372070811046241,0.3439527391619471,0.0,0.7183508995999304,0.2816491004000697,0.0,25,True,,,LONG_SUCCESS,False,-8.845940134138974e-05,0.48,0.52
expanding,2015,2015-09-02T00:00:00Z,35447,NORMAL,0.3229452988609527,0.3391889291664887,0.0,0.4439715012973214,0.5560284987026788,0.0,25,True,,,LONG_SUCCESS,False,-0.00024033772328102554,0.44,0.56
expanding,2015,2015-09-03T00:00:00Z,35471,TRENDING,0.3574623608749967,0.31543508533761383,0.0,0.4758181656471805,0.5241818343528195,0.0,25,True,,,LONG_SUCCESS,False,0.0010231759253847006,0.68,0.32
expanding,2015,2015-09-04T00:00:00Z,35495,TRENDING,0.35534546294526964,0.3234085150122155,0.0,0.4433912525012285,0.5183178873948684,0.0,25,True,,,SHORT_SUCCESS,False,0.0005433696789154396,0.6,0.4
expanding,2015,2015-09-05T00:00:00Z,35519,NORMAL,0.3412807738318212,0.33418973546672415,0.0,0.5393513698681529,0.41737664006999814,0.0,25,True,,,LONG_SUCCESS,False,0.0008053545807868989,0.8,0.2
expanding,2015,2015-09-08T00:00:00Z,35543,TRENDING,0.3959686969338494,0.3034998175927769,0.0,0.6049056770721144,0.35650587121141747,0.0,25,True,,,LONG_SUCCESS,False,-0.00019368003165110004,0.48,0.52
expanding,2015,2015-09-09T00:00:00Z,35567,NORMAL,0.3501636996731774,0.327134677286545,0.0,0.4314871574363802,0.5284489115702227,0.0,25,True,,,LONG_SUCCESS,False,-1.0448980872435065e-05,0.48,0.52
expanding,2015,2015-09-10T00:00:00Z,35591,NORMAL,0.3464221331177089,0.32721351530614085,0.0,0.5916225213599595,0.28710887157472065,0.0,25,True,,,LONG_SUCCESS,False,0.0008984389135548998,0.72,0.28
expanding,2015,2015-09-11T00:00:00Z,35615,LOW_VOLATILITY_RANGE,0.32777400098503073,0.34893639686578815,0.0,0.4465523891861333,0.5534476108138667,0.0,25,True,,,LONG_SUCCESS,False,0.00013369091710924152,0.52,0.48
expanding,2015,2015-09-12T00:00:00Z,35639,LOW_VOLATILITY_RANGE,0.3255819793553733,0.3422118787437377,0.0,0.5624124719775696,0.39991471444187565,0.0,25,True,,,LONG_SUCCESS,False,0.000297773141310298,0.6,0.4
expanding,2015,2015-09-15T00:00:00Z,35663,NORMAL,0.3341955957740483,0.34305612691822973,0.0,0.20735189847483493,0.6769592765844346,0.0,25,True,,,AMBIGUOUS_PATH,False,-0.00012526418013325546,0.48,0.52
expanding,2015,2015-09-16T00:00:00Z,35687,NORMAL,0.34596810687160306,0.3216292660618018,0.0,0.534474557757595,0.465525442242405,0.0,25,True,,,SHORT_SUCCESS,False,-0.00015780086043093444,0.48,0.52
expanding,2015,2015-09-17T00:00:00Z,35711,NORMAL,0.3517943869887951,0.3203139244745364,0.0,0.598161211629972,0.36230111145468263,0.0,25,True,,,LONG_SUCCESS,False,0.0006775364469977507,0.6,0.4
expanding,2015,2015-09-18T00:00:00Z,35735,HIGH_VOLATILITY,0.3277724803456554,0.33604403461894905,0.0,0.5620432964649051,0.3258067446647608,0.0,25,True,,,SHORT_SUCCESS,False,0.00019836542737738938,0.52,0.48
expanding,2015,2015-09-19T00:00:00Z,35759,NORMAL,0.310174310061369,0.3616344452664962,0.0,0.3964523649623569,0.6035476350376435,0.0,25,True,,,LONG_SUCCESS,False,0.00036371780127053555,0.64,0.36
expanding,2015,2015-09-22T00:00:00Z,35783,NORMAL,0.33756784314279853,0.31454962773980577,0.0,0.5903106817304182,0.4096893182695818,0.0,25,True,,,SHORT_SUCCESS,False,0.0001354704968541398,0.56,0.44
expanding,2015,2015-09-23T00:00:00Z,35807,VOLATILITY_EXPANSION,0.3398691279011168,0.33050363445782815,0.0,0.5921199005159558,0.4078800994840443,0.0,25,True,,,SHORT_SUCCESS,False,-0.0003683471250260917,0.48,0.52
expanding,2015,2015-09-24T00:00:00Z,35831,VOLATILITY_EXPANSION,0.33954199656977985,0.3311221698288849,0.0,0.6418515928403072,0.283917989969009,0.0,25,True,,,SHORT_SUCCESS,False,0.00023479197722187095,0.52,0.48
expanding,2015,2015-09-25T00:00:00Z,35855,HIGH_VOLATILITY,0.3348300661360424,0.34189243369547756,0.0,0.3986336260543819,0.5634782438582135,0.0,25,True,,,LONG_SUCCESS,False,0.00038325076088385757,0.6,0.4
expanding,2015,2015-09-26T00:00:00Z,35879,HIGH_VOLATILITY,0.3466063197559962,0.3305956308476763,0.0,0.5498962716966438,0.4097404627925692,0.0,25,True,,,LONG_SUCCESS,False,5.375069753266182e-05,0.52,0.48
expanding,2015,2015-09-29T00:00:00Z,35903,NORMAL,0.3385407722348982,0.34011722574998376,0.0,0.3597141625403432,0.6005146127131195,0.0,25,True,,,SHORT_SUCCESS,False,-0.0004455345729235116,0.44,0.56
expanding,2015,2015-09-30T00:00:00Z,35927,HIGH_VOLATILITY,0.357300457084283,0.3297565162657016,0.0,0.441234483593021,0.4741758930828098,0.0,25,True,,,SHORT_SUCCESS,False,-0.0003068048408191304,0.48,0.52
expanding,2015,2015-10-01T00:00:00Z,35951,NORMAL,0.3425486810558237,0.3352667942175168,0.0,0.43863952319349964,0.5613604768065005,0.0,25,True,,,LONG_SUCCESS,False,0.0005142394585599952,0.64,0.36
expanding,2015,2015-10-02T00:00:00Z,35975,NORMAL,0.33155620899997895,0.3433647943889313,0.0,0.6154460064484822,0.3121654918529926,0.0,25,True,,,LONG_SUCCESS,False,0.0007209696424714807,0.64,0.36
expanding,2015,2015-10-03T00:00:00Z,35999,NORMAL,0.3281012243408803,0.3499595784087903,0.0,0.2503490015028424,0.6761436784453247,0.0,25,True,,,SHORT_SUCCESS,False,-8.802945950781016e-05,0.48,0.52
expanding,2015,2015-10-06T00:00:00Z,36023,VOLATILITY_CONTRACTION,0.3306066853417141,0.34891297753058825,0.0,0.24254986688990138,0.7154241529148782,0.0,25,True,,,LONG_SUCCESS,False,-0.0007541709257230522,0.32,0.68
expanding,2015,2015-10-07T00:00:00Z,36047,NORMAL,0.3451735343859506,0.33156748441705186,0.0,0.39090109441815446,0.4943787084881453,0.0,25,True,,,SHORT_SUCCESS,False,0.000735399017567584,0.6,0.4
expanding,2015,2015-10-08T00:00:00Z,36071,NORMAL,0.3306131914582263,0.3366724662172234,0.0,0.476665686664258,0.523334313335742,0.0,25,True,,,LONG_SUCCESS,False,0.0005343453261521525,0.6,0.4
expanding,2015,2015-10-09T00:00:00Z,36095,NORMAL,0.3151047377705497,0.3396067842356025,0.0,0.3621553247506568,0.5971916960574687,0.0,25,True,,,LONG_SUCCESS,False,-0.00017290138957493095,0.48,0.52
expanding,2015,2015-10-10T00:00:00Z,36119,NORMAL,0.31966359985861015,0.349463003982024,0.0,0.30909094698518935,0.6512357584246381,0.0,25,True,,,LONG_SUCCESS,False,0.00017735381614558676,0.52,0.48
expanding,2015,2015-10-13T00:00:00Z,36143,NORMAL,0.3240896140624838,0.35000538449212015,0.0,0.620282900540401,0.3797170994595988,0.0,25,True,,,AMBIGUOUS_PATH,False,-0.0001798999492719222,0.48,0.52
expanding,2015,2015-10-14T00:00:00Z,36167,HIGH_VOLATILITY,0.34983293597401866,0.32814936360987246,0.0,0.5651288973155077,0.39720068424762833,0.0,25,True,,,LONG_SUCCESS,False,0.0009106536452792025,0.72,0.28
expanding,2015,2015-10-15T00:00:00Z,36191,VOLATILITY_CONTRACTION,0.31656946106724587,0.34792211688206093,0.0,0.38698847295517735,0.484565222666495,0.0,25,True,,,SHORT_SUCCESS,False,0.0001259749411941513,0.52,0.48
expanding,2015,2015-10-16T00:00:00Z,36215,NORMAL,0.34001992744884835,0.33114271207185536,0.0,0.473802138205231,0.4848318967195033,0.0,25,True,,,LONG_SUCCESS,False,0.00028851991133294064,0.56,0.44
expanding,2015,2015-10-17T00:00:00Z,36239,VOLATILITY_CONTRACTION,0.33171354143282067,0.32629802608541625,0.0,0.49617316540090334,0.42614710522792904,0.0,25,True,,,LONG_SUCCESS,False,0.0005525061883504545,0.64,0.36
expanding,2015,2015-10-20T00:00:00Z,36263,NORMAL,0.34924116858158993,0.33119582083443605,0.0,0.4799628191474072,0.4788507330999696,0.0,25,True,,,SHORT_SUCCESS,False,-0.0005142506539247416,0.4,0.6
expanding,2015,2015-10-21T00:00:00Z,36287,NORMAL,0.3434218996444333,0.32801527553834914,0.0,0.4695087561084532,0.4874735584066923,0.0,25,True,,,LONG_SUCCESS,False,5.647970600919372e-05,0.52,0.48
expanding,2015,2015-10-22T00:00:00Z,36311,NORMAL,0.32274298428447146,0.34461185407909817,0.0,0.44088008257138284,0.484532759602587,0.0,25,True,,,LONG_SUCCESS,False,0.00025099227713831773,0.52,0.48
expanding,2015,2015-10-23T00:00:00Z,36335,NORMAL,0.36218720695448364,0.31132589874823624,0.0,0.40828584107504556,0.5527488009326097,0.0,25,True,,,SHORT_SUCCESS,False,0.0010231759253847006,0.56,0.44
expanding,2015,2015-10-24T00:00:00Z,36359,VOLATILITY_CONTRACTION,0.3074674542550354,0.3649048066649053,0.0,0.47927599203871274,0.5207240079612874,0.0,25,True,,,SHORT_SUCCESS,False,0.00011536421837887723,0.52,0.48
expanding,2015,2015-10-27T00:00:00Z,36383,VOLATILITY_CONTRACTION,0.32206977490867117,0.3454886850799982,0.0,0.31737304764044,0.6450198276964427,0.0,25,True,,,SHORT_SUCCESS,False,-0.0003537718846209348,0.48,0.52
expanding,2015,2015-10-28T00:00:00Z,36407,NORMAL,0.31771186426121323,0.35048615047992876,0.0,0.23709613872501514,0.7629038612749851,0.0,25,True,,,LONG_SUCCESS,False,-0.0006628815066084259,0.32,0.68
expanding,2015,2015-10-29T00:00:00Z,36431,LOW_VOLATILITY_RANGE,0.3250524062958949,0.33551832425625944,0.0,0.3657251076862292,0.5981299594918933,0.0,25,True,,,SHORT_SUCCESS,False,0.0006589023019032414,0.76,0.24
expanding,2015,2015-10-30T00:00:00Z,36455,NORMAL,0.3105608985623495,0.3557599728978242,0.0,0.28924861210466685,0.6342675985780923,0.0,25,True,,,LONG_SUCCESS,False,0.00017735381614558676,0.56,0.44
expanding,2015,2015-10-31T00:00:00Z,36479,NORMAL,0.31080125472608217,0.34447069498159405,0.0,0.4901465221247498,0.42790774876095883,0.0,25,True,,,LONG_SUCCESS,False,-0.0003886956801254504,0.4,0.6
expanding,2015,2015-11-03T00:00:00Z,36503,NORMAL,0.33305246310798425,0.33368866312647816,0.0,0.3919157172368329,0.5280661550941609,0.0,25,True,,,SHORT_SUCCESS,False,-0.0002724938998812654,0.36,0.64
expanding,2015,2015-11-04T00:00:00Z,36527,NORMAL,0.32752408089478263,0.338562952725356,0.0,0.4407854085107219,0.4316914355290515,0.0,25,True,,,LONG_SUCCESS,False,0.0005423132899582406,0.56,0.44
expanding,2015,2015-11-05T00:00:00Z,36551,NORMAL,0.3364920233521623,0.3283884019892195,0.0,0.5998065196798845,0.32406613461228595,0.0,25,True,,,SHORT_SUCCESS,False,0.0004959171415570562,0.64,0.36
expanding,2015,2015-11-06T00:00:00Z,36575,NORMAL,0.32682438903211797,0.3328058142959928,0.0,0.3187587569001046,0.6812412430998956,0.0,25,True,,,LONG_SUCCESS,False,-0.0007424994783140626,0.4,0.6
expanding,2015,2015-11-07T00:00:00Z,36599,NORMAL,0.34948858799552734,0.3334468610706269,0.0,0.5578117894713199,0.4421882105286801,0.0,25,True,,,SHORT_SUCCESS,False,0.0003622367361988399,0.68,0.32
expanding,2015,2015-11-10T00:00:00Z,36623,NORMAL,0.3440213332846848,0.33431707534082417,0.0,0.45426601992067334,0.5061937970365423,0.0,25,True,,,SHORT_SUCCESS,False,-0.00015780086043093444,0.44,0.56
expanding,2015,2015-11-11T00:00:00Z,36647,VOLATILITY_EXPANSION,0.34862500522257556,0.3241622245302124,0.0,0.6026835452237239,0.35590420234848724,0.0,25,True,,,SHORT_SUCCESS,False,0.0004959171415570562,0.6,0.4
expanding,2015,2015-11-12T00:00:00Z,36671,NORMAL,0.34007621272465244,0.3291925563229165,0.0,0.5585766617815604,0.3999368882982819,0.0,25,True,,,SHORT_SUCCESS,False,0.0007081475131078818,0.72,0.28
expanding,2015,2015-11-13T00:00:00Z,36695,NORMAL,0.34780112827568904,0.3253184556438416,0.0,0.4025273404333381,0.5566250747869986,0.0,25,True,,,LONG_SUCCESS,False,0.0005142394585599952,0.64,0.36
expanding,2015,2015-11-14T00:00:00Z,36719,NORMAL,0.3258768607965756,0.35199767837006674,0.0,0.5202104668426023,0.4797895331573976,0.0,25,True,,,SHORT_SUCCESS,False,0.00011756467665580139,0.52,0.48
expanding,2015,2015-11-17T00:00:00Z,36743,VOLATILITY_CONTRACTION,0.36099527165239326,0.33308242489126116,0.0,0.4497231111763511,0.5030364184286609,0.0,25,True,,,LONG_SUCCESS,False,-0.00034341124451264804,0.44,0.56
expanding,2015,2015-11-18T00:00:00Z,36767,VOLATILITY_CONTRACTION,0.3410408223699081,0.3421474642578594,0.0,0.5017255897426004,0.4982744102573997,0.0,25,True,,,SHORT_SUCCESS,False,0.0002488929398196671,0.56,0.44
expanding,2015,2015-11-19T00:00:00Z,36791,LOW_VOLATILITY_RANGE,0.32505922324422176,0.33592864551570334,0.0,0.4508285154217596,0.4706631758634623,0.0,25,True,,,LONG_SUCCESS,False,-0.0001262744039511876,0.48,0.52
expanding,2015,2015-11-20T00:00:00Z,36815,NORMAL,0.34217071533158705,0.3299772479679583,0.0,0.4849352610404517,0.47725460550658205,0.0,25,True,,,SHORT_SUCCESS,False,-0.0002958047568897282,0.4,0.6
expanding,2015,2015-11-21T00:00:00Z,36839,NORMAL,0.341871058820734,0.31575660538661654,0.0,0.401458290239866,0.5554258906225722,0.0,25,True,,,LONG_SUCCESS,False,6.922491051208901e-05,0.56,0.44
expanding,2015,2015-11-24T00:00:00Z,36863,NORMAL,0.33089019368139216,0.3357476391493705,0.0,0.4436823511554425,0.5176261987283376,0.0,25,True,,,LONG_SUCCESS,False,-0.00015780086043093444,0.44,0.56
expanding,2015,2015-11-25T00:00:00Z,36887,NORMAL,0.3412030537378056,0.3232552439183399,0.0,0.5624602046823397,0.3903946322852826,0.0,25,True,,,SHORT_SUCCESS,False,-0.00014103228864748019,0.48,0.52
expanding,2015,2015-11-26T00:00:00Z,36911,HIGH_VOLATILITY,0.3461267796773989,0.32693683811323,0.0,0.715735485259008,0.2000481816782025,0.0,25,True,,,SHORT_SUCCESS,False,0.0015172617775054409,0.64,0.36
expanding,2015,2015-11-27T00:00:00Z,36935,NORMAL,0.3408187335230449,0.3344858836698895,0.0,0.44938609925940953,0.5144897481512707,0.0,25,True,,,SHORT_SUCCESS,False,0.0003319349493717816,0.56,0.44
expanding,2015,2015-11-28T00:00:00Z,36959,HIGH_VOLATILITY,0.32052792641155814,0.3503624734013173,0.0,0.2625067381966687,0.6968694192660483,0.0,25,True,,,LONG_SUCCESS,False,-0.00017290138957493095,0.36,0.64
expanding,2015,2015-12-01T00:00:00Z,36983,VOLATILITY_CONTRACTION,0.3402197428539963,0.3444773329170902,0.0,0.3604683372754903,0.5614482228739544,0.0,25,True,,,SHORT_SUCCESS,False,-0.0003788763989753807,0.44,0.56
expanding,2015,2015-12-02T00:00:00Z,37007,VOLATILITY_CONTRACTION,0.33435305807837035,0.3327874144409015,0.0,0.4997390410582605,0.46460886839876253,0.0,25,True,,,LONG_SUCCESS,False,-0.00034111773198652884,0.48,0.52
expanding,2015,2015-12-03T00:00:00Z,37031,TRENDING,0.351439649565208,0.3228017493981867,0.0,0.23172877256266047,0.6914785088633021,0.0,25,True,,,LONG_SUCCESS,False,-0.000143853167721808,0.4,0.6
expanding,2015,2015-12-04T00:00:00Z,37055,VOLATILITY_EXPANSION,0.3328923834269119,0.3374657679555192,0.0,0.5634296307148495,0.4365703692851507,0.0,25,True,,,SHORT_SUCCESS,False,0.00017569234142689183,0.52,0.48
expanding,2015,2015-12-05T00:00:00Z,37079,VOLATILITY_EXPANSION,0.3341457220752777,0.33371943668466264,0.0,0.5595888957521763,0.3974517828505828,0.0,25,True,,,SHORT_SUCCESS,False,1.7778193859285807e-06,0.52,0.48
expanding,2015,2015-12-08T00:00:00Z,37103,NORMAL,0.3746130010806144,0.3128630078908782,0.0,0.5588048554615621,0.4411951445384381,0.0,25,True,,,LONG_SUCCESS,False,0.0003123458459963757,0.6,0.4
expanding,2015,2015-12-09T00:00:00Z,37127,NORMAL,0.3456016736856399,0.33913666692086497,0.0,0.5619871359584578,0.36075956086537414,0.0,25,True,,,SHORT_SUCCESS,False,0.0003072612849477352,0.52,0.48
expanding,2015,2015-12-10T00:00:00Z,37151,NORMAL,0.31183854164417796,0.3431538344620178,0.0,0.2880139762762703,0.6744094875019998,0.0,25,True,,,LONG_SUCCESS,False,0.0003144009059248276,0.52,0.48
expanding,2015,2015-12-11T00:00:00Z,37175,HIGH_VOLATILITY,0.33354280382779783,0.33576995549845146,0.0,0.6261587274968646,0.33449938215171615,0.0,25,True,,,SHORT_SUCCESS,False,0.00019836542737738938,0.52,0.48
expanding,2015,2015-12-12T00:00:00Z,37199,NORMAL,0.34298534073014153,0.32415517860199705,0.0,0.401149139805587,0.5530378753111077,0.0,25,True,,,SHORT_SUCCESS,False,-0.0005592730615213704,0.4,0.6
expanding,2015,2015-12-15T00:00:00Z,37223,NORMAL,0.3386301418962429,0.34102518685782535,0.0,0.47478872006941364,0.44499076894488576,0.0,25,True,,,LONG_SUCCESS,False,-0.0004536699660329102,0.44,0.56
expanding,2015,2015-12-16T00:00:00Z,37247,NORMAL,0.3443355408312645,0.3309041288733545,0.0,0.5595097245189277,0.3544184208481811,0.0,25,True,,,LONG_SUCCESS,False,0.0006967332253773328,0.6,0.4
expanding,2015,2015-12-17T00:00:00Z,37271,NORMAL,0.3185663087262118,0.34582759436695465,0.0,0.31441535006245463,0.5927114209624004,0.0,25,True,,,SHORT_SUCCESS,False,0.00044327481018191506,0.56,0.44
expanding,2015,2015-12-18T00:00:00Z,37295,NORMAL,0.3356904028433866,0.33058659997302625,0.0,0.3489571754370082,0.5718526296924965,0.0,25,True,,,LONG_SUCCESS,False,0.0007726993990868625,0.64,0.36
expanding,2015,2015-12-19T00:00:00Z,37319,NORMAL,0.31950484776026833,0.3436484335429192,0.0,0.48596072645836175,0.3616341822761759,0.0,25,True,,,LONG_SUCCESS,False,-0.0001798999492719222,0.44,0.56
expanding,2015,2015-12-22T00:00:00Z,37343,NORMAL,0.33930171138964016,0.3381668550975772,0.0,0.6303484716457712,0.3278245864838424,0.0,25,True,,,LONG_SUCCESS,False,-0.00015780086043093444,0.48,0.52
expanding,2015,2015-12-23T00:00:00Z,37367,NORMAL,0.3268985428142617,0.340399750877215,0.0,0.6020485251383866,0.3214272434451547,0.0,25,True,,,LONG_SUCCESS,False,0.0010219840428311588,0.56,0.44
expanding,2015,2015-12-24T00:00:00Z,37391,NORMAL,0.3319109610527452,0.3318128660276424,0.0,0.5994352595721919,0.283750959057062,0.0,25,True,,,LONG_SUCCESS,False,0.00019058624153078796,0.56,0.44
expanding,2015,2015-12-25T00:00:00Z,37415,NORMAL,0.32779970087382165,0.34954255232271475,0.0,0.3994053271489389,0.6005946728510615,0.0,25,True,,,LONG_SUCCESS,False,0.00026301698318142996,0.6,0.4
expanding,2015,2015-12-26T00:00:00Z,37439,VOLATILITY_CONTRACTION,0.32156499177511266,0.3503658066344422,0.0,0.6430125022077909,0.31681012712330586,0.0,25,True,,,LONG_SUCCESS,False,-0.00039174584712642346,0.4,0.6
expanding,2015,2015-12-29T00:00:00Z,37463,VOLATILITY_CONTRACTION,0.3243469256818137,0.34573327204089815,0.0,0.47467697561750616,0.525323024382494,0.0,25,True,,,LONG_SUCCESS,False,0.00016870519197520473,0.64,0.36
expanding,2015,2015-12-30T00:00:00Z,37487,NORMAL,0.32579578663800224,0.34868374740146857,0.0,0.5150444057637183,0.48495559423628154,0.0,25,True,,,LONG_SUCCESS,False,-4.787318843613164e-05,0.48,0.52
expanding,2015,2015-12-31T00:00:00Z,37511,NORMAL,0.36313284300802257,0.31525504878468324,0.0,0.44440451801276226,0.4810922802495835,0.0,25,True,,,LONG_SUCCESS,False,-0.00034341124451264804,0.36,0.64
expanding,2015,2016-01-01T00:00:00Z,37535,NORMAL,0.3469313349310187,0.3256592187208442,0.0,0.39654296561098745,0.5622678809891253,0.0,25,True,,,LONG_SUCCESS,False,0.00021742852856854178,0.52,0.48
rolling,2015,2015-01-02T00:00:00Z,31295,NORMAL,0.3447466730785005,0.3236219528842889,0.0,0.402712941344124,0.5556035559925758,0.0,25,True,,,SHORT_SUCCESS,False,0.0007748419544564289,0.56,0.44
rolling,2015,2015-01-03T00:00:00Z,31319,NORMAL,0.343671703680521,0.33267528918391487,0.0,0.35461120466618673,0.6042510977745512,0.0,25,True,,,LONG_SUCCESS,False,0.00028851991133294064,0.64,0.36
rolling,2015,2015-01-06T00:00:00Z,31343,HIGH_VOLATILITY,0.34365575311330726,0.33670000456909893,0.0,0.509432742056971,0.49056725794302874,0.0,25,True,,,SHORT_SUCCESS,False,0.0005973922773492291,0.56,0.44
rolling,2015,2015-01-07T00:00:00Z,31367,HIGH_VOLATILITY,0.3563480519525792,0.3110874742602062,0.0,0.5629857803783338,0.3969779092221425,0.0,25,True,,,SHORT_SUCCESS,False,0.0010563855799867738,0.72,0.28
rolling,2015,2015-01-08T00:00:00Z,31391,HIGH_VOLATILITY,0.33880927438941416,0.33023488332846934,0.0,0.5551652301938912,0.4448347698061085,0.0,25,True,,,SHORT_SUCCESS,False,0.00030507957162773103,0.6,0.4
rolling,2015,2015-01-09T00:00:00Z,31415,HIGH_VOLATILITY,0.3398869154331347,0.3292600500757127,0.0,0.6501982614065913,0.27355272612830195,0.0,25,True,,,LONG_SUCCESS,False,0.0012553342017171953,0.76,0.24
rolling,2015,2015-01-10T00:00:00Z,31439,VOLATILITY_CONTRACTION,0.3307431703718229,0.33550693795971487,0.0,0.477823957313962,0.4696314065655802,0.0,25,True,,,LONG_SUCCESS,False,0.00037732983848237645,0.64,0.36
rolling,2015,2015-01-13T00:00:00Z,31463,NORMAL,0.33531612684289575,0.34230897624109746,0.0,0.44272897435041625,0.5200771893108467,0.0,25,True,,,SHORT_SUCCESS,False,-0.0005484146366395715,0.4,0.6
rolling,2015,2015-01-14T00:00:00Z,31487,NORMAL,0.3271485577525321,0.3401659959592051,0.0,0.6094305868630784,0.350805102614821,0.0,25,True,,,LONG_SUCCESS,False,6.143843152761619e-05,0.52,0.48
rolling,2015,2015-01-15T00:00:00Z,31511,NORMAL,0.34667925693424356,0.31646420190578606,0.0,0.4756213857414353,0.48696535495232707,0.0,25,True,,,LONG_SUCCESS,False,0.0009030398227869441,0.8,0.2
rolling,2015,2015-01-16T00:00:00Z,31535,NORMAL,0.3517499393794194,0.3145077257108347,0.0,0.4798399973646547,0.48110639446678793,0.0,25,True,,,LONG_SUCCESS,False,-0.0003246657241360307,0.48,0.52
rolling,2015,2015-01-17T00:00:00Z,31559,NORMAL,0.3218116316953409,0.34471108945424767,0.0,0.4735084092893144,0.4895786947859,0.0,25,True,,,SHORT_SUCCESS,False,0.0005982294619693018,0.6,0.4
rolling,2015,2015-01-20T00:00:00Z,31583,VOLATILITY_CONTRACTION,0.324218998712049,0.3476116588546502,0.0,0.24374572756284363,0.719069254644227,0.0,25,True,,,SHORT_SUCCESS,False,-0.00031132045470372294,0.48,0.52
rolling,2015,2015-01-21T00:00:00Z,31607,NORMAL,0.32796378381338576,0.339706966830248,0.0,0.5581448401617846,0.40445094780858554,0.0,25,True,,,SHORT_SUCCESS,False,0.0010049741535438361,0.6,0.4
rolling,2015,2015-01-22T00:00:00Z,31631,NORMAL,0.3326408706757142,0.32661380113092087,0.0,0.47349685712222345,0.5265031428777767,0.0,25,True,,,LONG_SUCCESS,False,0.0005834516085641006,0.72,0.28
rolling,2015,2015-01-23T00:00:00Z,31655,NORMAL,0.32888032276310786,0.33717320301779646,0.0,0.44714501629239267,0.4683765555874154,0.0,25,True,,,LONG_SUCCESS,False,0.00014580246433038013,0.52,0.48
rolling,2015,2015-01-24T00:00:00Z,31679,NORMAL,0.32730778976110503,0.33783433431282606,0.0,0.6442509750949161,0.3557490249050839,0.0,25,True,,,SHORT_SUCCESS,False,0.00028851991133294064,0.56,0.44
rolling,2015,2015-01-27T00:00:00Z,31703,VOLATILITY_EXPANSION,0.3338644018661466,0.3478726447278043,0.0,0.5612594938040433,0.3999765046605314,0.0,25,True,,,SHORT_SUCCESS,False,-8.845940134138974e-05,0.48,0.52
rolling,2015,2015-01-28T00:00:00Z,31727,NORMAL,0.3083531366734477,0.3628541329646357,0.0,0.39974534769399345,0.5539230680916564,0.0,25,True,,,LONG_SUCCESS,False,0.0005915807373604309,0.64,0.36
rolling,2015,2015-01-29T00:00:00Z,31751,VOLATILITY_CONTRACTION,0.3131466644739424,0.3514980936238849,0.0,0.24608858311139822,0.6336565164788556,0.0,25,True,,,AMBIGUOUS_PATH,False,-8.802945950781016e-05,0.44,0.56
rolling,2015,2015-01-30T00:00:00Z,31775,HIGH_VOLATILITY,0.326609254213202,0.33889669440086934,0.0,0.5587604644591336,0.3667863692944458,0.0,25,True,,,LONG_SUCCESS,False,0.0014279770666185687,0.72,0.28
rolling,2015,2015-01-31T00:00:00Z,31799,NORMAL,0.32447006089940983,0.32819555889255964,0.0,0.4843740031686571,0.32188428256682405,0.0,25,True,,,LONG_SUCCESS,False,0.0005940797982739721,0.64,0.36
rolling,2015,2015-02-03T00:00:00Z,31823,HIGH_VOLATILITY,0.3400064972718978,0.34204133357418004,0.0,0.44697176169374564,0.5530282383062541,0.0,25,True,,,SHORT_SUCCESS,False,-0.0001798999492719222,0.44,0.56
rolling,2015,2015-02-04T00:00:00Z,31847,NORMAL,0.34924846783537766,0.3311207652449675,0.0,0.4350901010113164,0.5221105506814202,0.0,25,True,,,SHORT_SUCCESS,False,-7.257765660362292e-05,0.48,0.52
rolling,2015,2015-02-05T00:00:00Z,31871,NORMAL,0.3453707256098871,0.3260641450048748,0.0,0.5004692123525455,0.4600913087959692,0.0,25,True,,,LONG_SUCCESS,False,0.0004974242917301641,0.56,0.44
rolling,2015,2015-02-06T00:00:00Z,31895,TRENDING,0.34436825475259547,0.3110591432623883,0.0,0.5564636138465039,0.4030144501984886,0.0,25,True,,,SHORT_SUCCESS,False,0.001074804070557711,0.68,0.32
rolling,2015,2015-02-07T00:00:00Z,31919,VOLATILITY_EXPANSION,0.34777957130608117,0.31948354463176426,0.0,0.4327758356587254,0.5304848005601671,0.0,25,True,,,AMBIGUOUS_PATH,False,-0.00023256638101842864,0.48,0.52
rolling,2015,2015-02-10T00:00:00Z,31943,VOLATILITY_EXPANSION,0.3651243136963346,0.3147824069609676,0.0,0.6388729350008852,0.36112706499911484,0.0,25,True,,,SHORT_SUCCESS,False,0.0004065184011556866,0.6,0.4
rolling,2015,2015-02-11T00:00:00Z,31967,HIGH_VOLATILITY,0.3315553218011979,0.3445587682853072,0.0,0.4480429284956082,0.5131134290634243,0.0,25,True,,,LONG_SUCCESS,False,-0.0005540305535229884,0.4,0.6
rolling,2015,2015-02-12T00:00:00Z,31991,HIGH_VOLATILITY,0.3464859447990527,0.32547873002513594,0.0,0.5378127841367877,0.4251654841853349,0.0,25,True,,,LONG_SUCCESS,False,0.00047045984439320065,0.6,0.4
rolling,2015,2015-02-13T00:00:00Z,32015,HIGH_VOLATILITY,0.35121492831767726,0.3201683649310525,0.0,0.5542401268707591,0.44575987312924087,0.0,25,True,,,SHORT_SUCCESS,False,0.0005489639315567896,0.6,0.4
rolling,2015,2015-02-14T00:00:00Z,32039,NORMAL,0.3201557790277728,0.3435174524517556,0.0,0.39297955331864687,0.5276202102784326,0.0,25,True,,,SHORT_SUCCESS,False,-0.0005938520567116967,0.44,0.56
rolling,2015,2015-02-17T00:00:00Z,32063,NORMAL,0.3291450182376754,0.33948569841737813,0.0,0.5747096557022997,0.3489209287724725,0.0,25,True,,,AMBIGUOUS_PATH,False,4.6502168648432374e-05,0.52,0.48
rolling,2015,2015-02-18T00:00:00Z,32087,HIGH_VOLATILITY,0.3560718704489866,0.31621172715293483,0.0,0.6528954289324547,0.3081746193883509,0.0,25,True,,,SHORT_SUCCESS,False,0.0006514757230873247,0.68,0.32
rolling,2015,2015-02-19T00:00:00Z,32111,HIGH_VOLATILITY,0.34603171971848384,0.32562725095758593,0.0,0.5705451093295456,0.42945489067045445,0.0,25,True,,,LONG_SUCCESS,False,0.00037083689241845796,0.64,0.36
rolling,2015,2015-02-20T00:00:00Z,32135,HIGH_VOLATILITY,0.3343712000616936,0.3323527229554681,0.0,0.4750748976815252,0.48618185788316015,0.0,25,True,,,LONG_SUCCESS,False,-7.302209055959352e-05,0.48,0.52
rolling,2015,2015-02-21T00:00:00Z,32159,VOLATILITY_EXPANSION,0.3669935417810449,0.3183136637806516,0.0,0.6178229615839204,0.3821770384160793,0.0,25,True,,,LONG_SUCCESS,False,-0.0001595624852080979,0.44,0.56
rolling,2015,2015-02-24T00:00:00Z,32183,NORMAL,0.34467168202165094,0.3334956017961564,0.0,0.5171597294827349,0.44416004749192795,0.0,25,True,,,LONG_SUCCESS,False,-0.0005918729782092846,0.28,0.72
rolling,2015,2015-02-25T00:00:00Z,32207,HIGH_VOLATILITY,0.37720509305581723,0.31388076185633695,0.0,0.6737021685577185,0.2895532111531278,0.0,25,True,,,SHORT_SUCCESS,False,0.0011986552397715844,0.76,0.24
rolling,2015,2015-02-26T00:00:00Z,32231,NORMAL,0.34423311814517493,0.33071314047548406,0.0,0.5563696595266449,0.4049678427415426,0.0,25,True,,,LONG_SUCCESS,False,0.0007231330804042813,0.76,0.24
rolling,2015,2015-02-27T00:00:00Z,32255,NORMAL,0.34322226203642975,0.33382437688520183,0.0,0.6372715780910134,0.2846224945827703,0.0,25,True,,,SHORT_SUCCESS,False,0.0007482795622171245,0.64,0.36
rolling,2015,2015-02-28T00:00:00Z,32279,NORMAL,0.3251650222103537,0.35558364013137234,0.0,0.23425296998110084,0.7262317776486129,0.0,25,True,,,SHORT_SUCCESS,False,0.00026030625123474316,0.52,0.48
rolling,2015,2015-03-03T00:00:00Z,32303,NORMAL,0.32261910711200464,0.34906455299886446,0.0,0.39361538954385117,0.5282846219116694,0.0,25,True,,,SHORT_SUCCESS,False,-0.00020582983374750619,0.44,0.56
rolling,2015,2015-03-04T00:00:00Z,32327,VOLATILITY_CONTRACTION,0.3181641629698162,0.34936613100422775,0.0,0.27810200541280067,0.7218979945871993,0.0,25,True,,,LONG_SUCCESS,False,-0.0005108647364961971,0.4,0.6
rolling,2015,2015-03-05T00:00:00Z,32351,TRENDING,0.34572464735380504,0.32729853020413174,0.0,0.5227292536093796,0.4381516312588702,0.0,25,True,,,LONG_SUCCESS,False,-0.0001595624852080979,0.44,0.56
rolling,2015,2015-03-06T00:00:00Z,32375,NORMAL,0.36804292881413403,0.3097169632311479,0.0,0.5640244094123569,0.43597559058764324,0.0,25,True,,,SHORT_SUCCESS,False,-0.000143853167721808,0.44,0.56
rolling,2015,2015-03-07T00:00:00Z,32399,NORMAL,0.3328685087300559,0.33615847899030477,0.0,0.4310048071234303,0.49062161064697773,0.0,25,True,,,LONG_SUCCESS,False,0.0002460511668402887,0.6,0.4
rolling,2015,2015-03-10T00:00:00Z,32423,NORMAL,0.3704800787850791,0.32302726640638674,0.0,0.47773440607140977,0.47511842844749264,0.0,25,True,,,LONG_SUCCESS,False,-0.0005624313512037071,0.4,0.6
rolling,2015,2015-03-11T00:00:00Z,32447,VOLATILITY_CONTRACTION,0.366804597434982,0.3196645690331859,0.0,0.5649241367037564,0.3939616802119334,0.0,25,True,,,SHORT_SUCCESS,False,-0.00019368003165110004,0.44,0.56
rolling,2015,2015-03-12T00:00:00Z,32471,NORMAL,0.3509081199170804,0.32882572868321075,0.0,0.5188141029315138,0.4811858970684861,0.0,25,True,,,SHORT_SUCCESS,False,-0.00025112203619936935,0.4,0.6
rolling,2015,2015-03-13T00:00:00Z,32495,LOW_VOLATILITY_RANGE,0.32956991181822265,0.3410222917608098,0.0,0.4713287873484999,0.4893983028858944,0.0,25,True,,,SHORT_SUCCESS,False,-0.00017509235441171,0.48,0.52
rolling,2015,2015-03-14T00:00:00Z,32519,NORMAL,0.31217894856766204,0.3567933262503618,0.0,0.3844991287551236,0.6155008712448766,0.0,25,True,,,SHORT_SUCCESS,False,0.00028135583100863393,0.68,0.32
rolling,2015,2015-03-17T00:00:00Z,32543,NORMAL,0.3187834373116473,0.34939328816250226,0.0,0.6100307337549745,0.3899692662450253,0.0,25,True,,,LONG_SUCCESS,False,-0.0003345612893544958,0.4,0.6
rolling,2015,2015-03-18T00:00:00Z,32567,NORMAL,0.35444458513144744,0.32652883160550467,0.0,0.47241254665796895,0.4427167024098194,0.0,25,True,,,SHORT_SUCCESS,False,-0.0004262778511432419,0.36,0.64
rolling,2015,2015-03-19T00:00:00Z,32591,NORMAL,0.33633002080979935,0.3356132798849567,0.0,0.4734796730641917,0.44915842379060505,0.0,25,True,,,SHORT_SUCCESS,False,0.00032732473134688966,0.6,0.4
rolling,2015,2015-03-20T00:00:00Z,32615,NORMAL,0.3148423417892923,0.35190172322737934,0.0,0.44013188656402763,0.5199151877131178,0.0,25,True,,,LONG_SUCCESS,False,0.00032587085037305563,0.6,0.4
rolling,2015,2015-03-21T00:00:00Z,32639,NORMAL,0.33557782679197123,0.33466830878808645,0.0,0.3621989198621785,0.5889652987070195,0.0,25,True,,,SHORT_SUCCESS,False,6.922491051208901e-05,0.56,0.44
rolling,2015,2015-03-24T00:00:00Z,32663,VOLATILITY_CONTRACTION,0.31910724739251156,0.34476427238821244,0.0,0.3683418234858059,0.5505464639236182,0.0,25,True,,,LONG_SUCCESS,False,0.00032732473134688966,0.68,0.32
rolling,2015,2015-03-25T00:00:00Z,32687,NORMAL,0.32843000133425565,0.3308148226180038,0.0,0.4397586408902495,0.5187804055351622,0.0,25,True,,,SHORT_SUCCESS,False,0.00032732473134688966,0.72,0.28
rolling,2015,2015-03-26T00:00:00Z,32711,NORMAL,0.3081326426765304,0.3442457199461575,0.0,0.38059187525988036,0.5190820233648727,0.0,25,True,,,SHORT_SUCCESS,False,0.00025099227713831773,0.52,0.48
rolling,2015,2015-03-27T00:00:00Z,32735,NORMAL,0.32386446656075085,0.3346820077344295,0.0,0.5972654248810136,0.3658400852577064,0.0,25,True,,,LONG_SUCCESS,False,0.0011995498207422184,0.68,0.32
rolling,2015,2015-03-28T00:00:00Z,32759,NORMAL,0.33136107472980464,0.3287341473320605,0.0,0.47427272624974287,0.48560717591213387,0.0,25,True,,,LONG_SUCCESS,False,0.0002303160279004679,0.56,0.44
rolling,2015,2015-03-31T00:00:00Z,32783,TRENDING,0.3415143296361044,0.33351403190800444,0.0,0.46321507408200097,0.4985758477369571,0.0,25,True,,,SHORT_SUCCESS,False,0.0002488929398196671,0.6,0.4
rolling,2015,2015-04-01T00:00:00Z,32807,NORMAL,0.34792516514215754,0.3279618178905283,0.0,0.5661968817119664,0.4338031182880335,0.0,25,True,,,SHORT_SUCCESS,False,0.00047045984439320065,0.52,0.48
rolling,2015,2015-04-02T00:00:00Z,32831,NORMAL,0.3367260261221758,0.32871512921659923,0.0,0.5674004797563134,0.39346850649151505,0.0,25,True,,,LONG_SUCCESS,False,0.0004459612120633061,0.64,0.36
rolling,2015,2015-04-03T00:00:00Z,32855,NORMAL,0.35479248333252333,0.3171595733358786,0.0,0.47875188961005577,0.5212481103899439,0.0,25,True,,,SHORT_SUCCESS,False,0.0011986552397715844,0.64,0.36
rolling,2015,2015-04-04T00:00:00Z,32879,TRENDING,0.33994870973900315,0.3246858085599566,0.0,0.38688562136544685,0.5755607340659724,0.0,25,True,,,SHORT_SUCCESS,False,4.577454271359471e-05,0.52,0.48
rolling,2015,2015-04-07T00:00:00Z,32903,HIGH_VOLATILITY,0.32941254341691634,0.33957480810214496,0.0,0.6797188221256889,0.3202811778743111,0.0,25,True,,,LONG_SUCCESS,False,0.0005973922773492291,0.56,0.44
rolling,2015,2015-04-08T00:00:00Z,32927,NORMAL,0.35186601384526134,0.3294421440913414,0.0,0.5990212597129576,0.36322973687019544,0.0,25,True,,,SHORT_SUCCESS,False,-0.0006224031481252279,0.36,0.64
rolling,2015,2015-04-09T00:00:00Z,32951,NORMAL,0.3375630569741603,0.32615322379105366,0.0,0.4436105212233407,0.48020360952881985,0.0,25,True,,,SHORT_SUCCESS,False,-0.00018665374645387978,0.48,0.52
rolling,2015,2015-04-10T00:00:00Z,32975,VOLATILITY_EXPANSION,0.3355925039647035,0.32931153184161793,0.0,0.5179478833493811,0.4443429190279533,0.0,25,True,,,SHORT_SUCCESS,False,0.0004606061653862348,0.6,0.4
rolling,2015,2015-04-11T00:00:00Z,32999,HIGH_VOLATILITY,0.3590757794489001,0.31896132685823575,0.0,0.5734181964880674,0.4265818035119327,0.0,25,True,,,LONG_SUCCESS,False,4.577454271359471e-05,0.52,0.48
rolling,2015,2015-04-14T00:00:00Z,33023,NORMAL,0.34700506916128926,0.3310151279885245,0.0,0.36911218374507576,0.5880359095125438,0.0,25,True,,,SHORT_SUCCESS,False,-0.00012526418013325546,0.48,0.52
rolling,2015,2015-04-15T00:00:00Z,33047,VOLATILITY_CONTRACTION,0.35006210793058506,0.32145765839115636,0.0,0.43523790697124504,0.5267163456516717,0.0,25,True,,,LONG_SUCCESS,False,-1.0448980872435065e-05,0.48,0.52
rolling,2015,2015-04-16T00:00:00Z,33071,NORMAL,0.3227213687414689,0.3484799380003176,0.0,0.39389783441987264,0.5247958438656771,0.0,25,True,,,SHORT_SUCCESS,False,0.000751147801504759,0.64,0.36
rolling,2015,2015-04-17T00:00:00Z,33095,NORMAL,0.3297687879990248,0.33770259604251956,0.0,0.4919071508610294,0.4690867221983233,0.0,25,True,,,LONG_SUCCESS,False,0.0007679492326313486,0.64,0.36
rolling,2015,2015-04-18T00:00:00Z,33119,NORMAL,0.3215911326294414,0.34298717707119014,0.0,0.5155333511727707,0.48446664882722934,0.0,25,True,,,LONG_SUCCESS,False,0.0013508506034374257,0.64,0.36
rolling,2015,2015-04-21T00:00:00Z,33143,NORMAL,0.31824457548667695,0.3550417767792521,0.0,0.5683558668855214,0.43164413311447847,0.0,25,True,,,SHORT_SUCCESS,False,-0.0001798999492719222,0.4,0.6
rolling,2015,2015-04-22T00:00:00Z,33167,HIGH_VOLATILITY,0.3604447516035206,0.30540882925954993,0.0,0.6387345555019845,0.36126544449801545,0.0,25,True,,,LONG_SUCCESS,False,0.0004065184011556866,0.68,0.32
rolling,2015,2015-04-23T00:00:00Z,33191,HIGH_VOLATILITY,0.3697106759224795,0.31074182892706326,0.0,0.7129293599136971,0.28707064008630295,0.0,25,True,,,SHORT_SUCCESS,False,0.0012741507780700267,0.76,0.24
rolling,2015,2015-04-24T00:00:00Z,33215,NORMAL,0.34156610839181845,0.3195484467027173,0.0,0.36558654197722124,0.6344134580227789,0.0,25,True,,,LONG_SUCCESS,False,0.00038373541761171914,0.6,0.4
rolling,2015,2015-04-25T00:00:00Z,33239,HIGH_VOLATILITY,0.33321768537655155,0.3317676668083513,0.0,0.4997012338575091,0.4139290827799824,0.0,25,True,,,SHORT_SUCCESS,False,6.877970538154976e-05,0.52,0.48
rolling,2015,2015-04-28T00:00:00Z,33263,HIGH_VOLATILITY,0.3543082676242997,0.3253771826011313,0.0,0.5732262369289794,0.4267737630710206,0.0,25,True,,,LONG_SUCCESS,False,0.0008865428925128871,0.6,0.4
rolling,2015,2015-04-29T00:00:00Z,33287,HIGH_VOLATILITY,0.37113953628788077,0.3248953827971632,0.0,0.5162909965949067,0.48370900340509354,0.0,25,True,,,SHORT_SUCCESS,False,0.0008815372095347662,0.56,0.44
rolling,2015,2015-04-30T00:00:00Z,33311,NORMAL,0.3343908190794284,0.34489761722511275,0.0,0.5997793535440737,0.36248080148106177,0.0,25,True,,,SHORT_SUCCESS,False,0.0007209696424714807,0.72,0.28
rolling,2015,2015-05-01T00:00:00Z,33335,NORMAL,0.3186917461960693,0.34866789115589547,0.0,0.4063140279677081,0.5160493768619967,0.0,25,True,,,LONG_SUCCESS,False,-0.00018183178412245482,0.48,0.52
rolling,2015,2015-05-02T00:00:00Z,33359,NORMAL,0.3221747616399926,0.3397109799773512,0.0,0.43397885476429565,0.4895585533664522,0.0,25,True,,,SHORT_SUCCESS,False,-0.00046137150158742646,0.48,0.52
rolling,2015,2015-05-05T00:00:00Z,33383,NORMAL,0.3532139072904744,0.32805497104850834,0.0,0.45269658435898047,0.501685431371901,0.0,25,True,,,LONG_SUCCESS,False,-0.0004536699660329102,0.44,0.56
rolling,2015,2015-05-06T00:00:00Z,33407,NORMAL,0.33968039263836913,0.33403172837319106,0.0,0.4927853962811174,0.5072146037188826,0.0,25,True,,,LONG_SUCCESS,False,-0.0005142506539247416,0.32,0.68
rolling,2015,2015-05-07T00:00:00Z,33431,HIGH_VOLATILITY,0.33334136727844343,0.33643260567907823,0.0,0.5226058206020346,0.39954432036424303,0.0,25,True,,,LONG_SUCCESS,False,0.00019836542737738938,0.56,0.44
rolling,2015,2015-05-08T00:00:00Z,33455,NORMAL,0.31641154080010203,0.35362272779404347,0.0,0.41182057102832786,0.5424001047320149,0.0,25,True,,,SHORT_SUCCESS,False,-4.787318843613164e-05,0.48,0.52
rolling,2015,2015-05-09T00:00:00Z,33479,NORMAL,0.3143155408073307,0.3592654888830418,0.0,0.3971169446537792,0.5661570400469641,0.0,25,True,,,LONG_SUCCESS,False,0.00026030625123474316,0.56,0.44
rolling,2015,2015-05-12T00:00:00Z,33503,NORMAL,0.3545948318978594,0.3256632442580227,0.0,0.5170661442376925,0.44655173161659534,0.0,25,True,,,LONG_SUCCESS,False,0.0004730390190010869,0.64,0.36
rolling,2015,2015-05-13T00:00:00Z,33527,VOLATILITY_CONTRACTION,0.326080711505077,0.3555925339021944,0.0,0.36248417194848553,0.6375158280515144,0.0,25,True,,,SHORT_SUCCESS,False,0.0005033030971650643,0.56,0.44
rolling,2015,2015-05-14T00:00:00Z,33551,VOLATILITY_CONTRACTION,0.3129958304037624,0.3464540253715353,0.0,0.4393059334605215,0.5228112973067272,0.0,25,True,,,SHORT_SUCCESS,False,-0.0001262744039511876,0.44,0.56
rolling,2015,2015-05-15T00:00:00Z,33575,NORMAL,0.3380385794810053,0.3291603873621061,0.0,0.35626179926615115,0.5667883907721138,0.0,25,True,,,SHORT_SUCCESS,False,0.00018290910789908743,0.52,0.48
rolling,2015,2015-05-16T00:00:00Z,33599,TRENDING,0.3500156265130385,0.3281379300593289,0.0,0.4267026463199653,0.5732973536800346,0.0,25,True,,,SHORT_SUCCESS,False,-0.00036231630418936955,0.4,0.6
rolling,2015,2015-05-19T00:00:00Z,33623,NORMAL,0.36777414534989,0.3206122924652034,0.0,0.5179567113074042,0.48204328869259566,0.0,25,True,,,LONG_SUCCESS,False,0.0001354704968541398,0.56,0.44
rolling,2015,2015-05-20T00:00:00Z,33647,NORMAL,0.3441673166479002,0.31861363995621744,0.0,0.36299836079349246,0.5548926673450192,0.0,25,True,,,SHORT_SUCCESS,False,0.0003072612849477352,0.52,0.48
rolling,2015,2015-05-21T00:00:00Z,33671,HIGH_VOLATILITY,0.3363177698025808,0.32782243266141137,0.0,0.3606197827231764,0.4833790280983071,0.0,25,True,,,LONG_SUCCESS,False,0.00019058624153078796,0.52,0.48
rolling,2015,2015-05-22T00:00:00Z,33695,NORMAL,0.32774199949485916,0.33860528841904775,0.0,0.5522898568050527,0.36905497307978996,0.0,25,True,,,SHORT_SUCCESS,False,0.00023479197722187095,0.56,0.44
rolling,2015,2015-05-23T00:00:00Z,33719,NORMAL,0.3216735343943352,0.3518037131080439,0.0,0.18989245578437003,0.81010754421563,0.0,25,True,,,LONG_SUCCESS,False,-0.00010673965321761347,0.44,0.56
rolling,2015,2015-05-26T00:00:00Z,33743,NORMAL,0.34523110261517864,0.3324497790508595,0.0,0.6057566286220343,0.3511850145539745,0.0,25,True,,,SHORT_SUCCESS,False,0.0003841376168747246,0.52,0.48
rolling,2015,2015-05-27T00:00:00Z,33767,NORMAL,0.35627418541166417,0.3249265363995755,0.0,0.40109347352244523,0.5989065264775546,0.0,25,True,,,SHORT_SUCCESS,False,-0.0003068048408191304,0.48,0.52
rolling,2015,2015-05-28T00:00:00Z,33791,NORMAL,0.35363923884752324,0.3313045456926902,0.0,0.6797137927566381,0.3202862072433619,0.0,25,True,,,LONG_SUCCESS,False,-0.00011221562162111454,0.48,0.52
rolling,2015,2015-05-29T00:00:00Z,33815,LOW_VOLATILITY_RANGE,0.328385819338022,0.33249212392242034,0.0,0.5941748038488563,0.36867941400616666,0.0,25,True,,,LONG_SUCCESS,False,0.00026022355958454924,0.52,0.48
rolling,2015,2015-05-30T00:00:00Z,33839,NORMAL,0.3255786050246121,0.3350484077982625,0.0,0.43020900706402915,0.48812683582336763,0.0,25,True,,,SHORT_SUCCESS,False,0.000961508890139795,0.76,0.24
rolling,2015,2015-06-02T00:00:00Z,33863,NORMAL,0.32136776867561034,0.3564538246226245,0.0,0.5295980843358872,0.4319279510054639,0.0,25,True,,,LONG_SUCCESS,False,0.000902458386778493,0.6,0.4
rolling,2015,2015-06-03T00:00:00Z,33887,NORMAL,0.32101136700949046,0.34565093005496256,0.0,0.24971225964514113,0.7088342263222124,0.0,25,True,,,SHORT_SUCCESS,False,-5.159454436765021e-05,0.48,0.52
rolling,2015,2015-06-04T00:00:00Z,33911,TRENDING,0.3786217871917044,0.30401747606537005,0.0,0.6204229404100469,0.37957705958995286,0.0,25,True,,,LONG_SUCCESS,False,0.0008018053055833807,0.68,0.32
rolling,2015,2015-06-05T00:00:00Z,33935,VOLATILITY_EXPANSION,0.36108067882497036,0.31028965813125237,0.0,0.7117005451548126,0.2882994548451873,0.0,25,True,,,SHORT_SUCCESS,False,0.0013070510345549735,0.76,0.24
rolling,2015,2015-06-06T00:00:00Z,33959,HIGH_VOLATILITY,0.32356715089000426,0.34064760293130136,0.0,0.5147735692759183,0.4466102312961729,0.0,25,True,,,AMBIGUOUS_PATH,False,-4.998031447611684e-05,0.48,0.52
rolling,2015,2015-06-09T00:00:00Z,33983,HIGH_VOLATILITY,0.33747800843017856,0.33839037485753104,0.0,0.5541771557749687,0.4025460164872151,0.0,25,True,,,LONG_SUCCESS,False,0.0005973922773492291,0.56,0.44
rolling,2015,2015-06-10T00:00:00Z,34007,HIGH_VOLATILITY,0.3491975767705777,0.3306830435413651,0.0,0.5523534833481425,0.36415055498137106,0.0,25,True,,,SHORT_SUCCESS,False,0.00035217968525880217,0.68,0.32
rolling,2015,2015-06-11T00:00:00Z,34031,NORMAL,0.34769951890732387,0.3285177021639731,0.0,0.6746558875337819,0.28328645027553834,0.0,25,True,,,LONG_SUCCESS,False,0.0004459612120633061,0.64,0.36
rolling,2015,2015-06-12T00:00:00Z,34055,NORMAL,0.324580131597685,0.3352574892889287,0.0,0.48692222907758487,0.47213572001915227,0.0,25,True,,,SHORT_SUCCESS,False,0.00013779135115332686,0.6,0.4
rolling,2015,2015-06-13T00:00:00Z,34079,HIGH_VOLATILITY,0.3293440519168669,0.3425199879030887,0.0,0.5905420592538516,0.4094579407461484,0.0,25,True,,,LONG_SUCCESS,False,0.0012287505038117708,0.8,0.2
rolling,2015,2015-06-16T00:00:00Z,34103,NORMAL,0.3531166000644931,0.3355644248445822,0.0,0.7262073998819149,0.27379260011808493,0.0,25,True,,,LONG_SUCCESS,False,-0.00015780086043093444,0.44,0.56
rolling,2015,2015-06-17T00:00:00Z,34127,HIGH_VOLATILITY,0.35832900868880824,0.33093106302284925,0.0,0.47884153956908604,0.5211584604309141,0.0,25,True,,,SHORT_SUCCESS,False,-0.0007520451264428907,0.32,0.68
rolling,2015,2015-06-18T00:00:00Z,34151,VOLATILITY_CONTRACTION,0.33665429233905486,0.3369474321741435,0.0,0.489275924049471,0.4321428924125606,0.0,25,True,,,SHORT_SUCCESS,False,1.733241451118417e-05,0.52,0.48
rolling,2015,2015-06-19T00:00:00Z,34175,NORMAL,0.33712056878665175,0.3320060003662714,0.0,0.4888320264631551,0.3937235421697657,0.0,25,True,,,SHORT_SUCCESS,False,0.0004591117959000801,0.52,0.48
rolling,2015,2015-06-20T00:00:00Z,34199,NORMAL,0.31445025924140757,0.3547086974758238,0.0,0.41058094533786027,0.5894190546621396,0.0,25,True,,,LONG_SUCCESS,False,0.00017735381614558676,0.6,0.4
rolling,2015,2015-06-23T00:00:00Z,34223,LOW_VOLATILITY_RANGE,0.32634250342775456,0.3413924434588098,0.0,0.31772984701374823,0.6430462033510055,0.0,25,True,,,LONG_SUCCESS,False,-0.0006628815066084259,0.36,0.64
rolling,2015,2015-06-24T00:00:00Z,34247,NORMAL,0.35906485669033705,0.3174994715779957,0.0,0.5248285970022037,0.4751714029977963,0.0,25,True,,,SHORT_SUCCESS,False,0.0011986552397715844,0.68,0.32
rolling,2015,2015-06-25T00:00:00Z,34271,LOW_VOLATILITY_RANGE,0.3453310090392245,0.32713327324224745,0.0,0.6131581155156612,0.3484147373517646,0.0,25,True,,,AMBIGUOUS_PATH,False,-0.00041344562978329336,0.4,0.6
rolling,2015,2015-06-26T00:00:00Z,34295,NORMAL,0.3470990073966182,0.33105565763560063,0.0,0.3677063798375219,0.5935175673166196,0.0,25,True,,,LONG_SUCCESS,False,-0.0002200354813828298,0.4,0.6
rolling,2015,2015-06-27T00:00:00Z,34319,NORMAL,0.33160216026194816,0.3426332462827026,0.0,0.4821641058638018,0.47772164632963376,0.0,25,True,,,SHORT_SUCCESS,False,0.0004959171415570562,0.64,0.36
rolling,2015,2015-06-30T00:00:00Z,34343,NORMAL,0.33734321205162304,0.3318433043257651,0.0,0.4125126156564778,0.5054947534781062,0.0,25,True,,,LONG_SUCCESS,False,5.647970600919372e-05,0.52,0.48
rolling,2015,2015-07-01T00:00:00Z,34367,NORMAL,0.3458075541266738,0.32882775466742425,0.0,0.4002402391546238,0.4448795566755533,0.0,25,True,,,SHORT_SUCCESS,False,0.0003072612849477352,0.56,0.44
rolling,2015,2015-07-02T00:00:00Z,34391,NORMAL,0.3542989078601514,0.3268211729966756,0.0,0.4346512378489256,0.5266357274750196,0.0,25,True,,,SHORT_SUCCESS,False,-0.0003068048408191304,0.4,0.6
rolling,2015,2015-07-03T00:00:00Z,34415,NORMAL,0.34988153411993583,0.3215180952387114,0.0,0.4490238340417691,0.4723345421707047,0.0,25,True,,,LONG_SUCCESS,False,0.0004591117959000801,0.56,0.44
rolling,2015,2015-07-04T00:00:00Z,34439,NORMAL,0.3343494404067316,0.33838892054774006,0.0,0.5224329842999861,0.36085426648596175,0.0,25,True,,,SHORT_SUCCESS,False,0.0008053545807868989,0.64,0.36
rolling,2015,2015-07-07T00:00:00Z,34463,NORMAL,0.3567435181139006,0.32519627683663144,0.0,0.4851804962822898,0.47299693842774954,0.0,25,True,,,LONG_SUCCESS,False,-0.0007004050896672886,0.28,0.72
rolling,2015,2015-07-08T00:00:00Z,34487,NORMAL,0.3434218722075694,0.3370705164618944,0.0,0.5312647103406773,0.43166943970610105,0.0,25,True,,,LONG_SUCCESS,False,0.0013727484330883222,0.64,0.36
rolling,2015,2015-07-09T00:00:00Z,34511,CRISIS,0.32411420675909747,0.348333136871635,0.0,0.3223991649403658,0.553910834335285,0.0,25,True,,,SHORT_SUCCESS,False,0.00029434348824675105,0.6,0.4
rolling,2015,2015-07-10T00:00:00Z,34535,NORMAL,0.3514280274846852,0.3192643919494312,0.0,0.4763818816226696,0.48494291629964753,0.0,25,True,,,SHORT_SUCCESS,False,0.00030507957162773103,0.64,0.36
rolling,2015,2015-07-11T00:00:00Z,34559,NORMAL,0.31605976648596007,0.36230290066868304,0.0,0.5091318089501765,0.49086819104982343,0.0,25,True,,,SHORT_SUCCESS,False,0.00026030625123474316,0.6,0.4
rolling,2015,2015-07-14T00:00:00Z,34583,NORMAL,0.34258251729292627,0.34028361400866886,0.0,0.48536594822207735,0.47729182285350225,0.0,25,True,,,LONG_SUCCESS,False,-0.0007112265614848123,0.36,0.64
rolling,2015,2015-07-15T00:00:00Z,34607,NORMAL,0.34763812274707073,0.3401303003571734,0.0,0.35349118752261605,0.646508812477384,0.0,25,True,,,SHORT_SUCCESS,False,-0.0003068048408191304,0.4,0.6
rolling,2015,2015-07-16T00:00:00Z,34631,NORMAL,0.32856945731324994,0.3483747484584472,0.0,0.48172387516341547,0.5182761248365845,0.0,25,True,,,SHORT_SUCCESS,False,0.0001259749411941513,0.56,0.44
rolling,2015,2015-07-17T00:00:00Z,34655,VOLATILITY_CONTRACTION,0.3170665653246567,0.3436781272187854,0.0,0.4491731164221634,0.5140732754787884,0.0,25,True,,,SHORT_SUCCESS,False,-0.0004376546426425598,0.32,0.68
rolling,2015,2015-07-18T00:00:00Z,34679,NORMAL,0.322682376901783,0.33606041128653563,0.0,0.4156363679201627,0.5019191734623564,0.0,25,True,,,SHORT_SUCCESS,False,-0.0005938520567116967,0.44,0.56
rolling,2015,2015-07-21T00:00:00Z,34703,NORMAL,0.3329226812157691,0.3512458111409647,0.0,0.5512795907985034,0.44872040920149703,0.0,25,True,,,AMBIGUOUS_PATH,False,-0.00020582983374750619,0.36,0.64
rolling,2015,2015-07-22T00:00:00Z,34727,NORMAL,0.337395452156354,0.33362913159989865,0.0,0.46770612424753233,0.4904732068036754,0.0,25,True,,,SHORT_SUCCESS,False,-0.0003975559143609697,0.48,0.52
rolling,2015,2015-07-23T00:00:00Z,34751,NORMAL,0.3105738072766778,0.3446858886877307,0.0,0.3208671913435912,0.5538722515391058,0.0,25,True,,,LONG_SUCCESS,False,-0.0001262744039511876,0.48,0.52
rolling,2015,2015-07-24T00:00:00Z,34775,LOW_VOLATILITY_RANGE,0.31729189386713325,0.3398140150257803,0.0,0.3279832252310336,0.6300210783947223,0.0,25,True,,,LONG_SUCCESS,False,0.00013369091710924152,0.52,0.48
rolling,2015,2015-07-25T00:00:00Z,34799,NORMAL,0.32865926818750474,0.3380554548805841,0.0,0.6506267728505678,0.3493732271494324,0.0,25,True,,,SHORT_SUCCESS,False,0.0003622367361988399,0.56,0.44
rolling,2015,2015-07-28T00:00:00Z,34823,VOLATILITY_EXPANSION,0.34700398965634444,0.3309766013303659,0.0,0.5595304087672888,0.4404695912327111,0.0,25,True,,,LONG_SUCCESS,False,0.0003841376168747246,0.52,0.48
rolling,2015,2015-07-29T00:00:00Z,34847,NORMAL,0.33112795369912273,0.33848946036301064,0.0,0.44220252682620426,0.5201433432002037,0.0,25,True,,,SHORT_SUCCESS,False,0.00012915531987101048,0.6,0.4
rolling,2015,2015-07-30T00:00:00Z,34871,NORMAL,0.3353310807686532,0.3350606251073276,0.0,0.44010657675628073,0.5088829517835562,0.0,25,True,,,LONG_SUCCESS,False,0.00019608519723024465,0.56,0.44
rolling,2015,2015-07-31T00:00:00Z,34895,HIGH_VOLATILITY,0.3751617325697141,0.30757005457383074,0.0,0.6029138252480502,0.3970861747519497,0.0,25,True,,,SHORT_SUCCESS,False,0.0009568887402853221,0.6,0.4
rolling,2015,2015-08-01T00:00:00Z,34919,NORMAL,0.33796033132648723,0.3265528015537602,0.0,0.47860832710347356,0.4790540189263695,0.0,25,True,,,LONG_SUCCESS,False,-9.495216065680268e-05,0.48,0.52
rolling,2015,2015-08-04T00:00:00Z,34943,HIGH_VOLATILITY,0.3328792580170517,0.34407397475028295,0.0,0.5181304585634391,0.48186954143656086,0.0,25,True,,,LONG_SUCCESS,False,0.00012915531987101048,0.52,0.48
rolling,2015,2015-08-05T00:00:00Z,34967,NORMAL,0.3453497248370167,0.339912257429567,0.0,0.5096157114661656,0.4119083770029585,0.0,25,True,,,SHORT_SUCCESS,False,0.0007081475131078818,0.72,0.28
rolling,2015,2015-08-06T00:00:00Z,34991,NORMAL,0.3337574673100718,0.3449553372941016,0.0,0.39854896941396956,0.5605939805241893,0.0,25,True,,,SHORT_SUCCESS,False,0.0005172653088365564,0.6,0.4
rolling,2015,2015-08-07T00:00:00Z,35015,VOLATILITY_CONTRACTION,0.3440485518923766,0.33436959174144015,0.0,0.7563512022078231,0.24364879779217688,0.0,25,True,,,LONG_SUCCESS,False,0.0002303160279004679,0.52,0.48
rolling,2015,2015-08-08T00:00:00Z,35039,NORMAL,0.3169942377683839,0.35373904206822054,0.0,0.440692126098923,0.4856447196823548,0.0,25,True,,,SHORT_SUCCESS,False,0.00013369091710924152,0.56,0.44
rolling,2015,2015-08-11T00:00:00Z,35063,NORMAL,0.3133887534449189,0.3596781282496721,0.0,0.3401086458028547,0.5834739147638963,0.0,25,True,,,SHORT_SUCCESS,False,0.0001259749411941513,0.56,0.44
rolling,2015,2015-08-12T00:00:00Z,35087,NORMAL,0.3301239067436387,0.34247296064767924,0.0,0.5064586126078212,0.40291920287538824,0.0,25,True,,,SHORT_SUCCESS,False,0.0002304859850588148,0.6,0.4
rolling,2015,2015-08-13T00:00:00Z,35111,NORMAL,0.3359398911744932,0.33352897606229437,0.0,0.3508161242926123,0.6126533175362434,0.0,25,True,,,SHORT_SUCCESS,False,-0.00017546737152895897,0.4,0.6
rolling,2015,2015-08-14T00:00:00Z,35135,TRENDING,0.3516436772052452,0.3232225136361476,0.0,0.43832625512151274,0.5234786256713994,0.0,25,True,,,SHORT_SUCCESS,False,0.0012387970953391392,0.6,0.4
rolling,2015,2015-08-15T00:00:00Z,35159,NORMAL,0.3233389690529206,0.3319515486366583,0.0,0.37636357327215986,0.5471043948531538,0.0,25,True,,,SHORT_SUCCESS,False,-0.0006107048177176333,0.44,0.56
rolling,2015,2015-08-18T00:00:00Z,35183,VOLATILITY_CONTRACTION,0.31127058100548144,0.3535662382761366,0.0,0.31756541056588483,0.6438007557019855,0.0,25,True,,,LONG_SUCCESS,False,-0.00031132045470372294,0.36,0.64
rolling,2015,2015-08-19T00:00:00Z,35207,NORMAL,0.32074999715142916,0.3524061251541035,0.0,0.3262474780805979,0.6353308373807931,0.0,25,True,,,SHORT_SUCCESS,False,-0.0001929706745064097,0.4,0.6
rolling,2015,2015-08-20T00:00:00Z,35231,TRENDING,0.3497840039218687,0.32062509603222805,0.0,0.35108243918365123,0.6094603932295556,0.0,25,True,,,AMBIGUOUS_PATH,False,0.000613266252226019,0.64,0.36
rolling,2015,2015-08-21T00:00:00Z,35255,NORMAL,0.3228665426194565,0.3472704024322258,0.0,0.4400264054862224,0.5599735945137776,0.0,25,True,,,LONG_SUCCESS,False,0.0006021799347002421,0.68,0.32
rolling,2015,2015-08-22T00:00:00Z,35279,NORMAL,0.33449300813903987,0.3210798240404557,0.0,0.4678531571610581,0.4539118432731276,0.0,25,True,,,LONG_SUCCESS,False,0.0002460511668402887,0.6,0.4
rolling,2015,2015-08-25T00:00:00Z,35303,NORMAL,0.3427072396717258,0.33365513348268216,0.0,0.6595850376454655,0.34041496235453456,0.0,25,True,,,LONG_SUCCESS,False,-0.00012526418013325546,0.48,0.52
rolling,2015,2015-08-26T00:00:00Z,35327,NORMAL,0.333814651492653,0.3448482977198525,0.0,0.5261004788588264,0.43271326240592334,0.0,25,True,,,LONG_SUCCESS,False,0.000751147801504759,0.68,0.32
rolling,2015,2015-08-27T00:00:00Z,35351,LOW_VOLATILITY_RANGE,0.3453869645561928,0.3376352085767359,0.0,0.644846567050467,0.3170160084524405,0.0,25,True,,,LONG_SUCCESS,False,-0.00017546737152895897,0.44,0.56
rolling,2015,2015-08-28T00:00:00Z,35375,NORMAL,0.3318536158708305,0.3369594141305126,0.0,0.6476593190592602,0.19992921008244882,0.0,25,True,,,LONG_SUCCESS,False,0.000309971470401349,0.56,0.44
rolling,2015,2015-08-29T00:00:00Z,35399,NORMAL,0.31525438544035406,0.34681457085726264,0.0,0.35149507001913927,0.611686764654506,0.0,25,True,,,SHORT_SUCCESS,False,-5.372875349374251e-05,0.44,0.56
rolling,2015,2015-09-01T00:00:00Z,35423,HIGH_VOLATILITY,0.3372070811046241,0.3439527391619471,0.0,0.7183508995999304,0.2816491004000697,0.0,25,True,,,LONG_SUCCESS,False,-8.845940134138974e-05,0.48,0.52
rolling,2015,2015-09-02T00:00:00Z,35447,NORMAL,0.3229452988609527,0.3391889291664887,0.0,0.4439715012973214,0.5560284987026788,0.0,25,True,,,LONG_SUCCESS,False,-0.00024033772328102554,0.44,0.56
rolling,2015,2015-09-03T00:00:00Z,35471,TRENDING,0.3574623608749967,0.31543508533761383,0.0,0.4758181656471805,0.5241818343528195,0.0,25,True,,,LONG_SUCCESS,False,0.0010231759253847006,0.68,0.32
rolling,2015,2015-09-04T00:00:00Z,35495,TRENDING,0.35534546294526964,0.3234085150122155,0.0,0.4433912525012285,0.5183178873948684,0.0,25,True,,,SHORT_SUCCESS,False,0.0005433696789154396,0.6,0.4
rolling,2015,2015-09-05T00:00:00Z,35519,NORMAL,0.3412807738318212,0.33418973546672415,0.0,0.5393513698681529,0.41737664006999814,0.0,25,True,,,LONG_SUCCESS,False,0.0008053545807868989,0.8,0.2
rolling,2015,2015-09-08T00:00:00Z,35543,TRENDING,0.3959686969338494,0.3034998175927769,0.0,0.6049056770721144,0.35650587121141747,0.0,25,True,,,LONG_SUCCESS,False,-0.00019368003165110004,0.48,0.52
rolling,2015,2015-09-09T00:00:00Z,35567,NORMAL,0.3501636996731774,0.327134677286545,0.0,0.4314871574363802,0.5284489115702227,0.0,25,True,,,LONG_SUCCESS,False,-1.0448980872435065e-05,0.48,0.52
rolling,2015,2015-09-10T00:00:00Z,35591,NORMAL,0.3464221331177089,0.32721351530614085,0.0,0.5916225213599595,0.28710887157472065,0.0,25,True,,,LONG_SUCCESS,False,0.0008984389135548998,0.72,0.28
rolling,2015,2015-09-11T00:00:00Z,35615,LOW_VOLATILITY_RANGE,0.32777400098503073,0.34893639686578815,0.0,0.4465523891861333,0.5534476108138667,0.0,25,True,,,LONG_SUCCESS,False,0.00013369091710924152,0.52,0.48
rolling,2015,2015-09-12T00:00:00Z,35639,LOW_VOLATILITY_RANGE,0.3255819793553733,0.3422118787437377,0.0,0.5624124719775696,0.39991471444187565,0.0,25,True,,,LONG_SUCCESS,False,0.000297773141310298,0.6,0.4
rolling,2015,2015-09-15T00:00:00Z,35663,NORMAL,0.3341955957740483,0.34305612691822973,0.0,0.20735189847483493,0.6769592765844346,0.0,25,True,,,AMBIGUOUS_PATH,False,-0.00012526418013325546,0.48,0.52
rolling,2015,2015-09-16T00:00:00Z,35687,NORMAL,0.34596810687160306,0.3216292660618018,0.0,0.534474557757595,0.465525442242405,0.0,25,True,,,SHORT_SUCCESS,False,-0.00015780086043093444,0.48,0.52
rolling,2015,2015-09-17T00:00:00Z,35711,NORMAL,0.3517943869887951,0.3203139244745364,0.0,0.598161211629972,0.36230111145468263,0.0,25,True,,,LONG_SUCCESS,False,0.0006775364469977507,0.6,0.4
rolling,2015,2015-09-18T00:00:00Z,35735,HIGH_VOLATILITY,0.3277724803456554,0.33604403461894905,0.0,0.5620432964649051,0.3258067446647608,0.0,25,True,,,SHORT_SUCCESS,False,0.00019836542737738938,0.52,0.48
rolling,2015,2015-09-19T00:00:00Z,35759,NORMAL,0.310174310061369,0.3616344452664962,0.0,0.3964523649623569,0.6035476350376435,0.0,25,True,,,LONG_SUCCESS,False,0.00036371780127053555,0.64,0.36
rolling,2015,2015-09-22T00:00:00Z,35783,NORMAL,0.33756784314279853,0.31454962773980577,0.0,0.5903106817304182,0.4096893182695818,0.0,25,True,,,SHORT_SUCCESS,False,0.0001354704968541398,0.56,0.44
rolling,2015,2015-09-23T00:00:00Z,35807,VOLATILITY_EXPANSION,0.3398691279011168,0.33050363445782815,0.0,0.5921199005159558,0.4078800994840443,0.0,25,True,,,SHORT_SUCCESS,False,-0.0003683471250260917,0.48,0.52
rolling,2015,2015-09-24T00:00:00Z,35831,VOLATILITY_EXPANSION,0.33954199656977985,0.3311221698288849,0.0,0.6418515928403072,0.283917989969009,0.0,25,True,,,SHORT_SUCCESS,False,0.00023479197722187095,0.52,0.48
rolling,2015,2015-09-25T00:00:00Z,35855,HIGH_VOLATILITY,0.3348300661360424,0.34189243369547756,0.0,0.3986336260543819,0.5634782438582135,0.0,25,True,,,LONG_SUCCESS,False,0.00038325076088385757,0.6,0.4
rolling,2015,2015-09-26T00:00:00Z,35879,HIGH_VOLATILITY,0.3466063197559962,0.3305956308476763,0.0,0.5498962716966438,0.4097404627925692,0.0,25,True,,,LONG_SUCCESS,False,5.375069753266182e-05,0.52,0.48
rolling,2015,2015-09-29T00:00:00Z,35903,NORMAL,0.3385407722348982,0.34011722574998376,0.0,0.3597141625403432,0.6005146127131195,0.0,25,True,,,SHORT_SUCCESS,False,-0.0004455345729235116,0.44,0.56
rolling,2015,2015-09-30T00:00:00Z,35927,HIGH_VOLATILITY,0.357300457084283,0.3297565162657016,0.0,0.441234483593021,0.4741758930828098,0.0,25,True,,,SHORT_SUCCESS,False,-0.0003068048408191304,0.48,0.52
rolling,2015,2015-10-01T00:00:00Z,35951,NORMAL,0.3425486810558237,0.3352667942175168,0.0,0.43863952319349964,0.5613604768065005,0.0,25,True,,,LONG_SUCCESS,False,0.0005142394585599952,0.64,0.36
rolling,2015,2015-10-02T00:00:00Z,35975,NORMAL,0.33155620899997895,0.3433647943889313,0.0,0.6154460064484822,0.3121654918529926,0.0,25,True,,,LONG_SUCCESS,False,0.0007209696424714807,0.64,0.36
rolling,2015,2015-10-03T00:00:00Z,35999,NORMAL,0.3281012243408803,0.3499595784087903,0.0,0.2503490015028424,0.6761436784453247,0.0,25,True,,,SHORT_SUCCESS,False,-8.802945950781016e-05,0.48,0.52
rolling,2015,2015-10-06T00:00:00Z,36023,VOLATILITY_CONTRACTION,0.3306066853417141,0.34891297753058825,0.0,0.24254986688990138,0.7154241529148782,0.0,25,True,,,LONG_SUCCESS,False,-0.0007541709257230522,0.32,0.68
rolling,2015,2015-10-07T00:00:00Z,36047,NORMAL,0.3451735343859506,0.33156748441705186,0.0,0.39090109441815446,0.4943787084881453,0.0,25,True,,,SHORT_SUCCESS,False,0.000735399017567584,0.6,0.4
rolling,2015,2015-10-08T00:00:00Z,36071,NORMAL,0.3306131914582263,0.3366724662172234,0.0,0.476665686664258,0.523334313335742,0.0,25,True,,,LONG_SUCCESS,False,0.0005343453261521525,0.6,0.4
rolling,2015,2015-10-09T00:00:00Z,36095,NORMAL,0.3151047377705497,0.3396067842356025,0.0,0.3621553247506568,0.5971916960574687,0.0,25,True,,,LONG_SUCCESS,False,-0.00017290138957493095,0.48,0.52
rolling,2015,2015-10-10T00:00:00Z,36119,NORMAL,0.31966359985861015,0.349463003982024,0.0,0.30909094698518935,0.6512357584246381,0.0,25,True,,,LONG_SUCCESS,False,0.00017735381614558676,0.52,0.48
rolling,2015,2015-10-13T00:00:00Z,36143,NORMAL,0.3240896140624838,0.35000538449212015,0.0,0.620282900540401,0.3797170994595988,0.0,25,True,,,AMBIGUOUS_PATH,False,-0.0001798999492719222,0.48,0.52
rolling,2015,2015-10-14T00:00:00Z,36167,HIGH_VOLATILITY,0.34983293597401866,0.32814936360987246,0.0,0.5651288973155077,0.39720068424762833,0.0,25,True,,,LONG_SUCCESS,False,0.0009106536452792025,0.72,0.28
rolling,2015,2015-10-15T00:00:00Z,36191,VOLATILITY_CONTRACTION,0.31656946106724587,0.34792211688206093,0.0,0.38698847295517735,0.484565222666495,0.0,25,True,,,SHORT_SUCCESS,False,0.0001259749411941513,0.52,0.48
rolling,2015,2015-10-16T00:00:00Z,36215,NORMAL,0.34001992744884835,0.33114271207185536,0.0,0.473802138205231,0.4848318967195033,0.0,25,True,,,LONG_SUCCESS,False,0.00028851991133294064,0.56,0.44
rolling,2015,2015-10-17T00:00:00Z,36239,VOLATILITY_CONTRACTION,0.33171354143282067,0.32629802608541625,0.0,0.49617316540090334,0.42614710522792904,0.0,25,True,,,LONG_SUCCESS,False,0.0005525061883504545,0.64,0.36
rolling,2015,2015-10-20T00:00:00Z,36263,NORMAL,0.34924116858158993,0.33119582083443605,0.0,0.4799628191474072,0.4788507330999696,0.0,25,True,,,SHORT_SUCCESS,False,-0.0005142506539247416,0.4,0.6
rolling,2015,2015-10-21T00:00:00Z,36287,NORMAL,0.3434218996444333,0.32801527553834914,0.0,0.4695087561084532,0.4874735584066923,0.0,25,True,,,LONG_SUCCESS,False,5.647970600919372e-05,0.52,0.48
rolling,2015,2015-10-22T00:00:00Z,36311,NORMAL,0.32274298428447146,0.34461185407909817,0.0,0.44088008257138284,0.484532759602587,0.0,25,True,,,LONG_SUCCESS,False,0.00025099227713831773,0.52,0.48
rolling,2015,2015-10-23T00:00:00Z,36335,NORMAL,0.36218720695448364,0.31132589874823624,0.0,0.40828584107504556,0.5527488009326097,0.0,25,True,,,SHORT_SUCCESS,False,0.0010231759253847006,0.56,0.44
rolling,2015,2015-10-24T00:00:00Z,36359,VOLATILITY_CONTRACTION,0.3074674542550354,0.3649048066649053,0.0,0.47927599203871274,0.5207240079612874,0.0,25,True,,,SHORT_SUCCESS,False,0.00011536421837887723,0.52,0.48
rolling,2015,2015-10-27T00:00:00Z,36383,VOLATILITY_CONTRACTION,0.32206977490867117,0.3454886850799982,0.0,0.31737304764044,0.6450198276964427,0.0,25,True,,,SHORT_SUCCESS,False,-0.0003537718846209348,0.48,0.52
rolling,2015,2015-10-28T00:00:00Z,36407,NORMAL,0.31771186426121323,0.35048615047992876,0.0,0.23709613872501514,0.7629038612749851,0.0,25,True,,,LONG_SUCCESS,False,-0.0006628815066084259,0.32,0.68
rolling,2015,2015-10-29T00:00:00Z,36431,LOW_VOLATILITY_RANGE,0.3250524062958949,0.33551832425625944,0.0,0.3657251076862292,0.5981299594918933,0.0,25,True,,,SHORT_SUCCESS,False,0.0006589023019032414,0.76,0.24
rolling,2015,2015-10-30T00:00:00Z,36455,NORMAL,0.3105608985623495,0.3557599728978242,0.0,0.28924861210466685,0.6342675985780923,0.0,25,True,,,LONG_SUCCESS,False,0.00017735381614558676,0.56,0.44
rolling,2015,2015-10-31T00:00:00Z,36479,NORMAL,0.31080125472608217,0.34447069498159405,0.0,0.4901465221247498,0.42790774876095883,0.0,25,True,,,LONG_SUCCESS,False,-0.0003886956801254504,0.4,0.6
rolling,2015,2015-11-03T00:00:00Z,36503,NORMAL,0.33305246310798425,0.33368866312647816,0.0,0.3919157172368329,0.5280661550941609,0.0,25,True,,,SHORT_SUCCESS,False,-0.0002724938998812654,0.36,0.64
rolling,2015,2015-11-04T00:00:00Z,36527,NORMAL,0.32752408089478263,0.338562952725356,0.0,0.4407854085107219,0.4316914355290515,0.0,25,True,,,LONG_SUCCESS,False,0.0005423132899582406,0.56,0.44
rolling,2015,2015-11-05T00:00:00Z,36551,NORMAL,0.3364920233521623,0.3283884019892195,0.0,0.5998065196798845,0.32406613461228595,0.0,25,True,,,SHORT_SUCCESS,False,0.0004959171415570562,0.64,0.36
rolling,2015,2015-11-06T00:00:00Z,36575,NORMAL,0.32682438903211797,0.3328058142959928,0.0,0.3187587569001046,0.6812412430998956,0.0,25,True,,,LONG_SUCCESS,False,-0.0007424994783140626,0.4,0.6
rolling,2015,2015-11-07T00:00:00Z,36599,NORMAL,0.34948858799552734,0.3334468610706269,0.0,0.5578117894713199,0.4421882105286801,0.0,25,True,,,SHORT_SUCCESS,False,0.0003622367361988399,0.68,0.32
rolling,2015,2015-11-10T00:00:00Z,36623,NORMAL,0.3440213332846848,0.33431707534082417,0.0,0.45426601992067334,0.5061937970365423,0.0,25,True,,,SHORT_SUCCESS,False,-0.00015780086043093444,0.44,0.56
rolling,2015,2015-11-11T00:00:00Z,36647,VOLATILITY_EXPANSION,0.34862500522257556,0.3241622245302124,0.0,0.6026835452237239,0.35590420234848724,0.0,25,True,,,SHORT_SUCCESS,False,0.0004959171415570562,0.6,0.4
rolling,2015,2015-11-12T00:00:00Z,36671,NORMAL,0.34007621272465244,0.3291925563229165,0.0,0.5585766617815604,0.3999368882982819,0.0,25,True,,,SHORT_SUCCESS,False,0.0007081475131078818,0.72,0.28
rolling,2015,2015-11-13T00:00:00Z,36695,NORMAL,0.34780112827568904,0.3253184556438416,0.0,0.4025273404333381,0.5566250747869986,0.0,25,True,,,LONG_SUCCESS,False,0.0005142394585599952,0.64,0.36
rolling,2015,2015-11-14T00:00:00Z,36719,NORMAL,0.3258768607965756,0.35199767837006674,0.0,0.5202104668426023,0.4797895331573976,0.0,25,True,,,SHORT_SUCCESS,False,0.00011756467665580139,0.52,0.48
rolling,2015,2015-11-17T00:00:00Z,36743,VOLATILITY_CONTRACTION,0.36099527165239326,0.33308242489126116,0.0,0.4497231111763511,0.5030364184286609,0.0,25,True,,,LONG_SUCCESS,False,-0.00034341124451264804,0.44,0.56
rolling,2015,2015-11-18T00:00:00Z,36767,VOLATILITY_CONTRACTION,0.3410408223699081,0.3421474642578594,0.0,0.5017255897426004,0.4982744102573997,0.0,25,True,,,SHORT_SUCCESS,False,0.0002488929398196671,0.56,0.44
rolling,2015,2015-11-19T00:00:00Z,36791,LOW_VOLATILITY_RANGE,0.32505922324422176,0.33592864551570334,0.0,0.4508285154217596,0.4706631758634623,0.0,25,True,,,LONG_SUCCESS,False,-0.0001262744039511876,0.48,0.52
rolling,2015,2015-11-20T00:00:00Z,36815,NORMAL,0.34217071533158705,0.3299772479679583,0.0,0.4849352610404517,0.47725460550658205,0.0,25,True,,,SHORT_SUCCESS,False,-0.0002958047568897282,0.4,0.6
rolling,2015,2015-11-21T00:00:00Z,36839,NORMAL,0.341871058820734,0.31575660538661654,0.0,0.401458290239866,0.5554258906225722,0.0,25,True,,,LONG_SUCCESS,False,6.922491051208901e-05,0.56,0.44
rolling,2015,2015-11-24T00:00:00Z,36863,NORMAL,0.33089019368139216,0.3357476391493705,0.0,0.4436823511554425,0.5176261987283376,0.0,25,True,,,LONG_SUCCESS,False,-0.00015780086043093444,0.44,0.56
rolling,2015,2015-11-25T00:00:00Z,36887,NORMAL,0.3412030537378056,0.3232552439183399,0.0,0.5624602046823397,0.3903946322852826,0.0,25,True,,,SHORT_SUCCESS,False,-0.00014103228864748019,0.48,0.52
rolling,2015,2015-11-26T00:00:00Z,36911,HIGH_VOLATILITY,0.3461267796773989,0.32693683811323,0.0,0.715735485259008,0.2000481816782025,0.0,25,True,,,SHORT_SUCCESS,False,0.0015172617775054409,0.64,0.36
rolling,2015,2015-11-27T00:00:00Z,36935,NORMAL,0.3408187335230449,0.3344858836698895,0.0,0.44938609925940953,0.5144897481512707,0.0,25,True,,,SHORT_SUCCESS,False,0.0003319349493717816,0.56,0.44
rolling,2015,2015-11-28T00:00:00Z,36959,HIGH_VOLATILITY,0.32052792641155814,0.3503624734013173,0.0,0.2625067381966687,0.6968694192660483,0.0,25,True,,,LONG_SUCCESS,False,-0.00017290138957493095,0.36,0.64
rolling,2015,2015-12-01T00:00:00Z,36983,VOLATILITY_CONTRACTION,0.3402197428539963,0.3444773329170902,0.0,0.3604683372754903,0.5614482228739544,0.0,25,True,,,SHORT_SUCCESS,False,-0.0003788763989753807,0.44,0.56
rolling,2015,2015-12-02T00:00:00Z,37007,VOLATILITY_CONTRACTION,0.33435305807837035,0.3327874144409015,0.0,0.4997390410582605,0.46460886839876253,0.0,25,True,,,LONG_SUCCESS,False,-0.00034111773198652884,0.48,0.52
rolling,2015,2015-12-03T00:00:00Z,37031,TRENDING,0.351439649565208,0.3228017493981867,0.0,0.23172877256266047,0.6914785088633021,0.0,25,True,,,LONG_SUCCESS,False,-0.000143853167721808,0.4,0.6
rolling,2015,2015-12-04T00:00:00Z,37055,VOLATILITY_EXPANSION,0.3328923834269119,0.3374657679555192,0.0,0.5634296307148495,0.4365703692851507,0.0,25,True,,,SHORT_SUCCESS,False,0.00017569234142689183,0.52,0.48
rolling,2015,2015-12-05T00:00:00Z,37079,VOLATILITY_EXPANSION,0.3341457220752777,0.33371943668466264,0.0,0.5595888957521763,0.3974517828505828,0.0,25,True,,,SHORT_SUCCESS,False,1.7778193859285807e-06,0.52,0.48
rolling,2015,2015-12-08T00:00:00Z,37103,NORMAL,0.3746130010806144,0.3128630078908782,0.0,0.5588048554615621,0.4411951445384381,0.0,25,True,,,LONG_SUCCESS,False,0.0003123458459963757,0.6,0.4
rolling,2015,2015-12-09T00:00:00Z,37127,NORMAL,0.3456016736856399,0.33913666692086497,0.0,0.5619871359584578,0.36075956086537414,0.0,25,True,,,SHORT_SUCCESS,False,0.0003072612849477352,0.52,0.48
rolling,2015,2015-12-10T00:00:00Z,37151,NORMAL,0.31183854164417796,0.3431538344620178,0.0,0.2880139762762703,0.6744094875019998,0.0,25,True,,,LONG_SUCCESS,False,0.0003144009059248276,0.52,0.48
rolling,2015,2015-12-11T00:00:00Z,37175,HIGH_VOLATILITY,0.33354280382779783,0.33576995549845146,0.0,0.6261587274968646,0.33449938215171615,0.0,25,True,,,SHORT_SUCCESS,False,0.00019836542737738938,0.52,0.48
rolling,2015,2015-12-12T00:00:00Z,37199,NORMAL,0.34298534073014153,0.32415517860199705,0.0,0.401149139805587,0.5530378753111077,0.0,25,True,,,SHORT_SUCCESS,False,-0.0005592730615213704,0.4,0.6
rolling,2015,2015-12-15T00:00:00Z,37223,NORMAL,0.3386301418962429,0.34102518685782535,0.0,0.47478872006941364,0.44499076894488576,0.0,25,True,,,LONG_SUCCESS,False,-0.0004536699660329102,0.44,0.56
rolling,2015,2015-12-16T00:00:00Z,37247,NORMAL,0.3443355408312645,0.3309041288733545,0.0,0.5595097245189277,0.3544184208481811,0.0,25,True,,,LONG_SUCCESS,False,0.0006967332253773328,0.6,0.4
rolling,2015,2015-12-17T00:00:00Z,37271,NORMAL,0.3185663087262118,0.34582759436695465,0.0,0.31441535006245463,0.5927114209624004,0.0,25,True,,,SHORT_SUCCESS,False,0.00044327481018191506,0.56,0.44
rolling,2015,2015-12-18T00:00:00Z,37295,NORMAL,0.3356904028433866,0.33058659997302625,0.0,0.3489571754370082,0.5718526296924965,0.0,25,True,,,LONG_SUCCESS,False,0.0007726993990868625,0.64,0.36
rolling,2015,2015-12-19T00:00:00Z,37319,NORMAL,0.31950484776026833,0.3436484335429192,0.0,0.48596072645836175,0.3616341822761759,0.0,25,True,,,LONG_SUCCESS,False,-0.0001798999492719222,0.44,0.56
rolling,2015,2015-12-22T00:00:00Z,37343,NORMAL,0.33930171138964016,0.3381668550975772,0.0,0.6303484716457712,0.3278245864838424,0.0,25,True,,,LONG_SUCCESS,False,-0.00015780086043093444,0.48,0.52
rolling,2015,2015-12-23T00:00:00Z,37367,NORMAL,0.3268985428142617,0.340399750877215,0.0,0.6020485251383866,0.3214272434451547,0.0,25,True,,,LONG_SUCCESS,False,0.0010219840428311588,0.56,0.44
rolling,2015,2015-12-24T00:00:00Z,37391,NORMAL,0.3319109610527452,0.3318128660276424,0.0,0.5994352595721919,0.283750959057062,0.0,25,True,,,LONG_SUCCESS,False,0.00019058624153078796,0.56,0.44
rolling,2015,2015-12-25T00:00:00Z,37415,NORMAL,0.32779970087382165,0.34954255232271475,0.0,0.3994053271489389,0.6005946728510615,0.0,25,True,,,LONG_SUCCESS,False,0.00026301698318142996,0.6,0.4
rolling,2015,2015-12-26T00:00:00Z,37439,VOLATILITY_CONTRACTION,0.32156499177511266,0.3503658066344422,0.0,0.6430125022077909,0.31681012712330586,0.0,25,True,,,LONG_SUCCESS,False,-0.00039174584712642346,0.4,0.6
rolling,2015,2015-12-29T00:00:00Z,37463,VOLATILITY_CONTRACTION,0.3243469256818137,0.34573327204089815,0.0,0.47467697561750616,0.525323024382494,0.0,25,True,,,LONG_SUCCESS,False,0.00016870519197520473,0.64,0.36
rolling,2015,2015-12-30T00:00:00Z,37487,NORMAL,0.32579578663800224,0.34868374740146857,0.0,0.5150444057637183,0.48495559423628154,0.0,25,True,,,LONG_SUCCESS,False,-4.787318843613164e-05,0.48,0.52
rolling,2015,2015-12-31T00:00:00Z,37511,NORMAL,0.36313284300802257,0.31525504878468324,0.0,0.44440451801276226,0.4810922802495835,0.0,25,True,,,LONG_SUCCESS,False,-0.00034341124451264804,0.36,0.64
rolling,2015,2016-01-01T00:00:00Z,37535,NORMAL,0.3469313349310187,0.3256592187208442,0.0,0.39654296561098745,0.5622678809891253,0.0,25,True,,,LONG_SUCCESS,False,0.00021742852856854178,0.52,0.48
expanding,2016,2016-01-02T00:00:00Z,37559,NORMAL,0.3313566510085215,0.33298585064649855,0.0,0.4919731704082976,0.43640853798359086,0.0,25,True,,,SHORT_SUCCESS,False,0.0007514638121508543,0.68,0.32
expanding,2016,2016-01-05T00:00:00Z,37583,NORMAL,0.3360980565703654,0.3288173516303752,0.0,0.529745525993608,0.4247302579681233,0.0,25,True,,,SHORT_SUCCESS,False,5.647970600919372e-05,0.52,0.48
expanding,2016,2016-01-06T00:00:00Z,37607,NORMAL,0.32343015196709096,0.34393180594928974,0.0,0.3578480132382873,0.6019755041619457,0.0,25,True,,,SHORT_SUCCESS,False,6.695803203449202e-06,0.52,0.48
expanding,2016,2016-01-07T00:00:00Z,37631,TRENDING,0.3481062706520829,0.3274292813471404,0.0,0.47311650073024464,0.41281898985273124,0.0,25,True,,,SHORT_SUCCESS,False,0.0003610521953341106,0.52,0.48
expanding,2016,2016-01-08T00:00:00Z,37655,NORMAL,0.3409674819364014,0.3277677585092319,0.0,0.6058002462518637,0.39419975374813643,0.0,25,True,,,LONG_SUCCESS,False,0.00026022355958454924,0.52,0.48
expanding,2016,2016-01-09T00:00:00Z,37679,NORMAL,0.317490124341,0.3385183775974028,0.0,0.37670180537852127,0.6232981946214783,0.0,25,True,,,LONG_SUCCESS,False,-8.802945950781016e-05,0.48,0.52
expanding,2016,2016-01-12T00:00:00Z,37703,NORMAL,0.3235306632969845,0.35094277880895547,0.0,0.2839379801504646,0.7160620198495353,0.0,25,True,,,LONG_SUCCESS,False,-0.0003537718846209348,0.36,0.64
expanding,2016,2016-01-13T00:00:00Z,37727,NORMAL,0.34085188222617785,0.3378711161654702,0.0,0.5854325870369979,0.41456741296300226,0.0,25,True,,,LONG_SUCCESS,False,2.5534697426943254e-05,0.52,0.48
expanding,2016,2016-01-14T00:00:00Z,37751,NORMAL,0.35614097051661336,0.32796382573251004,0.0,0.49149261831645263,0.5085073816835473,0.0,25,True,,,SHORT_SUCCESS,False,0.0006341681956405498,0.52,0.48
expanding,2016,2016-01-15T00:00:00Z,37775,HIGH_VOLATILITY,0.3418992033431612,0.33718086936134584,0.0,0.47447828638939077,0.4827997395603196,0.0,25,True,,,LONG_SUCCESS,False,0.00011432336045746894,0.56,0.44
expanding,2016,2016-01-16T00:00:00Z,37799,VOLATILITY_CONTRACTION,0.3515327637420635,0.33220906563378383,0.0,0.4739538486944799,0.4889300929522113,0.0,25,True,,,SHORT_SUCCESS,False,0.000524993511235694,0.6,0.4
expanding,2016,2016-01-19T00:00:00Z,37823,NORMAL,0.3127845373951086,0.34310669887604084,0.0,0.31542681922932403,0.6845731807706762,0.0,25,True,,,LONG_SUCCESS,False,-0.0001929706745064097,0.36,0.64
expanding,2016,2016-01-20T00:00:00Z,37847,VOLATILITY_CONTRACTION,0.31383874955630964,0.3447400764516861,0.0,0.31409981419373617,0.5693733772923152,0.0,25,True,,,AMBIGUOUS_PATH,False,-0.0004939534705841186,0.36,0.64
expanding,2016,2016-01-21T00:00:00Z,37871,NORMAL,0.33894737176893,0.3300405374723072,0.0,0.4929849116880325,0.4670424477165202,0.0,25,True,,,SHORT_SUCCESS,False,0.00026022355958454924,0.52,0.48
expanding,2016,2016-01-22T00:00:00Z,37895,VOLATILITY_CONTRACTION,0.3071352728328323,0.33577773073904404,0.0,0.5195808223459069,0.44430321111067966,0.0,25,True,,,SHORT_SUCCESS,False,-5.0319556070932414e-05,0.44,0.56
expanding,2016,2016-01-23T00:00:00Z,37919,TRENDING,0.34858304182733746,0.3241571249587924,0.0,0.4041417678536503,0.5561590077848861,0.0,25,True,,,LONG_SUCCESS,False,0.00033440606629864256,0.6,0.4
expanding,2016,2016-01-26T00:00:00Z,37943,NORMAL,0.3185529883918708,0.3326974547730937,0.0,0.6017222298823587,0.3592782549745115,0.0,25,True,,,SHORT_SUCCESS,False,-0.0007136284421541683,0.32,0.68
expanding,2016,2016-01-27T00:00:00Z,37967,LOW_VOLATILITY_RANGE,0.32875659411848457,0.3418122256762745,0.0,0.36707580406350565,0.6329241959364946,0.0,25,True,,,SHORT_SUCCESS,False,-0.0003537718846209348,0.4,0.6
expanding,2016,2016-01-28T00:00:00Z,37991,NORMAL,0.30915433636685197,0.34348109927272796,0.0,0.3980612970342407,0.44786840907514885,0.0,25,True,,,LONG_SUCCESS,False,-5.0319556070932414e-05,0.48,0.52
expanding,2016,2016-01-29T00:00:00Z,38015,NORMAL,0.344944010267513,0.3284663301599152,0.0,0.4710855744055023,0.4906170857295545,0.0,25,True,,,SHORT_SUCCESS,False,-1.0448980872435065e-05,0.48,0.52
expanding,2016,2016-01-30T00:00:00Z,38039,VOLATILITY_EXPANSION,0.3379199269276832,0.33388296724762767,0.0,0.6123915850862723,0.3876084149137273,0.0,25,True,,,SHORT_SUCCESS,False,0.0009106536452792025,0.72,0.28
expanding,2016,2016-02-02T00:00:00Z,38063,NORMAL,0.33213445935255714,0.33325442848894354,0.0,0.20312500087939878,0.6794130825537148,0.0,25,True,,,LONG_SUCCESS,False,-0.0003537718846209348,0.4,0.6
expanding,2016,2016-02-03T00:00:00Z,38087,HIGH_VOLATILITY,0.320329872767419,0.34429742065007785,0.0,0.5580463159015886,0.3216504691861983,0.0,25,True,,,SHORT_SUCCESS,False,-4.787318843613164e-05,0.48,0.52
expanding,2016,2016-02-04T00:00:00Z,38111,NORMAL,0.33522107008730806,0.3272977213870653,0.0,0.48134604391019564,0.4795508279332396,0.0,25,True,,,LONG_SUCCESS,False,0.0007151726034695383,0.6,0.4
expanding,2016,2016-02-05T00:00:00Z,38135,NORMAL,0.3544215992766277,0.3241571554707775,0.0,0.5200465959560422,0.47995340404395787,0.0,25,True,,,LONG_SUCCESS,False,0.0012721656397762793,0.64,0.36
expanding,2016,2016-02-06T00:00:00Z,38159,NORMAL,0.33729511674063334,0.32916255662806704,0.0,0.46131866647867475,0.5386813335213253,0.0,25,True,,,SHORT_SUCCESS,False,-0.0002838638071603894,0.44,0.56
expanding,2016,2016-02-09T00:00:00Z,38183,NORMAL,0.33809995808697774,0.3383971529824085,0.0,0.5084761571163914,0.45481579112819875,0.0,25,True,,,SHORT_SUCCESS,False,-0.00015780086043093444,0.48,0.52
expanding,2016,2016-02-10T00:00:00Z,38207,NORMAL,0.3274554397892058,0.3465966982751034,0.0,0.4025946208248051,0.5598838237544856,0.0,25,True,,,SHORT_SUCCESS,False,0.0006525340925507273,0.56,0.44
expanding,2016,2016-02-11T00:00:00Z,38231,HIGH_VOLATILITY,0.32788134982642747,0.3311576068137657,0.0,0.763479408870145,0.12318735772843883,0.0,25,True,,,SHORT_SUCCESS,False,0.00022167713838627812,0.6,0.4
expanding,2016,2016-02-12T00:00:00Z,38255,NORMAL,0.3229901008891325,0.342546551238152,0.0,0.4514856369247235,0.5048758476617333,0.0,25,True,,,SHORT_SUCCESS,False,-0.0007550736091511689,0.32,0.68
expanding,2016,2016-02-13T00:00:00Z,38279,NORMAL,0.32702024965459064,0.33464813957383993,0.0,0.5003837589431944,0.46148652495229026,0.0,25,True,,,LONG_SUCCESS,False,7.396622555866372e-05,0.52,0.48
expanding,2016,2016-02-16T00:00:00Z,38303,NORMAL,0.3313664961810013,0.33790167916863567,0.0,0.5252507836936738,0.43281716882524257,0.0,25,True,,,LONG_SUCCESS,False,-0.0002724938998812654,0.44,0.56
expanding,2016,2016-02-17T00:00:00Z,38327,NORMAL,0.33966343787520514,0.33193672300192756,0.0,0.43970468688735614,0.521928537981991,0.0,25,True,,,LONG_SUCCESS,False,0.0007081475131078818,0.6,0.4
expanding,2016,2016-02-18T00:00:00Z,38351,NORMAL,0.34267175639426617,0.3338492464465795,0.0,0.6343274454224935,0.2846875980012874,0.0,25,True,,,LONG_SUCCESS,False,0.00037083689241845796,0.6,0.4
expanding,2016,2016-02-19T00:00:00Z,38375,LOW_VOLATILITY_RANGE,0.3451466326297348,0.3410884940942406,0.0,0.7262696280989573,0.27373037190104266,0.0,25,True,,,SHORT_SUCCESS,False,0.0006202340513712379,0.6,0.4
expanding,2016,2016-02-20T00:00:00Z,38399,NORMAL,0.3343386905188517,0.3408480404472671,0.0,0.3876330758213279,0.5325697849620842,0.0,25,True,,,SHORT_SUCCESS,False,0.00011756467665580139,0.52,0.48
expanding,2016,2016-02-23T00:00:00Z,38423,NORMAL,0.335408727378912,0.3395161609946227,0.0,0.3542685847374836,0.6079909485170876,0.0,25,True,,,SHORT_SUCCESS,False,-0.0003537718846209348,0.4,0.6
expanding,2016,2016-02-24T00:00:00Z,38447,NORMAL,0.3427914996983011,0.320177819454813,0.0,0.46773866105603645,0.5322613389439637,0.0,25,True,,,SHORT_SUCCESS,False,0.0007278330627715768,0.64,0.36
expanding,2016,2016-02-25T00:00:00Z,38471,NORMAL,0.3343185546162656,0.3311494598637065,0.0,0.560738352139112,0.3531954416250946,0.0,25,True,,,LONG_SUCCESS,False,0.0006775364469977507,0.64,0.36
expanding,2016,2016-02-26T00:00:00Z,38495,NORMAL,0.328022465605007,0.3357906183398175,0.0,0.5635208620604041,0.4364791379395959,0.0,25,True,,,LONG_SUCCESS,False,-0.0008504542945991789,0.44,0.56
expanding,2016,2016-02-27T00:00:00Z,38519,NORMAL,0.33298243302665226,0.3373189401359741,0.0,0.36268577777626837,0.5967994119155522,0.0,25,True,,,AMBIGUOUS_PATH,False,0.00011756467665580139,0.52,0.48
expanding,2016,2016-03-01T00:00:00Z,38543,NORMAL,0.31207605005541167,0.3325970905967593,0.0,0.44035311435408864,0.48119596295002914,0.0,25,True,,,AMBIGUOUS_PATH,False,-0.00024033772328102554,0.48,0.52
expanding,2016,2016-03-02T00:00:00Z,38567,NORMAL,0.3508209658385927,0.3183713764311023,0.0,0.4885388139610371,0.4735348846170503,0.0,25,True,,,SHORT_SUCCESS,False,0.0008018053055833807,0.68,0.32
expanding,2016,2016-03-03T00:00:00Z,38591,HIGH_VOLATILITY,0.346260972565897,0.3298463506521599,0.0,0.4249977642151124,0.48237355042358604,0.0,25,True,,,SHORT_SUCCESS,False,0.0010535313197714835,0.6,0.4
expanding,2016,2016-03-04T00:00:00Z,38615,HIGH_VOLATILITY,0.3240561301184467,0.33719543031189325,0.0,0.2829242339542708,0.6776132809499271,0.0,25,True,,,SHORT_SUCCESS,False,-0.0007550736091511689,0.24,0.76
expanding,2016,2016-03-05T00:00:00Z,38639,NORMAL,0.3434655346905288,0.3258880014136508,0.0,0.4293878771743688,0.530871068232189,0.0,25,True,,,SHORT_SUCCESS,False,0.0004591117959000801,0.68,0.32
expanding,2016,2016-03-08T00:00:00Z,38663,VOLATILITY_CONTRACTION,0.30478141210122583,0.3473013101527778,0.0,0.3873804925555301,0.6126195074444698,0.0,25,True,,,SHORT_SUCCESS,False,0.00011575868383251198,0.52,0.48
expanding,2016,2016-03-09T00:00:00Z,38687,HIGH_VOLATILITY,0.3535317100904337,0.3298936906205476,0.0,0.5974818964586672,0.364781869860543,0.0,25,True,,,SHORT_SUCCESS,False,0.0004065184011556866,0.52,0.48
expanding,2016,2016-03-10T00:00:00Z,38711,HIGH_VOLATILITY,0.3313445021296369,0.3319790898147592,0.0,0.43230934328216253,0.5272788300926641,0.0,25,True,,,SHORT_SUCCESS,False,-7.302209055959352e-05,0.48,0.52
expanding,2016,2016-03-11T00:00:00Z,38735,HIGH_VOLATILITY,0.343761450452126,0.3256007168744184,0.0,0.5967328244793365,0.3654197679559285,0.0,25,True,,,SHORT_SUCCESS,False,0.00037083689241845796,0.56,0.44
expanding,2016,2016-03-12T00:00:00Z,38759,NORMAL,0.3464344534388769,0.32396805532364065,0.0,0.436418444266561,0.5265025359188804,0.0,25,True,,,SHORT_SUCCESS,False,-0.00048445584540757203,0.4,0.6
expanding,2016,2016-03-15T00:00:00Z,38783,HIGH_VOLATILITY,0.3601640657040477,0.32714657371598765,0.0,0.5618779172791553,0.4381220827208447,0.0,25,True,,,LONG_SUCCESS,False,0.00039190124642063395,0.56,0.44
expanding,2016,2016-03-16T00:00:00Z,38807,NORMAL,0.32434445049878086,0.3417325931529015,0.0,0.19657616002563313,0.7668402777663521,0.0,25,True,,,LONG_SUCCESS,False,0.0004630525002886632,0.56,0.44
expanding,2016,2016-03-17T00:00:00Z,38831,NORMAL,0.3426741056671609,0.33188432406750373,0.0,0.5123729420762098,0.44850831122285906,0.0,25,True,,,SHORT_SUCCESS,False,-7.257765660362292e-05,0.48,0.52
expanding,2016,2016-03-18T00:00:00Z,38855,NORMAL,0.3366889723051153,0.33298007941860985,0.0,0.5674705239459561,0.3936889594040332,0.0,25,True,,,AMBIGUOUS_PATH,False,0.0004606061653862348,0.64,0.36
expanding,2016,2016-03-19T00:00:00Z,38879,VOLATILITY_CONTRACTION,0.3409541615387538,0.32885126671594683,0.0,0.4887873754739702,0.47018289818281206,0.0,25,True,,,LONG_SUCCESS,False,0.0009817036398200862,0.72,0.28
expanding,2016,2016-03-22T00:00:00Z,38903,NORMAL,0.35019440219674025,0.3352230670733717,0.0,0.39739320144866064,0.6026067985513395,0.0,25,True,,,SHORT_SUCCESS,False,3.242605558040346e-05,0.52,0.48
expanding,2016,2016-03-23T00:00:00Z,38927,HIGH_VOLATILITY,0.3432413698257808,0.32757272560726464,0.0,0.5582361623207531,0.39827765418974187,0.0,25,True,,,LONG_SUCCESS,False,0.00037083689241845796,0.56,0.44
expanding,2016,2016-03-24T00:00:00Z,38951,HIGH_VOLATILITY,0.32339854097334164,0.33902994052038804,0.0,0.4683966483763825,0.45556951416381086,0.0,25,True,,,LONG_SUCCESS,False,0.00026832313410407593,0.56,0.44
expanding,2016,2016-03-25T00:00:00Z,38975,NORMAL,0.3466152085688686,0.32914845977977697,0.0,0.5612677904889251,0.4387322095110748,0.0,25,True,,,LONG_SUCCESS,False,0.0005489639315567896,0.56,0.44
expanding,2016,2016-03-26T00:00:00Z,38999,TRENDING,0.34674106101112506,0.33136223456135194,0.0,0.3705751694510721,0.51428284703141,0.0,25,True,,,LONG_SUCCESS,False,0.0002303160279004679,0.52,0.48
expanding,2016,2016-03-29T00:00:00Z,39023,NORMAL,0.3198261472232678,0.34443823532400974,0.0,0.4744862750584241,0.48039838926381295,0.0,25,True,,,SHORT_SUCCESS,False,0.0002304859850588148,0.52,0.48
expanding,2016,2016-03-30T00:00:00Z,39047,NORMAL,0.31894142263611175,0.34655562909512494,0.0,0.4418556857904745,0.5581443142095254,0.0,25,True,,,SHORT_SUCCESS,False,0.00012432253052163666,0.52,0.48
expanding,2016,2016-03-31T00:00:00Z,39071,NORMAL,0.3361849033633638,0.33165604687866906,0.0,0.3701416205017965,0.590392604093927,0.0,25,True,,,SHORT_SUCCESS,False,0.0007081475131078818,0.68,0.32
expanding,2016,2016-04-01T00:00:00Z,39095,NORMAL,0.3341653638831568,0.3416306122694056,0.0,0.5239316264880278,0.4363905656000752,0.0,25,True,,,LONG_SUCCESS,False,0.00030143980038399576,0.56,0.44
expanding,2016,2016-04-02T00:00:00Z,39119,NORMAL,0.31636116084349336,0.34009152347185867,0.0,0.40221667806376116,0.5564579156965167,0.0,25,True,,,SHORT_SUCCESS,False,-0.0004376546426425598,0.28,0.72
expanding,2016,2016-04-05T00:00:00Z,39143,LOW_VOLATILITY_RANGE,0.32609458590730217,0.34222654806583813,0.0,0.3053134334890846,0.6946865665109154,0.0,25,True,,,AMBIGUOUS_PATH,False,-0.0005215358156339667,0.4,0.6
expanding,2016,2016-04-06T00:00:00Z,39167,NORMAL,0.3434909075681953,0.32980391523082775,0.0,0.4036772748458697,0.5106445733523257,0.0,25,True,,,LONG_SUCCESS,False,0.0007081475131078818,0.64,0.36
expanding,2016,2016-04-07T00:00:00Z,39191,NORMAL,0.3057701684421584,0.34349750787894184,0.0,0.2770638139732524,0.6102414948580767,0.0,25,True,,,LONG_SUCCESS,False,-0.00018879117043957283,0.44,0.56
expanding,2016,2016-04-08T00:00:00Z,39215,HIGH_VOLATILITY,0.3386250349832839,0.325129894855622,0.0,0.6802091329089819,0.31979086709101817,0.0,25,True,,,SHORT_SUCCESS,False,0.00047045984439320065,0.68,0.32
expanding,2016,2016-04-09T00:00:00Z,39239,NORMAL,0.3136158923935039,0.3385925680849571,0.0,0.3786228721383669,0.5798068729977977,0.0,25,True,,,SHORT_SUCCESS,False,-5.372875349374251e-05,0.44,0.56
expanding,2016,2016-04-12T00:00:00Z,39263,NORMAL,0.3190118691852077,0.33324568426691015,0.0,0.44452150957543846,0.5139407321232785,0.0,25,True,,,SHORT_SUCCESS,False,0.0008852716401488436,0.64,0.36
expanding,2016,2016-04-13T00:00:00Z,39287,LOW_VOLATILITY_RANGE,0.3330001991888721,0.33723567408554306,0.0,0.2346132610933562,0.7653867389066439,0.0,25,True,,,SHORT_SUCCESS,False,-0.0007678191572544346,0.44,0.56
expanding,2016,2016-04-14T00:00:00Z,39311,NORMAL,0.3223140594397491,0.3327167431567426,0.0,0.5160665822944754,0.32685982191537843,0.0,25,True,,,LONG_SUCCESS,False,0.000919302883322981,0.72,0.28
expanding,2016,2016-04-15T00:00:00Z,39335,VOLATILITY_CONTRACTION,0.34418229988825383,0.3332682895553216,0.0,0.4410059672841486,0.46329428576210185,0.0,25,True,,,LONG_SUCCESS,False,-7.257765660362292e-05,0.44,0.56
expanding,2016,2016-04-16T00:00:00Z,39359,NORMAL,0.34638790591717217,0.3320466968557913,0.0,0.3972411465564429,0.5596193360661046,0.0,25,True,,,SHORT_SUCCESS,False,6.922491051208901e-05,0.52,0.48
expanding,2016,2016-04-19T00:00:00Z,39383,VOLATILITY_CONTRACTION,0.3369839490994399,0.33994726584613216,0.0,0.43587972081923687,0.5641202791807628,0.0,25,True,,,SHORT_SUCCESS,False,-0.00023825857798276395,0.48,0.52
expanding,2016,2016-04-20T00:00:00Z,39407,NORMAL,0.3319386493398289,0.3302807970779216,0.0,0.3185671307191217,0.6023838083703494,0.0,25,True,,,SHORT_SUCCESS,False,-0.000178844519928556,0.44,0.56
expanding,2016,2016-04-21T00:00:00Z,39431,NORMAL,0.3276090645824735,0.331853655716307,0.0,0.36614558159992755,0.47399506312060685,0.0,25,True,,,SHORT_SUCCESS,False,0.00019058624153078796,0.6,0.4
expanding,2016,2016-04-22T00:00:00Z,39455,NORMAL,0.3436611522233635,0.33027676492554275,0.0,0.35853058285483524,0.5611879423696161,0.0,25,True,,,LONG_SUCCESS,False,4.577454271359471e-05,0.52,0.48
expanding,2016,2016-04-23T00:00:00Z,39479,NORMAL,0.3149962200457264,0.33733523061740656,0.0,0.5451113997293408,0.4096265738204254,0.0,25,True,,,SHORT_SUCCESS,False,-0.0007097273692554529,0.4,0.6
expanding,2016,2016-04-26T00:00:00Z,39503,LOW_VOLATILITY_RANGE,0.3314039165024003,0.3304408665220065,0.0,0.5076073491405755,0.4000154690221871,0.0,25,True,,,LONG_SUCCESS,False,-0.0007520451264428907,0.32,0.68
expanding,2016,2016-04-27T00:00:00Z,39527,NORMAL,0.3439862180382673,0.32749019789402883,0.0,0.6701781072612537,0.32982189273874635,0.0,25,True,,,SHORT_SUCCESS,False,-0.00010990104051589178,0.48,0.52
expanding,2016,2016-04-28T00:00:00Z,39551,VOLATILITY_EXPANSION,0.33278502819933814,0.33382660391018415,0.0,0.4563067867643679,0.4610294922734242,0.0,25,True,,,SHORT_SUCCESS,False,-0.0003683471250260917,0.44,0.56
expanding,2016,2016-04-29T00:00:00Z,39575,HIGH_VOLATILITY,0.3555150208705144,0.32613693547135414,0.0,0.6417915264207937,0.35820847357920615,0.0,25,True,,,SHORT_SUCCESS,False,0.0011986552397715844,0.56,0.44
expanding,2016,2016-04-30T00:00:00Z,39599,HIGH_VOLATILITY,0.3330698523975267,0.3270836756577385,0.0,0.35117249319456795,0.611823199641671,0.0,25,True,,,SHORT_SUCCESS,False,-0.0005435211149895647,0.44,0.56
expanding,2016,2016-05-03T00:00:00Z,39623,HIGH_VOLATILITY,0.3581858482749735,0.3293302575079181,0.0,0.6442656978419942,0.3557343021580058,0.0,25,True,,,SHORT_SUCCESS,False,-0.00031466010546710166,0.4,0.6
expanding,2016,2016-05-04T00:00:00Z,39647,HIGH_VOLATILITY,0.3317964970663143,0.34874197725568346,0.0,0.5516938595095239,0.40813034713896595,0.0,25,True,,,LONG_SUCCESS,False,0.0006427324977584803,0.6,0.4
expanding,2016,2016-05-05T00:00:00Z,39671,NORMAL,0.34482050292321215,0.32893090695549787,0.0,0.48664164834861534,0.4760031356048942,0.0,25,True,,,SHORT_SUCCESS,False,0.0007151726034695383,0.64,0.36
expanding,2016,2016-05-06T00:00:00Z,39695,NORMAL,0.33791994847026907,0.33189068866089855,0.0,0.5217009232928795,0.3181045456690396,0.0,25,True,,,LONG_SUCCESS,False,0.0008984389135548998,0.68,0.32
expanding,2016,2016-05-07T00:00:00Z,39719,TRENDING,0.34766861362226087,0.3204022086378536,0.0,0.6286717599503695,0.3713282400496306,0.0,25,True,,,LONG_SUCCESS,False,0.0007787104500429631,0.72,0.28
expanding,2016,2016-05-10T00:00:00Z,39743,NORMAL,0.31926088031519567,0.3402653477498637,0.0,0.5227407894461623,0.4401383280726426,0.0,25,True,,,SHORT_SUCCESS,False,0.0010334603022241762,0.72,0.28
expanding,2016,2016-05-11T00:00:00Z,39767,VOLATILITY_EXPANSION,0.34155962796009065,0.3273736814726972,0.0,0.5999920918583946,0.3622715831483153,0.0,25,True,,,SHORT_SUCCESS,False,-2.4034666312955366e-05,0.48,0.52
expanding,2016,2016-05-12T00:00:00Z,39791,NORMAL,0.3329803373371483,0.32715901537187214,0.0,0.6879297405848132,0.23992067464412128,0.0,25,True,,,LONG_SUCCESS,False,0.0003599091341415228,0.6,0.4
expanding,2016,2016-05-13T00:00:00Z,39815,NORMAL,0.33502036677232,0.3469763553678652,0.0,0.4161827260690637,0.5426743656266989,0.0,25,True,,,LONG_SUCCESS,False,0.00046536959240817133,0.6,0.4
expanding,2016,2016-05-14T00:00:00Z,39839,NORMAL,0.3141818928334373,0.34242977711421235,0.0,0.4468516446719632,0.5103032561824438,0.0,25,True,,,LONG_SUCCESS,False,-0.00039174584712642346,0.4,0.6
expanding,2016,2016-05-17T00:00:00Z,39863,NORMAL,0.31991591101169753,0.3359260659834462,0.0,0.3931701076902842,0.5253682006381635,0.0,25,True,,,LONG_SUCCESS,False,0.000751147801504759,0.6,0.4
expanding,2016,2016-05-18T00:00:00Z,39887,HIGH_VOLATILITY,0.34743973753159135,0.32102475194761704,0.0,0.640860969782238,0.3210748556697851,0.0,25,True,,,SHORT_SUCCESS,False,0.0011508260784915958,0.68,0.32
expanding,2016,2016-05-19T00:00:00Z,39911,NORMAL,0.3438648219429701,0.3360736281208645,0.0,0.47647675441641324,0.44543153131744395,0.0,25,True,,,LONG_SUCCESS,False,0.00037083689241845796,0.56,0.44
expanding,2016,2016-05-20T00:00:00Z,39935,NORMAL,0.32817207870057497,0.3344172658660822,0.0,0.562529627321929,0.39824642882658445,0.0,25,True,,,LONG_SUCCESS,False,-4.998031447611684e-05,0.48,0.52
expanding,2016,2016-05-21T00:00:00Z,39959,NORMAL,0.328679568790955,0.3416314491746646,0.0,0.4835270709169383,0.5164729290830619,0.0,25,True,,,SHORT_SUCCESS,False,0.00011756467665580139,0.52,0.48
expanding,2016,2016-05-24T00:00:00Z,39983,NORMAL,0.35663743488604627,0.3160163602980665,0.0,0.6475914274054807,0.3524085725945193,0.0,25,True,,,LONG_SUCCESS,False,0.0003170196647774848,0.6,0.4
expanding,2016,2016-05-25T00:00:00Z,40007,TRENDING,0.34540936540720735,0.3356782695228863,0.0,0.4025924907230208,0.5974075092769792,0.0,25,True,,,SHORT_SUCCESS,False,5.647970600919372e-05,0.52,0.48
expanding,2016,2016-05-26T00:00:00Z,40031,HIGH_VOLATILITY,0.3634403814789577,0.3277353855107104,0.0,0.5163485819693584,0.44444282381087,0.0,25,True,,,SHORT_SUCCESS,False,0.0008815372095347662,0.6,0.4
expanding,2016,2016-05-27T00:00:00Z,40055,TRENDING,0.36044240374906855,0.31910243092372853,0.0,0.5129810790636866,0.48701892093631316,0.0,25,True,,,SHORT_SUCCESS,False,0.0003610521953341106,0.52,0.48
expanding,2016,2016-05-28T00:00:00Z,40079,NORMAL,0.3162459350937647,0.33777509967029756,0.0,0.44923895795181384,0.514309424525048,0.0,25,True,,,LONG_SUCCESS,False,0.0004591109752012379,0.56,0.44
expanding,2016,2016-05-31T00:00:00Z,40103,NORMAL,0.3382299616870023,0.33571702694573813,0.0,0.4323284036616966,0.5174734864401807,0.0,25,True,,,SHORT_SUCCESS,False,-0.0011198263621197135,0.28,0.72
expanding,2016,2016-06-01T00:00:00Z,40127,NORMAL,0.3332916397237331,0.3327040104005453,0.0,0.23378751936175246,0.7268887441022328,0.0,25,True,,,LONG_SUCCESS,False,-0.001094186775477568,0.44,0.56
expanding,2016,2016-06-02T00:00:00Z,40151,NORMAL,0.35490812711238684,0.3231445502266573,0.0,0.5565099958180669,0.4434900041819332,0.0,25,True,,,AMBIGUOUS_PATH,False,0.000826489931596619,0.6,0.4
expanding,2016,2016-06-03T00:00:00Z,40175,NORMAL,0.3333951169882294,0.3345170204149118,0.0,0.571498154085515,0.3520201594910102,0.0,25,True,,,LONG_SUCCESS,False,0.00017569234142689183,0.52,0.48
expanding,2016,2016-06-04T00:00:00Z,40199,VOLATILITY_EXPANSION,0.33002212678318793,0.33964797625705273,0.0,0.5616235542051652,0.3998010470780831,0.0,25,True,,,LONG_SUCCESS,False,0.0008897179781512943,0.52,0.48
expanding,2016,2016-06-07T00:00:00Z,40223,HIGH_VOLATILITY,0.3371759644491097,0.32746671440898095,0.0,0.44565757865409017,0.48331683720274754,0.0,25,True,,,SHORT_SUCCESS,False,0.00035499730727495127,0.56,0.44
expanding,2016,2016-06-08T00:00:00Z,40247,HIGH_VOLATILITY,0.34864548488772074,0.3346884706443341,0.0,0.4279717283885542,0.572028271611446,0.0,25,True,,,SHORT_SUCCESS,False,0.0005142394585599952,0.6,0.4
expanding,2016,2016-06-09T00:00:00Z,40271,HIGH_VOLATILITY,0.3508891179808441,0.33509818498918625,0.0,0.6070701096829194,0.3929298903170808,0.0,25,True,,,LONG_SUCCESS,False,-7.115640702437531e-06,0.48,0.52
expanding,2016,2016-06-10T00:00:00Z,40295,NORMAL,0.31031878847308025,0.34164503601658736,0.0,0.4382301265685568,0.5213185304764923,0.0,25,True,,,AMBIGUOUS_PATH,False,0.00026030625123474316,0.56,0.44
expanding,2016,2016-06-11T00:00:00Z,40319,HIGH_VOLATILITY,0.3208334452722505,0.3391401320780465,0.0,0.3567128843791217,0.6072498957764562,0.0,25,True,,,SHORT_SUCCESS,False,-0.00042671776982516896,0.44,0.56
expanding,2016,2016-06-14T00:00:00Z,40343,NORMAL,0.32024250283636085,0.34302309754757493,0.0,0.5183078895317922,0.404541160128356,0.0,25,True,,,SHORT_SUCCESS,False,0.00012432253052163666,0.56,0.44
expanding,2016,2016-06-15T00:00:00Z,40367,HIGH_VOLATILITY,0.337196225422147,0.3244095607656045,0.0,0.3600144031120953,0.6005898277781788,0.0,25,True,,,SHORT_SUCCESS,False,-0.00015780086043093444,0.44,0.56
expanding,2016,2016-06-16T00:00:00Z,40391,HIGH_VOLATILITY,0.34892911522520503,0.3207299902739795,0.0,0.5590782212508633,0.4409217787491369,0.0,25,True,,,SHORT_SUCCESS,False,0.0005489639315567896,0.56,0.44
expanding,2016,2016-06-17T00:00:00Z,40415,HIGH_VOLATILITY,0.32526530057303293,0.33521053272446916,0.0,0.46830080150161124,0.5316991984983889,0.0,25,True,,,LONG_SUCCESS,False,-0.0014057779484970556,0.32,0.68
expanding,2016,2016-06-18T00:00:00Z,40439,NORMAL,0.3281603308033217,0.34462643290102934,0.0,0.4390283983921438,0.5609716016078562,0.0,25,True,,,SHORT_SUCCESS,False,0.0014279770666185687,0.68,0.32
expanding,2016,2016-06-21T00:00:00Z,40463,VOLATILITY_CONTRACTION,0.32318046674375855,0.33874575687969605,0.0,0.40193092144113557,0.5591011302124919,0.0,25,True,,,LONG_SUCCESS,False,-0.0005215358156339667,0.44,0.56
expanding,2016,2016-06-22T00:00:00Z,40487,HIGH_VOLATILITY,0.33520305545414947,0.33208929549994864,0.0,0.5965980494393415,0.36100418974509885,0.0,25,True,,,SHORT_SUCCESS,False,0.0003841376168747246,0.52,0.48
expanding,2016,2016-06-23T00:00:00Z,40511,NORMAL,0.33308619288894614,0.32777925758928084,0.0,0.5962268824956718,0.4037731175043285,0.0,25,True,,,SHORT_SUCCESS,False,0.0007081475131078818,0.6,0.4
expanding,2016,2016-06-24T00:00:00Z,40535,NORMAL,0.34560820114456975,0.32790052418736354,0.0,0.44561546310251493,0.5144182942880425,0.0,25,True,,,SHORT_SUCCESS,False,-0.0003068048408191304,0.4,0.6
expanding,2016,2016-06-25T00:00:00Z,40559,VOLATILITY_EXPANSION,0.34781603874671807,0.316457359149619,0.0,0.4442427196534633,0.5192220863902481,0.0,25,True,,,LONG_SUCCESS,False,-0.00043259607026602254,0.44,0.56
expanding,2016,2016-06-28T00:00:00Z,40583,NORMAL,0.32064869138891844,0.3453190957772893,0.0,0.4374223967199772,0.48322773369366584,0.0,25,True,,,LONG_SUCCESS,False,-0.0007541709257230522,0.44,0.56
expanding,2016,2016-06-29T00:00:00Z,40607,HIGH_VOLATILITY,0.33438518066403466,0.3470173041489463,0.0,0.5151424112073458,0.4450975081111776,0.0,25,True,,,LONG_SUCCESS,False,0.0003152553297742777,0.64,0.36
expanding,2016,2016-06-30T00:00:00Z,40631,NORMAL,0.3323922790524164,0.3429449494515466,0.0,0.6414627605862403,0.2812579579607073,0.0,25,True,,,LONG_SUCCESS,False,0.0006332021502390983,0.64,0.36
expanding,2016,2016-07-01T00:00:00Z,40655,VOLATILITY_CONTRACTION,0.3320216859051687,0.34475306169656733,0.0,0.4312773236030403,0.5284907686949577,0.0,25,True,,,SHORT_SUCCESS,False,0.0003319349493717816,0.56,0.44
expanding,2016,2016-07-02T00:00:00Z,40679,NORMAL,0.32217321435675716,0.3444498121663887,0.0,0.4737633271346952,0.4906246611667464,0.0,25,True,,,AMBIGUOUS_PATH,False,-0.00010673965321761347,0.48,0.52
expanding,2016,2016-07-05T00:00:00Z,40703,NORMAL,0.32982276872342337,0.3345492350957891,0.0,0.3118748445013007,0.6405135304939286,0.0,25,True,,,AMBIGUOUS_PATH,False,-0.00056995932926307,0.36,0.64
expanding,2016,2016-07-06T00:00:00Z,40727,HIGH_VOLATILITY,0.33832947461706375,0.33360019883016556,0.0,0.5947035399784317,0.40529646002156805,0.0,25,True,,,LONG_SUCCESS,False,0.00047045984439320065,0.64,0.36
expanding,2016,2016-07-07T00:00:00Z,40751,VOLATILITY_EXPANSION,0.336764079184242,0.324834058146649,0.0,0.4885866427819892,0.5114133572180105,0.0,25,True,,,SHORT_SUCCESS,False,0.0004959171415570562,0.6,0.4
expanding,2016,2016-07-08T00:00:00Z,40775,HIGH_VOLATILITY,0.34076304034768923,0.33242724325241374,0.0,0.5645629534375025,0.43543704656249765,0.0,25,True,,,SHORT_SUCCESS,False,0.00023479197722187095,0.52,0.48
expanding,2016,2016-07-09T00:00:00Z,40799,HIGH_VOLATILITY,0.34385821848766057,0.32730550565593564,0.0,0.47309827806950006,0.4907817659300431,0.0,25,True,,,LONG_SUCCESS,False,6.877970538154976e-05,0.52,0.48
expanding,2016,2016-07-12T00:00:00Z,40823,NORMAL,0.33017769535484787,0.3396093682585767,0.0,0.49314801944532877,0.47012060747760115,0.0,25,True,,,SHORT_SUCCESS,False,0.0002352622308483543,0.52,0.48
expanding,2016,2016-07-13T00:00:00Z,40847,VOLATILITY_CONTRACTION,0.33366582234436803,0.3405007987915563,0.0,0.33232008104369265,0.6676799189563075,0.0,25,True,,,LONG_SUCCESS,False,-0.00056995932926307,0.44,0.56
expanding,2016,2016-07-14T00:00:00Z,40871,TRENDING,0.35615365440214064,0.32712571846932326,0.0,0.31113776834420553,0.5663304020602232,0.0,25,True,,,LONG_SUCCESS,False,-0.000143853167721808,0.44,0.56
expanding,2016,2016-07-15T00:00:00Z,40895,NORMAL,0.35053053165694864,0.3249264810346653,0.0,0.48089632854869746,0.5191036714513028,0.0,25,True,,,SHORT_SUCCESS,False,0.0009568887402853221,0.64,0.36
expanding,2016,2016-07-16T00:00:00Z,40919,VOLATILITY_EXPANSION,0.33039269953669714,0.3340157647322848,0.0,0.3044457855660425,0.6123133072593756,0.0,25,True,,,LONG_SUCCESS,False,-9.42253311930763e-05,0.44,0.56
expanding,2016,2016-07-19T00:00:00Z,40943,HIGH_VOLATILITY,0.3311911296440741,0.3337198664197652,0.0,0.5380161644640318,0.4619838355359684,0.0,25,True,,,SHORT_SUCCESS,False,0.0001990704700554069,0.52,0.48
expanding,2016,2016-07-20T00:00:00Z,40967,HIGH_VOLATILITY,0.3339063032217234,0.3390265172134414,0.0,0.40589362883127916,0.5551343064157935,0.0,25,True,,,SHORT_SUCCESS,False,2.5534697426943254e-05,0.52,0.48
expanding,2016,2016-07-21T00:00:00Z,40991,NORMAL,0.3481573436847172,0.3302288883725522,0.0,0.49527435282867044,0.42458997352337413,0.0,25,True,,,SHORT_SUCCESS,False,-6.0534631257658233e-05,0.44,0.56
expanding,2016,2016-07-22T00:00:00Z,41015,VOLATILITY_CONTRACTION,0.3324785766261153,0.34179391544359217,0.0,0.5946748761943003,0.36731119718152033,0.0,25,True,,,LONG_SUCCESS,False,0.0006589023019032414,0.6,0.4
expanding,2016,2016-07-23T00:00:00Z,41039,NORMAL,0.3131235515303989,0.33709264569776115,0.0,0.43684167145981334,0.48176643981719575,0.0,25,True,,,LONG_SUCCESS,False,-5.372875349374251e-05,0.48,0.52
expanding,2016,2016-07-26T00:00:00Z,41063,NORMAL,0.33039033399238604,0.3314360851580759,0.0,0.3948453698131357,0.5635018396361832,0.0,25,True,,,SHORT_SUCCESS,False,-0.0007541709257230522,0.36,0.64
expanding,2016,2016-07-27T00:00:00Z,41087,HIGH_VOLATILITY,0.3279883086183039,0.3419174568384827,0.0,0.5668830624970883,0.3588831575821144,0.0,25,True,,,LONG_SUCCESS,False,-0.00027521650975814715,0.44,0.56
expanding,2016,2016-07-28T00:00:00Z,41111,NORMAL,0.32472256477507844,0.3483189004297962,0.0,0.38752438849939896,0.6124756115006008,0.0,25,True,,,SHORT_SUCCESS,False,-0.00010967987681131941,0.48,0.52
expanding,2016,2016-07-29T00:00:00Z,41135,VOLATILITY_CONTRACTION,0.325720334266384,0.33916452992602997,0.0,0.4343477412082637,0.5164544161915094,0.0,25,True,,,SHORT_SUCCESS,False,-0.00031132045470372294,0.44,0.56
expanding,2016,2016-07-30T00:00:00Z,41159,NORMAL,0.3155176147499244,0.34192790750401153,0.0,0.3128948974316522,0.6451305296226489,0.0,25,True,,,LONG_SUCCESS,False,-0.00010673965321761347,0.4,0.6
expanding,2016,2016-08-02T00:00:00Z,41183,NORMAL,0.32863459280130863,0.3466988047159657,0.0,0.5359420884449421,0.4640579115550582,0.0,25,True,,,SHORT_SUCCESS,False,-0.0007541709257230522,0.36,0.64
expanding,2016,2016-08-03T00:00:00Z,41207,NORMAL,0.3340904111941298,0.3318217081282451,0.0,0.6736438315474489,0.32635616845255067,0.0,25,True,,,SHORT_SUCCESS,False,0.00043247900316112364,0.56,0.44
expanding,2016,2016-08-04T00:00:00Z,41231,NORMAL,0.3386564133009329,0.34013629013313285,0.0,0.5553007590175034,0.4446992409824967,0.0,25,True,,,LONG_SUCCESS,False,-0.00038644880743055054,0.36,0.64
expanding,2016,2016-08-05T00:00:00Z,41255,VOLATILITY_EXPANSION,0.33880368138807426,0.3282607104661094,0.0,0.440366723326247,0.522400511349491,0.0,25,True,,,LONG_SUCCESS,False,0.0010535313197714835,0.68,0.32
expanding,2016,2016-08-06T00:00:00Z,41279,NORMAL,0.3256311152474805,0.336999947508889,0.0,0.40095135324607045,0.5615695363836016,0.0,25,True,,,LONG_SUCCESS,False,0.0008053545807868989,0.52,0.48
expanding,2016,2016-08-09T00:00:00Z,41303,NORMAL,0.3407690666533458,0.33775319962667266,0.0,0.4845140663255138,0.351372318512313,0.0,25,True,,,LONG_SUCCESS,False,0.0006973860166197277,0.6,0.4
expanding,2016,2016-08-10T00:00:00Z,41327,NORMAL,0.3453698056735774,0.33249174113351626,0.0,0.6871155210193269,0.31288447898067295,0.0,25,True,,,LONG_SUCCESS,False,-0.0008972710590721134,0.36,0.64
expanding,2016,2016-08-11T00:00:00Z,41351,NORMAL,0.35030136082037766,0.3332994632385798,0.0,0.4874716574877498,0.5125283425122502,0.0,25,True,,,SHORT_SUCCESS,False,-0.0005142506539247416,0.4,0.6
expanding,2016,2016-08-12T00:00:00Z,41375,HIGH_VOLATILITY,0.3481976816397792,0.32888143356316873,0.0,0.4467873286087596,0.47488317557071474,0.0,25,True,,,SHORT_SUCCESS,False,-2.4034666312955366e-05,0.48,0.52
expanding,2016,2016-08-13T00:00:00Z,41399,VOLATILITY_CONTRACTION,0.3116083212176685,0.34964879554199174,0.0,0.4033307044867381,0.5610225594811512,0.0,25,True,,,SHORT_SUCCESS,False,0.00026030625123474316,0.56,0.44
expanding,2016,2016-08-16T00:00:00Z,41423,NORMAL,0.327128135758736,0.3492092192465821,0.0,0.43751317567819287,0.5624868243218071,0.0,25,True,,,SHORT_SUCCESS,False,-0.0010912488210376159,0.44,0.56
expanding,2016,2016-08-17T00:00:00Z,41447,HIGH_VOLATILITY,0.3446823746555932,0.31998080708433146,0.0,0.5660246856381119,0.39622739828330056,0.0,25,True,,,SHORT_SUCCESS,False,0.0009425794165998092,0.76,0.24
expanding,2016,2016-08-18T00:00:00Z,41471,NORMAL,0.33519111261257506,0.340525709646823,0.0,0.5073286082714604,0.41079254668063625,0.0,25,True,,,SHORT_SUCCESS,False,0.0004606061653862348,0.64,0.36
expanding,2016,2016-08-19T00:00:00Z,41495,NORMAL,0.31737219989653587,0.350979022603538,0.0,0.5314716845200822,0.4314275099214809,0.0,25,True,,,LONG_SUCCESS,False,0.00025099227713831773,0.6,0.4
expanding,2016,2016-08-20T00:00:00Z,41519,TRENDING,0.3381720959336264,0.32063220960669536,0.0,0.3541416808468828,0.6063363586530028,0.0,25,True,,,AMBIGUOUS_PATH,False,-0.00023256638101842864,0.44,0.56
expanding,2016,2016-08-23T00:00:00Z,41543,VOLATILITY_EXPANSION,0.3301856766580264,0.33194816705373964,0.0,0.5968813174520763,0.40311868254792366,0.0,25,True,,,LONG_SUCCESS,False,-0.00043201802020664815,0.36,0.64
expanding,2016,2016-08-24T00:00:00Z,41567,HIGH_VOLATILITY,0.3327402018329406,0.3318018291696139,0.0,0.7171463599440756,0.2448914026679791,0.0,25,True,,,LONG_SUCCESS,False,7.396622555866372e-05,0.56,0.44
expanding,2016,2016-08-25T00:00:00Z,41591,HIGH_VOLATILITY,0.34325479601448267,0.32922120136990546,0.0,0.4348585381174786,0.526252234320794,0.0,25,True,,,SHORT_SUCCESS,False,0.0005489639315567896,0.6,0.4
expanding,2016,2016-08-26T00:00:00Z,41615,NORMAL,0.3311861175025478,0.3349462660908371,0.0,0.5598946631384791,0.44010533686152065,0.0,25,True,,,LONG_SUCCESS,False,0.0003319349493717816,0.56,0.44
expanding,2016,2016-08-27T00:00:00Z,41639,NORMAL,0.34575357819650354,0.33651908967443644,0.0,0.3679752928840547,0.6320247071159453,0.0,25,True,,,SHORT_SUCCESS,False,4.577454271359471e-05,0.52,0.48
expanding,2016,2016-08-30T00:00:00Z,41663,TRENDING,0.3464686852395661,0.3315236094279452,0.0,0.44330294726082214,0.518076558762207,0.0,25,True,,,SHORT_SUCCESS,False,0.0003170196647774848,0.56,0.44
expanding,2016,2016-08-31T00:00:00Z,41687,NORMAL,0.3570514029475362,0.3338457400086862,0.0,0.552599436787608,0.4474005632123918,0.0,25,True,,,SHORT_SUCCESS,False,0.00011432336045746894,0.52,0.48
expanding,2016,2016-09-01T00:00:00Z,41711,NORMAL,0.3417949180399076,0.33003204957289256,0.0,0.4464690411089224,0.5155325685411112,0.0,25,True,,,SHORT_SUCCESS,False,-6.0534631257658233e-05,0.48,0.52
expanding,2016,2016-09-02T00:00:00Z,41735,NORMAL,0.3247343176877245,0.3403861940752645,0.0,0.5955684233376146,0.3675321912675032,0.0,25,True,,,SHORT_SUCCESS,False,0.00075311962196567,0.64,0.36
expanding,2016,2016-09-03T00:00:00Z,41759,NORMAL,0.3246363237539731,0.3421304820273476,0.0,0.3303389308352723,0.6293517078747819,0.0,25,True,,,LONG_SUCCESS,False,-0.00017965136295849948,0.48,0.52
expanding,2016,2016-09-06T00:00:00Z,41783,NORMAL,0.3394291856577344,0.3453059377648055,0.0,0.27650270383389336,0.6848720955755666,0.0,25,True,,,LONG_SUCCESS,False,-0.0006674251280870402,0.32,0.68
expanding,2016,2016-09-07T00:00:00Z,41807,NORMAL,0.337110472721403,0.34270985715654645,0.0,0.3369537835533095,0.6630462164466905,0.0,25,True,,,SHORT_SUCCESS,False,-0.0002724938998812654,0.44,0.56
expanding,2016,2016-09-08T00:00:00Z,41831,NORMAL,0.33475323092356396,0.32925329027028316,0.0,0.4087502884885139,0.5513933659316417,0.0,25,True,,,SHORT_SUCCESS,False,0.0003072612849477352,0.6,0.4
expanding,2016,2016-09-09T00:00:00Z,41855,TRENDING,0.34458400007531526,0.3306391584378612,0.0,0.3622653726247736,0.5536672375097169,0.0,25,True,,,LONG_SUCCESS,False,0.0002460511668402887,0.6,0.4
expanding,2016,2016-09-10T00:00:00Z,41879,LOW_VOLATILITY_RANGE,0.3268609930616193,0.33018932207398777,0.0,0.5242643001701688,0.351292266580859,0.0,25,True,,,LONG_SUCCESS,False,0.0005940797982739721,0.56,0.44
expanding,2016,2016-09-13T00:00:00Z,41903,NORMAL,0.32527729551079937,0.34081090554108173,0.0,0.5430446472427769,0.4215865945248609,0.0,25,True,,,SHORT_SUCCESS,False,4.6502168648432374e-05,0.52,0.48
expanding,2016,2016-09-14T00:00:00Z,41927,NORMAL,0.3494805396789021,0.33791980624010304,0.0,0.39461369038766625,0.605386309612334,0.0,25,True,,,LONG_SUCCESS,False,-0.0005830892476992311,0.4,0.6
expanding,2016,2016-09-15T00:00:00Z,41951,NORMAL,0.33754672374652106,0.3345118881825657,0.0,0.5603661069417242,0.4012886759877231,0.0,25,True,,,SHORT_SUCCESS,False,0.0003072612849477352,0.6,0.4
expanding,2016,2016-09-16T00:00:00Z,41975,VOLATILITY_CONTRACTION,0.33834000473654224,0.3325799866157407,0.0,0.5603239094224092,0.361290782086647,0.0,25,True,,,AMBIGUOUS_PATH,False,0.00025462376873597314,0.52,0.48
expanding,2016,2016-09-17T00:00:00Z,41999,TRENDING,0.3523337571788125,0.33299838930783865,0.0,0.332389507139687,0.6676104928603132,0.0,25,True,,,SHORT_SUCCESS,False,-0.0001306759783225031,0.48,0.52
expanding,2016,2016-09-20T00:00:00Z,42023,NORMAL,0.32541184705046916,0.35070645625653496,0.0,0.44337555074629126,0.5566244492537087,0.0,25,True,,,SHORT_SUCCESS,False,-0.0008627072368919686,0.36,0.64
expanding,2016,2016-09-21T00:00:00Z,42047,NORMAL,0.3320535536596377,0.3375280877911188,0.0,0.4771393643535326,0.44483790514624105,0.0,25,True,,,LONG_SUCCESS,False,0.0005343453261521525,0.64,0.36
expanding,2016,2016-09-22T00:00:00Z,42071,NORMAL,0.3411628105977798,0.341997155222103,0.0,0.4362330862956517,0.488580579847048,0.0,25,True,,,SHORT_SUCCESS,False,-0.0003606970047065339,0.44,0.56
expanding,2016,2016-09-23T00:00:00Z,42095,NORMAL,0.309064752890819,0.3487996450796901,0.0,0.5174113656415065,0.4460695935633898,0.0,25,True,,,SHORT_SUCCESS,False,0.00026030625123474316,0.56,0.44
expanding,2016,2016-09-24T00:00:00Z,42119,TRENDING,0.3368749792889931,0.3277101986026124,0.0,0.4037534375639759,0.47885018388734185,0.0,25,True,,,LONG_SUCCESS,False,4.577454271359471e-05,0.52,0.48
expanding,2016,2016-09-27T00:00:00Z,42143,NORMAL,0.31747005871188444,0.35192334441961065,0.0,0.4485847544402351,0.47220594873057986,0.0,25,True,,,LONG_SUCCESS,False,-0.00018879117043957283,0.44,0.56
expanding,2016,2016-09-28T00:00:00Z,42167,NORMAL,0.3304539048798615,0.34106534055652254,0.0,0.39704514892984927,0.5201307765677163,0.0,25,True,,,LONG_SUCCESS,False,0.00019058624153078796,0.56,0.44
expanding,2016,2016-09-29T00:00:00Z,42191,VOLATILITY_EXPANSION,0.33816328343056395,0.3288986375550654,0.0,0.4780519454260051,0.5219480545739947,0.0,25,True,,,SHORT_SUCCESS,False,4.321057633083214e-05,0.52,0.48
expanding,2016,2016-09-30T00:00:00Z,42215,HIGH_VOLATILITY,0.334415923909946,0.33005751750236634,0.0,0.5071701365397466,0.4496331389194147,0.0,25,True,,,SHORT_SUCCESS,False,4.321057633083214e-05,0.52,0.48
expanding,2016,2016-10-01T00:00:00Z,42239,HIGH_VOLATILITY,0.336890725215211,0.33186196403607005,0.0,0.43571127121097636,0.5642887287890236,0.0,25,True,,,LONG_SUCCESS,False,0.00028851991133294064,0.56,0.44
expanding,2016,2016-10-04T00:00:00Z,42263,TRENDING,0.35690763438666284,0.33421824466187605,0.0,0.3237058059140018,0.5982885484524846,0.0,25,True,,,LONG_SUCCESS,False,-0.00041344562978329336,0.32,0.68
expanding,2016,2016-10-05T00:00:00Z,42287,HIGH_VOLATILITY,0.3458305274257809,0.341211814742977,0.0,0.5642740403529283,0.3954310446556047,0.0,25,True,,,LONG_SUCCESS,False,-0.0005879125999822543,0.4,0.6
expanding,2016,2016-10-06T00:00:00Z,42311,NORMAL,0.3482817743160096,0.33230370143901405,0.0,0.5257704740514415,0.4742295259485583,0.0,25,True,,,LONG_SUCCESS,False,-7.257765660362292e-05,0.44,0.56
expanding,2016,2016-10-07T00:00:00Z,42335,NORMAL,0.3289599694816234,0.34586094408142326,0.0,0.486620027966618,0.5133799720333818,0.0,25,True,,,LONG_SUCCESS,False,-0.00046137150158742646,0.48,0.52
expanding,2016,2016-10-08T00:00:00Z,42359,NORMAL,0.3232087388558631,0.32743376418301207,0.0,0.43721562030741645,0.40837177776745454,0.0,25,True,,,SHORT_SUCCESS,False,-0.0004008656796812282,0.44,0.56
expanding,2016,2016-10-11T00:00:00Z,42383,NORMAL,0.32092725794234916,0.349521523119182,0.0,0.5546372101329167,0.4453627898670832,0.0,25,True,,,LONG_SUCCESS,False,0.0005415923924911858,0.52,0.48
expanding,2016,2016-10-12T00:00:00Z,42407,NORMAL,0.33112161126149103,0.3405805501701498,0.0,0.4277851141127216,0.4530830512113553,0.0,25,True,,,SHORT_SUCCESS,False,0.00019058624153078796,0.56,0.44
expanding,2016,2016-10-13T00:00:00Z,42431,NORMAL,0.32644337461602807,0.33634332504468967,0.0,0.5287315574877015,0.4334134340758252,0.0,25,True,,,LONG_SUCCESS,False,-0.0002438346212030318,0.44,0.56
expanding,2016,2016-10-14T00:00:00Z,42455,NORMAL,0.316822286606592,0.3379224845406208,0.0,0.3282878596318581,0.5927770204855451,0.0,25,True,,,SHORT_SUCCESS,False,-0.00017290138957493095,0.48,0.52
expanding,2016,2016-10-15T00:00:00Z,42479,NORMAL,0.33086379377441233,0.338379076612986,0.0,0.5933613033596409,0.4066386966403592,0.0,25,True,,,SHORT_SUCCESS,False,-0.00027125018169993353,0.48,0.52
expanding,2016,2016-10-18T00:00:00Z,42503,NORMAL,0.3320685312722418,0.34253850834984967,0.0,0.649196688544011,0.35080331145598886,0.0,25,True,,,LONG_SUCCESS,False,0.000713919746287095,0.68,0.32
expanding,2016,2016-10-19T00:00:00Z,42527,HIGH_VOLATILITY,0.34958644870683936,0.33070210835050456,0.0,0.24569852494610983,0.7150195190212021,0.0,25,True,,,SHORT_SUCCESS,False,-0.0007004050896672886,0.44,0.56
expanding,2016,2016-10-20T00:00:00Z,42551,NORMAL,0.33841031575519676,0.33003656668318626,0.0,0.5225195600584026,0.4774804399415972,0.0,25,True,,,LONG_SUCCESS,False,0.00017971686882001237,0.56,0.44
expanding,2016,2016-10-21T00:00:00Z,42575,NORMAL,0.3332604998818687,0.338925298634431,0.0,0.4386377515736867,0.5209052956736576,0.0,25,True,,,LONG_SUCCESS,False,0.00023479197722187095,0.56,0.44
expanding,2016,2016-10-22T00:00:00Z,42599,NORMAL,0.33901168181693553,0.3363765005190147,0.0,0.6099947090642927,0.3900052909357069,0.0,25,True,,,SHORT_SUCCESS,False,0.000684133340635773,0.76,0.24
expanding,2016,2016-10-25T00:00:00Z,42623,NORMAL,0.3461170062985931,0.33563969280844713,0.0,0.5561584209832174,0.4058194065158852,0.0,25,True,,,LONG_SUCCESS,False,0.0003170196647774848,0.52,0.48
expanding,2016,2016-10-26T00:00:00Z,42647,NORMAL,0.34313954573581695,0.32748368575272035,0.0,0.4749849845431943,0.5250150154568055,0.0,25,True,,,LONG_SUCCESS,False,0.0006775364469977507,0.52,0.48
expanding,2016,2016-10-27T00:00:00Z,42671,NORMAL,0.3392252133479663,0.3449832375146025,0.0,0.47754708955610004,0.5224529104439001,0.0,25,True,,,SHORT_SUCCESS,False,0.00018290910789908743,0.52,0.48
expanding,2016,2016-10-28T00:00:00Z,42695,NORMAL,0.3418181589745742,0.3280829201812122,0.0,0.5195418273662588,0.43956735231025934,0.0,25,True,,,SHORT_SUCCESS,False,0.0007748419544564289,0.64,0.36
expanding,2016,2016-10-29T00:00:00Z,42719,NORMAL,0.321173752296209,0.3367871405774863,0.0,0.28471885500833055,0.6378564087384794,0.0,25,True,,,LONG_SUCCESS,False,-0.0004622824188342811,0.36,0.64
expanding,2016,2016-11-01T00:00:00Z,42743,NORMAL,0.3183293034013274,0.3383086434865586,0.0,0.4749011615125214,0.4853518133078272,0.0,25,True,,,LONG_SUCCESS,False,0.0006427324977584803,0.64,0.36
expanding,2016,2016-11-02T00:00:00Z,42767,NORMAL,0.3470723508732469,0.3350044562508103,0.0,0.543034302042747,0.4569656979572529,0.0,25,True,,,LONG_SUCCESS,False,-0.0005848633775724643,0.4,0.6
expanding,2016,2016-11-03T00:00:00Z,42791,NORMAL,0.32711676655181204,0.3408509679255646,0.0,0.47317229425767926,0.5268277057423203,0.0,25,True,,,LONG_SUCCESS,False,0.0009494354064922828,0.64,0.36
expanding,2016,2016-11-04T00:00:00Z,42815,LOW_VOLATILITY_RANGE,0.3269673403280188,0.3428223218921922,0.0,0.5962541127080465,0.4037458872919534,0.0,25,True,,,LONG_SUCCESS,False,-0.00046137150158742646,0.44,0.56
expanding,2016,2016-11-05T00:00:00Z,42839,NORMAL,0.32706623701811505,0.3323556320123812,0.0,0.6026165207275407,0.3973834792724595,0.0,25,True,,,LONG_SUCCESS,False,0.0003622367361988399,0.64,0.36
expanding,2016,2016-11-08T00:00:00Z,42863,HIGH_VOLATILITY,0.32057033915389793,0.3398766323525295,0.0,0.3927415669622177,0.5611700670968008,0.0,25,True,,,SHORT_SUCCESS,False,0.00012432253052163666,0.52,0.48
expanding,2016,2016-11-09T00:00:00Z,42887,NORMAL,0.34626142710036556,0.32296706431391486,0.0,0.5274107395027015,0.39653178482667084,0.0,25,True,,,LONG_SUCCESS,False,0.00015201718068302839,0.56,0.44
expanding,2016,2016-11-10T00:00:00Z,42911,HIGH_VOLATILITY,0.34683156580928387,0.3351568366817147,0.0,0.505815241692238,0.49418475830776204,0.0,25,True,,,SHORT_SUCCESS,False,-0.000422892952092635,0.4,0.6
expanding,2016,2016-11-11T00:00:00Z,42935,NORMAL,0.3323838591665522,0.32735672508634656,0.0,0.43468624236172654,0.524048959836274,0.0,25,True,,,SHORT_SUCCESS,False,0.00023479197722187095,0.52,0.48
expanding,2016,2016-11-12T00:00:00Z,42959,HIGH_VOLATILITY,0.32698784459491564,0.33036277620996424,0.0,0.5164839870245707,0.4835160129754293,0.0,25,True,,,SHORT_SUCCESS,False,-4.998031447611684e-05,0.48,0.52
expanding,2016,2016-11-15T00:00:00Z,42983,HIGH_VOLATILITY,0.3574004451467293,0.32022691775478374,0.0,0.6889102306007006,0.3110897693992995,0.0,25,True,,,LONG_SUCCESS,False,0.0007441479932603912,0.64,0.36
expanding,2016,2016-11-16T00:00:00Z,43007,HIGH_VOLATILITY,0.33528506915259104,0.33724539673642384,0.0,0.6263499252149006,0.3340820375308482,0.0,25,True,,,SHORT_SUCCESS,False,0.0007209696424714807,0.72,0.28
expanding,2016,2016-11-17T00:00:00Z,43031,TRENDING,0.3585876480123923,0.3317570765661281,0.0,0.5245848382847689,0.475415161715231,0.0,25,True,,,LONG_SUCCESS,False,0.0010348662103116801,0.64,0.36
expanding,2016,2016-11-18T00:00:00Z,43055,VOLATILITY_CONTRACTION,0.34204084215621133,0.33884955348179563,0.0,0.5667947266459976,0.3188071723804724,0.0,25,True,,,LONG_SUCCESS,False,-1.931882405259433e-05,0.48,0.52
expanding,2016,2016-11-19T00:00:00Z,43079,VOLATILITY_CONTRACTION,0.3361849613123797,0.33618118832175525,0.0,0.5058152574575929,0.49418474254240674,0.0,25,True,,,SHORT_SUCCESS,False,0.0009691044813580074,0.72,0.28
expanding,2016,2016-11-22T00:00:00Z,43103,NORMAL,0.3515599447083318,0.33897984112300367,0.0,0.43873800240648503,0.5233980382092838,0.0,25,True,,,SHORT_SUCCESS,False,-0.00012526418013325546,0.44,0.56
expanding,2016,2016-11-23T00:00:00Z,43127,VOLATILITY_CONTRACTION,0.32003748633043344,0.34681726792340006,0.0,0.34404323618315596,0.5796760995975699,0.0,25,True,,,LONG_SUCCESS,False,-0.00020582983374750619,0.32,0.68
expanding,2016,2016-11-24T00:00:00Z,43151,NORMAL,0.31385603611867635,0.3394431693520817,0.0,0.2764232707315495,0.6089718311463145,0.0,25,True,,,SHORT_SUCCESS,False,-0.0006057516283082265,0.32,0.68
expanding,2016,2016-11-25T00:00:00Z,43175,NORMAL,0.3247234495292382,0.3337572643698391,0.0,0.48872074574958846,0.5112792542504117,0.0,25,True,,,LONG_SUCCESS,False,0.00014580246433038013,0.52,0.48
expanding,2016,2016-11-26T00:00:00Z,43199,NORMAL,0.33780810887412976,0.3309158227618755,0.0,0.5298217797020114,0.4294857084328238,0.0,25,True,,,LONG_SUCCESS,False,0.0002303160279004679,0.6,0.4
expanding,2016,2016-11-29T00:00:00Z,43223,VOLATILITY_CONTRACTION,0.3435128403468621,0.32670949016657214,0.0,0.5445582737473544,0.37920373641015387,0.0,25,True,,,SHORT_SUCCESS,False,-0.00043064149114324657,0.4,0.6
expanding,2016,2016-11-30T00:00:00Z,43247,NORMAL,0.3569106852336534,0.33095142113414044,0.0,0.5550864494917584,0.40452629799564394,0.0,25,True,,,LONG_SUCCESS,False,-0.0001876499314537039,0.4,0.6
expanding,2016,2016-12-01T00:00:00Z,43271,NORMAL,0.35186951243252523,0.3307125881730137,0.0,0.5654837003672233,0.43451629963277677,0.0,25,True,,,SHORT_SUCCESS,False,0.0008018053055833807,0.56,0.44
expanding,2016,2016-12-02T00:00:00Z,43295,NORMAL,0.31849791026009355,0.3475631079760699,0.0,0.40261713520947295,0.597382864790527,0.0,25,True,,,SHORT_SUCCESS,False,-5.0319556070932414e-05,0.48,0.52
expanding,2016,2016-12-03T00:00:00Z,43319,NORMAL,0.3045036098372576,0.3439199258567498,0.0,0.4849029124402102,0.5150970875597898,0.0,25,True,,,SHORT_SUCCESS,False,0.00026030625123474316,0.56,0.44
expanding,2016,2016-12-06T00:00:00Z,43343,NORMAL,0.34394470767287016,0.3292733527753613,0.0,0.4413325979907192,0.4758094457474809,0.0,25,True,,,SHORT_SUCCESS,False,-0.00023825857798276395,0.48,0.52
expanding,2016,2016-12-07T00:00:00Z,43367,NORMAL,0.3425890119972933,0.3343123109254175,0.0,0.3791607134288302,0.5723531326285779,0.0,25,True,,,LONG_SUCCESS,False,5.647970600919372e-05,0.56,0.44
expanding,2016,2016-12-08T00:00:00Z,43391,NORMAL,0.32430748430717715,0.33977439446944196,0.0,0.524553129495609,0.43577400220907103,0.0,25,True,,,SHORT_SUCCESS,False,0.00019058624153078796,0.6,0.4
expanding,2016,2016-12-09T00:00:00Z,43415,LOW_VOLATILITY_RANGE,0.32625226630817883,0.3374620915334814,0.0,0.5034621534946687,0.40777258844743713,0.0,25,True,,,LONG_SUCCESS,False,0.00032732473134688966,0.64,0.36
expanding,2016,2016-12-10T00:00:00Z,43439,NORMAL,0.3404959763092558,0.3204905131860827,0.0,0.44408352383563354,0.47737883287824295,0.0,25,True,,,LONG_SUCCESS,False,0.000524993511235694,0.6,0.4
expanding,2016,2016-12-13T00:00:00Z,43463,VOLATILITY_EXPANSION,0.3271042587454766,0.32888051133061685,0.0,0.5658646657193216,0.4341353342806783,0.0,25,True,,,LONG_SUCCESS,False,-8.845940134138974e-05,0.48,0.52
expanding,2016,2016-12-14T00:00:00Z,43487,VOLATILITY_EXPANSION,0.34874788269526286,0.33261232416580855,0.0,0.5327414620234777,0.43027036692808074,0.0,25,True,,,SHORT_SUCCESS,False,0.0002575208419350883,0.52,0.48
expanding,2016,2016-12-15T00:00:00Z,43511,NORMAL,0.3466093226617289,0.3433461283014684,0.0,0.4793565223620601,0.48158737222057163,0.0,25,True,,,LONG_SUCCESS,False,-0.0005830892476992311,0.44,0.56
expanding,2016,2016-12-16T00:00:00Z,43535,VOLATILITY_CONTRACTION,0.3312129142929808,0.33188828039310264,0.0,0.5327471065592053,0.3887849056302164,0.0,25,True,,,LONG_SUCCESS,False,0.00013779135115332686,0.56,0.44
expanding,2016,2016-12-17T00:00:00Z,43559,VOLATILITY_CONTRACTION,0.32425691690827574,0.334301854403481,0.0,0.49099051223121415,0.4309726296503421,0.0,25,True,,,LONG_SUCCESS,False,0.00017971686882001237,0.6,0.4
expanding,2016,2016-12-20T00:00:00Z,43583,VOLATILITY_CONTRACTION,0.3245361204602114,0.34196825129119146,0.0,0.40400443901969235,0.5226524560599668,0.0,25,True,,,SHORT_SUCCESS,False,-0.0005215358156339667,0.32,0.68
expanding,2016,2016-12-21T00:00:00Z,43607,NORMAL,0.3386600111742323,0.33133822311876093,0.0,0.4974886909682563,0.46032112002836006,0.0,25,True,,,LONG_SUCCESS,False,8.543976183217339e-05,0.6,0.4
expanding,2016,2016-12-22T00:00:00Z,43631,NORMAL,0.3394882643048247,0.3211741058371875,0.0,0.5945287443764689,0.3671969353902923,0.0,25,True,,,LONG_SUCCESS,False,0.00038574342464370304,0.56,0.44
expanding,2016,2016-12-23T00:00:00Z,43655,LOW_VOLATILITY_RANGE,0.3316218936277124,0.3285790131630986,0.0,0.3958113656555399,0.5662564119476101,0.0,25,True,,,LONG_SUCCESS,False,0.0005343453261521525,0.72,0.28
expanding,2016,2016-12-24T00:00:00Z,43679,TRENDING,0.3423899080218307,0.32299166738390916,0.0,0.31089207104978944,0.6119447423419191,0.0,25,True,,,LONG_SUCCESS,False,0.000524993511235694,0.56,0.44
expanding,2016,2016-12-27T00:00:00Z,43703,NORMAL,0.34386041803373363,0.3347562143686941,0.0,0.47882400615768134,0.47996153074023284,0.0,25,True,,,SHORT_SUCCESS,False,3.242605558040346e-05,0.52,0.48
expanding,2016,2016-12-28T00:00:00Z,43727,LOW_VOLATILITY_RANGE,0.32631345920826316,0.34656486157558253,0.0,0.31413814177530053,0.6431714128631532,0.0,25,True,,,SHORT_SUCCESS,False,-0.00031132045470372294,0.44,0.56
expanding,2016,2016-12-29T00:00:00Z,43751,NORMAL,0.3342203000675148,0.34055352211309525,0.0,0.5110931690701874,0.48890683092981263,0.0,25,True,,,SHORT_SUCCESS,False,-0.000178844519928556,0.44,0.56
expanding,2016,2016-12-30T00:00:00Z,43775,NORMAL,0.3124211745959735,0.3446038231220502,0.0,0.4621751443821613,0.4950927441490601,0.0,25,True,,,SHORT_SUCCESS,False,0.0006907650954131039,0.56,0.44
expanding,2016,2016-12-31T00:00:00Z,43799,NORMAL,0.32792508188208297,0.33295785602305683,0.0,0.5646185198080262,0.3131085535097467,0.0,25,True,,,SHORT_SUCCESS,False,0.000297773141310298,0.6,0.4
rolling,2016,2016-01-02T00:00:00Z,37559,NORMAL,0.33326217461838437,0.32414702502070664,0.0,0.45912860594973853,0.4683660848784323,0.0,25,True,,,SHORT_SUCCESS,False,0.000961508890139795,0.72,0.28
rolling,2016,2016-01-05T00:00:00Z,37583,NORMAL,0.33527753279745737,0.3266005507971401,0.0,0.49430661909708234,0.4599730762301051,0.0,25,True,,,SHORT_SUCCESS,False,5.647970600919372e-05,0.52,0.48
rolling,2016,2016-01-06T00:00:00Z,37607,NORMAL,0.32203506024371803,0.34569908178795616,0.0,0.4342577650195895,0.5252336924460407,0.0,25,True,,,SHORT_SUCCESS,False,0.00032587085037305563,0.56,0.44
rolling,2016,2016-01-07T00:00:00Z,37631,TRENDING,0.34814774033583534,0.3263682589964797,0.0,0.47308193584084746,0.4119979517578929,0.0,25,True,,,SHORT_SUCCESS,False,0.0003610521953341106,0.52,0.48
rolling,2016,2016-01-08T00:00:00Z,37655,NORMAL,0.33861061809592724,0.3294181087978548,0.0,0.604198389134479,0.3958016108655209,0.0,25,True,,,LONG_SUCCESS,False,-0.00023256638101842864,0.48,0.52
rolling,2016,2016-01-09T00:00:00Z,37679,NORMAL,0.3104239039750201,0.3408416904492214,0.0,0.40063590445100605,0.5627744413637386,0.0,25,True,,,LONG_SUCCESS,False,-0.00010673965321761347,0.44,0.56
rolling,2016,2016-01-12T00:00:00Z,37703,NORMAL,0.31911591550020924,0.35095769661209175,0.0,0.35825436536008876,0.6417456346399113,0.0,25,True,,,LONG_SUCCESS,False,-0.0005215358156339667,0.36,0.64
rolling,2016,2016-01-13T00:00:00Z,37727,NORMAL,0.3391756230768367,0.34170638527541636,0.0,0.6295204247931292,0.3704795752068708,0.0,25,True,,,LONG_SUCCESS,False,-0.00011221562162111454,0.44,0.56
rolling,2016,2016-01-14T00:00:00Z,37751,NORMAL,0.35919499643821107,0.32378615134680067,0.0,0.5001090403774313,0.49989095962256863,0.0,25,True,,,SHORT_SUCCESS,False,0.0005433696789154396,0.56,0.44
rolling,2016,2016-01-15T00:00:00Z,37775,HIGH_VOLATILITY,0.34426090597131753,0.33727940731256517,0.0,0.5118212626820616,0.48817873731793837,0.0,25,True,,,LONG_SUCCESS,False,0.00011432336045746894,0.56,0.44
rolling,2016,2016-01-16T00:00:00Z,37799,VOLATILITY_CONTRACTION,0.34998636704796565,0.3241425455747015,0.0,0.4003049146584379,0.5259931505559303,0.0,25,True,,,SHORT_SUCCESS,False,0.0004368077432013173,0.52,0.48
rolling,2016,2016-01-19T00:00:00Z,37823,NORMAL,0.30205256654415913,0.3517813067510734,0.0,0.23255948927585024,0.7674405107241499,0.0,25,True,,,LONG_SUCCESS,False,-0.0001929706745064097,0.36,0.64
rolling,2016,2016-01-20T00:00:00Z,37847,VOLATILITY_CONTRACTION,0.30498897240878836,0.3499692499699788,0.0,0.3083906158226883,0.6122607119622558,0.0,25,True,,,AMBIGUOUS_PATH,False,-0.0004939534705841186,0.36,0.64
rolling,2016,2016-01-21T00:00:00Z,37871,NORMAL,0.3360524328543821,0.33321134688730364,0.0,0.4930293776083642,0.4669642769265009,0.0,25,True,,,SHORT_SUCCESS,False,-0.00011221562162111454,0.48,0.52
rolling,2016,2016-01-22T00:00:00Z,37895,VOLATILITY_CONTRACTION,0.2998959355797566,0.3393328444040059,0.0,0.518607225849443,0.4449836092397274,0.0,25,True,,,SHORT_SUCCESS,False,-0.0001262744039511876,0.4,0.6
rolling,2016,2016-01-23T00:00:00Z,37919,TRENDING,0.34686241139081603,0.31992412454402325,0.0,0.28561779072050375,0.6740692969861014,0.0,25,True,,,LONG_SUCCESS,False,4.577454271359471e-05,0.52,0.48
rolling,2016,2016-01-26T00:00:00Z,37943,NORMAL,0.31550930339293853,0.3372718830682139,0.0,0.5305144286649898,0.354862911052174,0.0,25,True,,,SHORT_SUCCESS,False,-0.0007112265614848123,0.32,0.68
rolling,2016,2016-01-27T00:00:00Z,37967,LOW_VOLATILITY_RANGE,0.3269272668737078,0.3409400881961032,0.0,0.4019501595940291,0.5980498404059709,0.0,25,True,,,SHORT_SUCCESS,False,-0.00017583941578247497,0.44,0.56
rolling,2016,2016-01-28T00:00:00Z,37991,NORMAL,0.30358602032398885,0.35068988968944764,0.0,0.3244359700781868,0.5205250152098025,0.0,25,True,,,LONG_SUCCESS,False,-0.00018879117043957283,0.44,0.56
rolling,2016,2016-01-29T00:00:00Z,38015,NORMAL,0.3454239923351572,0.3268895630492108,0.0,0.43289284255509425,0.4910268102552523,0.0,25,True,,,SHORT_SUCCESS,False,0.00026022355958454924,0.56,0.44
rolling,2016,2016-01-30T00:00:00Z,38039,VOLATILITY_EXPANSION,0.3378393834509307,0.3343741170906509,0.0,0.5762689742070147,0.423731025792985,0.0,25,True,,,SHORT_SUCCESS,False,0.0009106536452792025,0.72,0.28
rolling,2016,2016-02-02T00:00:00Z,38063,NORMAL,0.3343659145850443,0.32739037340258514,0.0,0.20387285598878796,0.6783822658775586,0.0,25,True,,,LONG_SUCCESS,False,-0.0004455345729235116,0.36,0.64
rolling,2016,2016-02-03T00:00:00Z,38087,HIGH_VOLATILITY,0.3164008658002353,0.35790817803547165,0.0,0.6390565813617239,0.2830746588383997,0.0,25,True,,,SHORT_SUCCESS,False,0.0002705414455475008,0.56,0.44
rolling,2016,2016-02-04T00:00:00Z,38111,NORMAL,0.33826436363602214,0.32456814605211326,0.0,0.5190002276500814,0.44185939039143574,0.0,25,True,,,LONG_SUCCESS,False,0.0007748419544564289,0.64,0.36
rolling,2016,2016-02-05T00:00:00Z,38135,NORMAL,0.35722912812066254,0.32150925735202096,0.0,0.6397061146573946,0.3602938853426053,0.0,25,True,,,LONG_SUCCESS,False,0.0010204100947368566,0.64,0.36
rolling,2016,2016-02-06T00:00:00Z,38159,NORMAL,0.3416167967451334,0.31977040765440295,0.0,0.4580965853325732,0.5419034146674266,0.0,25,True,,,SHORT_SUCCESS,False,-1.6212078462141122e-05,0.48,0.52
rolling,2016,2016-02-09T00:00:00Z,38183,NORMAL,0.33744473126881286,0.33721107971629544,0.0,0.47040202753885507,0.4923143876562442,0.0,25,True,,,SHORT_SUCCESS,False,-0.00015780086043093444,0.48,0.52
rolling,2016,2016-02-10T00:00:00Z,38207,NORMAL,0.32522151438870456,0.34773079759955383,0.0,0.44026702149326336,0.48402800912699867,0.0,25,True,,,SHORT_SUCCESS,False,0.000713919746287095,0.64,0.36
rolling,2016,2016-02-11T00:00:00Z,38231,HIGH_VOLATILITY,0.3304916352297095,0.3362352607173714,0.0,0.7259070437274849,0.1975484921347011,0.0,25,True,,,SHORT_SUCCESS,False,0.00022167713838627812,0.56,0.44
rolling,2016,2016-02-12T00:00:00Z,38255,NORMAL,0.3199110253526106,0.34954681113488084,0.0,0.45023678801483924,0.5060411308415086,0.0,25,True,,,SHORT_SUCCESS,False,-0.0007550736091511689,0.32,0.68
rolling,2016,2016-02-13T00:00:00Z,38279,NORMAL,0.3241975318987481,0.33845841126411236,0.0,0.42405390356089034,0.5012266409998829,0.0,25,True,,,LONG_SUCCESS,False,-8.290614445427558e-05,0.48,0.52
rolling,2016,2016-02-16T00:00:00Z,38303,NORMAL,0.3287917640663264,0.3358538391616812,0.0,0.5282243685766578,0.429578578133524,0.0,25,True,,,LONG_SUCCESS,False,-0.0005215358156339667,0.4,0.6
rolling,2016,2016-02-17T00:00:00Z,38327,NORMAL,0.3431192855162304,0.3321660198925317,0.0,0.43797033007547376,0.5620296699245262,0.0,25,True,,,LONG_SUCCESS,False,0.0008993918198287876,0.6,0.4
rolling,2016,2016-02-18T00:00:00Z,38351,NORMAL,0.34669514213546077,0.33174630389554033,0.0,0.6353670152472591,0.32601314260247,0.0,25,True,,,LONG_SUCCESS,False,0.00037083689241845796,0.64,0.36
rolling,2016,2016-02-19T00:00:00Z,38375,LOW_VOLATILITY_RANGE,0.34130068431186233,0.33903633083050405,0.0,0.6524973620100303,0.3475026379899697,0.0,25,True,,,SHORT_SUCCESS,False,-0.00011221562162111454,0.48,0.52
rolling,2016,2016-02-20T00:00:00Z,38399,NORMAL,0.33380407747551166,0.33352481191496003,0.0,0.42454125389299835,0.4956368831821991,0.0,25,True,,,SHORT_SUCCESS,False,0.00011756467665580139,0.52,0.48
rolling,2016,2016-02-23T00:00:00Z,38423,NORMAL,0.33166374442900914,0.3382359408934076,0.0,0.35715743869787436,0.6047613332785614,0.0,25,True,,,SHORT_SUCCESS,False,-0.0002724938998812654,0.44,0.56
rolling,2016,2016-02-24T00:00:00Z,38447,NORMAL,0.34871016938362964,0.31529076509906023,0.0,0.3901591826363216,0.6098408173636783,0.0,25,True,,,SHORT_SUCCESS,False,0.00015981158266864526,0.6,0.4
rolling,2016,2016-02-25T00:00:00Z,38471,NORMAL,0.33725039698149883,0.32931206509663036,0.0,0.601375039823338,0.3158390609034253,0.0,25,True,,,LONG_SUCCESS,False,0.0003319349493717816,0.6,0.4
rolling,2016,2016-02-26T00:00:00Z,38495,NORMAL,0.3262924752797653,0.3359596380041326,0.0,0.5645829040947494,0.4354170959052505,0.0,25,True,,,LONG_SUCCESS,False,-0.00038644880743055054,0.48,0.52
rolling,2016,2016-02-27T00:00:00Z,38519,NORMAL,0.3313050054333861,0.3340148881497831,0.0,0.40131072788300753,0.5579305700269187,0.0,25,True,,,AMBIGUOUS_PATH,False,0.0003319349493717816,0.56,0.44
rolling,2016,2016-03-01T00:00:00Z,38543,NORMAL,0.30798368608606547,0.3366490474259391,0.0,0.4867775844301075,0.43338178169150615,0.0,25,True,,,AMBIGUOUS_PATH,False,0.00013833592473222467,0.52,0.48
rolling,2016,2016-03-02T00:00:00Z,38567,NORMAL,0.3564526680986969,0.3162901077276151,0.0,0.45090683342125043,0.5490931665787492,0.0,25,True,,,SHORT_SUCCESS,False,0.00039190124642063395,0.6,0.4
rolling,2016,2016-03-03T00:00:00Z,38591,HIGH_VOLATILITY,0.3513751148385369,0.33238771928899663,0.0,0.46311582065195367,0.4827803800727727,0.0,25,True,,,SHORT_SUCCESS,False,0.0006124980315163064,0.6,0.4
rolling,2016,2016-03-04T00:00:00Z,38615,HIGH_VOLATILITY,0.3225143191480677,0.34357317168247054,0.0,0.28291199430192393,0.6775978285502607,0.0,25,True,,,SHORT_SUCCESS,False,-0.0007550736091511689,0.28,0.72
rolling,2016,2016-03-05T00:00:00Z,38639,NORMAL,0.34411428248778186,0.3185215248193761,0.0,0.434695729737898,0.5251120482805437,0.0,25,True,,,SHORT_SUCCESS,False,0.0004591117959000801,0.68,0.32
rolling,2016,2016-03-08T00:00:00Z,38663,VOLATILITY_CONTRACTION,0.2929173360943017,0.35649458979653287,0.0,0.2782308179999133,0.7217691820000867,0.0,25,True,,,SHORT_SUCCESS,False,-0.00018879117043957283,0.44,0.56
rolling,2016,2016-03-09T00:00:00Z,38687,HIGH_VOLATILITY,0.3562259473184455,0.33123909604297047,0.0,0.5583531215290891,0.40373303676101124,0.0,25,True,,,SHORT_SUCCESS,False,-0.0003606970047065339,0.44,0.56
rolling,2016,2016-03-10T00:00:00Z,38711,HIGH_VOLATILITY,0.33642119390131586,0.3318972823861963,0.0,0.43150615467335646,0.5684938453266437,0.0,25,True,,,SHORT_SUCCESS,False,-0.0007020732586175971,0.44,0.56
rolling,2016,2016-03-11T00:00:00Z,38735,HIGH_VOLATILITY,0.3493316826318584,0.3243876729762529,0.0,0.5208836306931357,0.4409867763743407,0.0,25,True,,,SHORT_SUCCESS,False,0.00037083689241845796,0.52,0.48
rolling,2016,2016-03-12T00:00:00Z,38759,NORMAL,0.35184362971452365,0.3169353689695893,0.0,0.4723870405035757,0.4899599759158285,0.0,25,True,,,SHORT_SUCCESS,False,-0.0003246657241360307,0.48,0.52
rolling,2016,2016-03-15T00:00:00Z,38783,HIGH_VOLATILITY,0.3661959462815165,0.3209257928364257,0.0,0.5272417818632085,0.4727582181367913,0.0,25,True,,,LONG_SUCCESS,False,6.043360684393484e-05,0.52,0.48
rolling,2016,2016-03-16T00:00:00Z,38807,NORMAL,0.32119781879980475,0.34712772850265644,0.0,0.19358019330700257,0.7696052853245868,0.0,25,True,,,LONG_SUCCESS,False,0.00044327481018191506,0.6,0.4
rolling,2016,2016-03-17T00:00:00Z,38831,NORMAL,0.3454423761871473,0.329383201384534,0.0,0.47585017194787005,0.4082838057336218,0.0,25,True,,,SHORT_SUCCESS,False,0.00014580246433038013,0.52,0.48
rolling,2016,2016-03-18T00:00:00Z,38855,NORMAL,0.3344797572859407,0.33465169551002133,0.0,0.5649130392105077,0.39598040712641575,0.0,25,True,,,AMBIGUOUS_PATH,False,0.0005172653088365564,0.64,0.36
rolling,2016,2016-03-19T00:00:00Z,38879,VOLATILITY_CONTRACTION,0.3425530794391046,0.3182425989726947,0.0,0.526854547976328,0.4319331238608824,0.0,25,True,,,LONG_SUCCESS,False,0.0009817036398200862,0.72,0.28
rolling,2016,2016-03-22T00:00:00Z,38903,NORMAL,0.34861413725099066,0.329232341333115,0.0,0.347537963223677,0.6524620367763229,0.0,25,True,,,SHORT_SUCCESS,False,3.242605558040346e-05,0.52,0.48
rolling,2016,2016-03-23T00:00:00Z,38927,HIGH_VOLATILITY,0.3507495333930355,0.32439329551082163,0.0,0.5965990824121428,0.3597099399392483,0.0,25,True,,,LONG_SUCCESS,False,0.00037083689241845796,0.56,0.44
rolling,2016,2016-03-24T00:00:00Z,38951,HIGH_VOLATILITY,0.3222351539250035,0.3513591244422456,0.0,0.5474658319145023,0.4136153548055569,0.0,25,True,,,LONG_SUCCESS,False,0.000309971470401349,0.64,0.36
rolling,2016,2016-03-25T00:00:00Z,38975,NORMAL,0.35106918126851183,0.32293747784406035,0.0,0.5240055430081803,0.4759944569918199,0.0,25,True,,,LONG_SUCCESS,False,0.0005489639315567896,0.6,0.4
rolling,2016,2016-03-26T00:00:00Z,38999,TRENDING,0.3461070557385482,0.32252040582828523,0.0,0.3716849080575043,0.5128264582380817,0.0,25,True,,,LONG_SUCCESS,False,0.0002303160279004679,0.52,0.48
rolling,2016,2016-03-29T00:00:00Z,39023,NORMAL,0.31413885971794253,0.3453073025784884,0.0,0.512073176477632,0.4424177654178559,0.0,25,True,,,SHORT_SUCCESS,False,0.000611351453806197,0.56,0.44
rolling,2016,2016-03-30T00:00:00Z,39047,NORMAL,0.312398896736612,0.35603040734791486,0.0,0.4401290266707763,0.5598709733292239,0.0,25,True,,,SHORT_SUCCESS,False,0.00012432253052163666,0.52,0.48
rolling,2016,2016-03-31T00:00:00Z,39071,NORMAL,0.33743906278710617,0.3341264877863501,0.0,0.365657389209175,0.5945808689698625,0.0,25,True,,,SHORT_SUCCESS,False,0.0007429782133565599,0.72,0.28
rolling,2016,2016-04-01T00:00:00Z,39095,NORMAL,0.33455050375900264,0.3431199496688677,0.0,0.48524471667051133,0.4749595613418783,0.0,25,True,,,LONG_SUCCESS,False,0.00030143980038399576,0.52,0.48
rolling,2016,2016-04-02T00:00:00Z,39119,NORMAL,0.3111195954242664,0.340515968768478,0.0,0.43435113542502934,0.523849487094116,0.0,25,True,,,SHORT_SUCCESS,False,-0.00039174584712642346,0.32,0.68
rolling,2016,2016-04-05T00:00:00Z,39143,LOW_VOLATILITY_RANGE,0.3236654291753915,0.3383769085348456,0.0,0.3451004660329978,0.6548995339670021,0.0,25,True,,,AMBIGUOUS_PATH,False,-0.0003537718846209348,0.44,0.56
rolling,2016,2016-04-06T00:00:00Z,39167,NORMAL,0.3493915414959218,0.32780148000337944,0.0,0.4437380122801652,0.46983384575515524,0.0,25,True,,,LONG_SUCCESS,False,0.000735399017567584,0.64,0.36
rolling,2016,2016-04-07T00:00:00Z,39191,NORMAL,0.29725186033486556,0.3526768269793384,0.0,0.232121510827244,0.6536774782243389,0.0,25,True,,,LONG_SUCCESS,False,-0.00018879117043957283,0.44,0.56
rolling,2016,2016-04-08T00:00:00Z,39215,HIGH_VOLATILITY,0.3413440477861621,0.3285304259333346,0.0,0.6422149448193859,0.35778505518061426,0.0,25,True,,,SHORT_SUCCESS,False,0.00047045984439320065,0.68,0.32
rolling,2016,2016-04-09T00:00:00Z,39239,NORMAL,0.30941730934840234,0.34533965657024723,0.0,0.415153470043582,0.5426807316315179,0.0,25,True,,,SHORT_SUCCESS,False,-0.0004622824188342811,0.4,0.6
rolling,2016,2016-04-12T00:00:00Z,39263,NORMAL,0.3153793898266156,0.33800633396200064,0.0,0.48580677790473925,0.47232359732639,0.0,25,True,,,SHORT_SUCCESS,False,0.000713919746287095,0.6,0.4
rolling,2016,2016-04-13T00:00:00Z,39287,LOW_VOLATILITY_RANGE,0.332708840962105,0.3360558406909019,0.0,0.23359187817716828,0.7664081218228317,0.0,25,True,,,SHORT_SUCCESS,False,-0.00031132045470372294,0.48,0.52
rolling,2016,2016-04-14T00:00:00Z,39311,NORMAL,0.3204536509840392,0.341041952638033,0.0,0.5528528722180326,0.3298965936005684,0.0,25,True,,,LONG_SUCCESS,False,0.0007209696424714807,0.76,0.24
rolling,2016,2016-04-15T00:00:00Z,39335,VOLATILITY_CONTRACTION,0.3450813788312297,0.32539524860337266,0.0,0.44093715688382606,0.4633344133851175,0.0,25,True,,,LONG_SUCCESS,False,-7.257765660362292e-05,0.44,0.56
rolling,2016,2016-04-16T00:00:00Z,39359,NORMAL,0.34560862878014764,0.3250291967514402,0.0,0.3935210351425243,0.5630965438563089,0.0,25,True,,,SHORT_SUCCESS,False,0.0002303160279004679,0.52,0.48
rolling,2016,2016-04-19T00:00:00Z,39383,VOLATILITY_CONTRACTION,0.33265257788551517,0.33557860325043176,0.0,0.48090950172061575,0.5190904982793842,0.0,25,True,,,SHORT_SUCCESS,False,-0.0005484146366395715,0.44,0.56
rolling,2016,2016-04-20T00:00:00Z,39407,NORMAL,0.332216942095531,0.32962169555488746,0.0,0.3569226330184646,0.6050222281903435,0.0,25,True,,,SHORT_SUCCESS,False,-0.000178844519928556,0.44,0.56
rolling,2016,2016-04-21T00:00:00Z,39431,NORMAL,0.32740120275918405,0.33648609251900347,0.0,0.4009153685139546,0.47408149814088585,0.0,25,True,,,SHORT_SUCCESS,False,0.00022167713838627812,0.6,0.4
rolling,2016,2016-04-22T00:00:00Z,39455,NORMAL,0.34681178875792573,0.32707539065696817,0.0,0.4021161137590584,0.5164003002410154,0.0,25,True,,,LONG_SUCCESS,False,0.00030507957162773103,0.68,0.32
rolling,2016,2016-04-23T00:00:00Z,39479,NORMAL,0.31084212731936556,0.3387140956888046,0.0,0.5493961812955982,0.36649783039417383,0.0,25,True,,,SHORT_SUCCESS,False,-1.1081253953326708e-06,0.48,0.52
rolling,2016,2016-04-26T00:00:00Z,39503,LOW_VOLATILITY_RANGE,0.3251462696452407,0.3338259914048209,0.0,0.47069348308551356,0.4354004338688704,0.0,25,True,,,LONG_SUCCESS,False,-0.0007520451264428907,0.32,0.68
rolling,2016,2016-04-27T00:00:00Z,39527,NORMAL,0.34679052314016473,0.3253784343490569,0.0,0.7110597539407969,0.28894024605920293,0.0,25,True,,,SHORT_SUCCESS,False,-0.00010990104051589178,0.48,0.52
rolling,2016,2016-04-28T00:00:00Z,39551,VOLATILITY_EXPANSION,0.33754737577635996,0.3382870187523661,0.0,0.49054452256159115,0.4667231493161478,0.0,25,True,,,SHORT_SUCCESS,False,-0.0007211953219316003,0.4,0.6
rolling,2016,2016-04-29T00:00:00Z,39575,HIGH_VOLATILITY,0.3633184683274127,0.32251670092498314,0.0,0.5664580549900784,0.4335419450099216,0.0,25,True,,,SHORT_SUCCESS,False,0.0011986552397715844,0.6,0.4
rolling,2016,2016-04-30T00:00:00Z,39599,HIGH_VOLATILITY,0.3364214138711096,0.3256334731695441,0.0,0.35013098372853224,0.6120423818220275,0.0,25,True,,,SHORT_SUCCESS,False,-9.42253311930763e-05,0.48,0.52
rolling,2016,2016-05-03T00:00:00Z,39623,HIGH_VOLATILITY,0.36203137113525874,0.32680996153545705,0.0,0.6430158671833102,0.3569841328166899,0.0,25,True,,,SHORT_SUCCESS,False,-0.00031466010546710166,0.4,0.6
rolling,2016,2016-05-04T00:00:00Z,39647,HIGH_VOLATILITY,0.33062149970812477,0.35197294747703267,0.0,0.5524927108319403,0.4067571014669079,0.0,25,True,,,LONG_SUCCESS,False,0.0007209696424714807,0.64,0.36
rolling,2016,2016-05-05T00:00:00Z,39671,NORMAL,0.35160389406006604,0.3208462994942439,0.0,0.6001296333436008,0.3623031645200957,0.0,25,True,,,SHORT_SUCCESS,False,0.0007151726034695383,0.68,0.32
rolling,2016,2016-05-06T00:00:00Z,39695,NORMAL,0.3382248113772882,0.32773295391041707,0.0,0.524455133708423,0.31328298309297686,0.0,25,True,,,LONG_SUCCESS,False,0.0009817036398200862,0.76,0.24
rolling,2016,2016-05-07T00:00:00Z,39719,TRENDING,0.34749072276334964,0.31414064520852286,0.0,0.6260583967995693,0.37394160320043074,0.0,25,True,,,LONG_SUCCESS,False,0.0007787104500429631,0.72,0.28
rolling,2016,2016-05-10T00:00:00Z,39743,NORMAL,0.31547339174735844,0.34562014487831766,0.0,0.40073165623890233,0.5612602750981376,0.0,25,True,,,SHORT_SUCCESS,False,0.0010334603022241762,0.72,0.28
rolling,2016,2016-05-11T00:00:00Z,39767,VOLATILITY_EXPANSION,0.34857031334220573,0.3273434284379859,0.0,0.5617592237877634,0.40028906242678824,0.0,25,True,,,SHORT_SUCCESS,False,-2.4034666312955366e-05,0.48,0.52
rolling,2016,2016-05-12T00:00:00Z,39791,NORMAL,0.3348631290677252,0.3314414313520296,0.0,0.6130137801726285,0.3139881418949357,0.0,25,True,,,LONG_SUCCESS,False,0.00019058624153078796,0.56,0.44
rolling,2016,2016-05-13T00:00:00Z,39815,NORMAL,0.33432431928147416,0.34307780547057526,0.0,0.37832601297343116,0.5805351803576208,0.0,25,True,,,LONG_SUCCESS,False,0.00046536959240817133,0.6,0.4
rolling,2016,2016-05-14T00:00:00Z,39839,NORMAL,0.30541354107218277,0.3466339059752779,0.0,0.35790664156551594,0.5979376592448425,0.0,25,True,,,LONG_SUCCESS,False,-5.0319556070932414e-05,0.48,0.52
rolling,2016,2016-05-17T00:00:00Z,39863,NORMAL,0.31610455080488115,0.3422943425560437,0.0,0.31739804005598704,0.6006343155510359,0.0,25,True,,,LONG_SUCCESS,False,0.000751147801504759,0.68,0.32
rolling,2016,2016-05-18T00:00:00Z,39887,HIGH_VOLATILITY,0.35264012432429975,0.32124785495108726,0.0,0.6044660489659851,0.39553395103401495,0.0,25,True,,,SHORT_SUCCESS,False,0.001187162627005689,0.64,0.36
rolling,2016,2016-05-19T00:00:00Z,39911,NORMAL,0.350685579798357,0.3318538085599441,0.0,0.43634151563343593,0.48505166580789216,0.0,25,True,,,LONG_SUCCESS,False,0.0002904301905695128,0.52,0.48
rolling,2016,2016-05-20T00:00:00Z,39935,NORMAL,0.3274715294633775,0.335165285140036,0.0,0.6090800608751085,0.3909199391248917,0.0,25,True,,,LONG_SUCCESS,False,0.0004185619405807639,0.6,0.4
rolling,2016,2016-05-21T00:00:00Z,39959,NORMAL,0.3256679619537428,0.34101932851019223,0.0,0.4831513590108496,0.5168486409891504,0.0,25,True,,,SHORT_SUCCESS,False,0.0004610878361548387,0.56,0.44
rolling,2016,2016-05-24T00:00:00Z,39983,NORMAL,0.36302897492873176,0.3086136740490673,0.0,0.7223520305830183,0.2776479694169818,0.0,25,True,,,LONG_SUCCESS,False,0.0003170196647774848,0.64,0.36
rolling,2016,2016-05-25T00:00:00Z,40007,TRENDING,0.3467594492075303,0.32969294215136263,0.0,0.3663688801823571,0.6336311198176429,0.0,25,True,,,SHORT_SUCCESS,False,-7.257765660362292e-05,0.44,0.56
rolling,2016,2016-05-26T00:00:00Z,40031,HIGH_VOLATILITY,0.36661055750624955,0.32661352568860197,0.0,0.5622034876085582,0.39772881097532287,0.0,25,True,,,SHORT_SUCCESS,False,0.0005932768704861591,0.56,0.44
rolling,2016,2016-05-27T00:00:00Z,40055,TRENDING,0.36248536948087534,0.3108475998553775,0.0,0.4380159750204672,0.5252921340551723,0.0,25,True,,,SHORT_SUCCESS,False,0.0003610521953341106,0.52,0.48
rolling,2016,2016-05-28T00:00:00Z,40079,NORMAL,0.30988267244273443,0.3429248128969614,0.0,0.4029541819920272,0.5596523984862105,0.0,25,True,,,LONG_SUCCESS,False,-0.00010673965321761347,0.48,0.52
rolling,2016,2016-05-31T00:00:00Z,40103,NORMAL,0.3333825780586308,0.33599031599377616,0.0,0.4353963358193623,0.5142379316774484,0.0,25,True,,,SHORT_SUCCESS,False,-0.0008826067342727617,0.28,0.72
rolling,2016,2016-06-01T00:00:00Z,40127,NORMAL,0.3344779281351591,0.3295555662300093,0.0,0.27296375746856494,0.6874337203740597,0.0,25,True,,,LONG_SUCCESS,False,0.0003072612849477352,0.52,0.48
rolling,2016,2016-06-02T00:00:00Z,40151,NORMAL,0.35859802512200895,0.3232687645416511,0.0,0.5632992375289779,0.4367007624710219,0.0,25,True,,,AMBIGUOUS_PATH,False,0.0008815372095347662,0.64,0.36
rolling,2016,2016-06-03T00:00:00Z,40175,NORMAL,0.33477563032354185,0.3320488982164491,0.0,0.571375899522075,0.35225437408148,0.0,25,True,,,LONG_SUCCESS,False,0.00017569234142689183,0.52,0.48
rolling,2016,2016-06-04T00:00:00Z,40199,VOLATILITY_EXPANSION,0.32907995496041975,0.34400185207087786,0.0,0.5192426721014536,0.4417432839552273,0.0,25,True,,,LONG_SUCCESS,False,0.0005982294619693018,0.56,0.44
rolling,2016,2016-06-07T00:00:00Z,40223,HIGH_VOLATILITY,0.34175618383871853,0.325080385688936,0.0,0.41251793505613943,0.515554188410487,0.0,25,True,,,SHORT_SUCCESS,False,-0.00012526418013325546,0.48,0.52
rolling,2016,2016-06-08T00:00:00Z,40247,HIGH_VOLATILITY,0.3540468682588426,0.33587613532946614,0.0,0.46612298106724603,0.5338770189327539,0.0,25,True,,,SHORT_SUCCESS,False,0.0005142394585599952,0.6,0.4
rolling,2016,2016-06-09T00:00:00Z,40271,HIGH_VOLATILITY,0.35499535081827566,0.3324464969605758,0.0,0.5678047352359833,0.43219526476401665,0.0,25,True,,,LONG_SUCCESS,False,-0.00032765635697618034,0.44,0.56
rolling,2016,2016-06-10T00:00:00Z,40295,NORMAL,0.30412337085952806,0.3508791331186738,0.0,0.39614548728023413,0.5630132751783348,0.0,25,True,,,AMBIGUOUS_PATH,False,0.00026030625123474316,0.52,0.48
rolling,2016,2016-06-11T00:00:00Z,40319,HIGH_VOLATILITY,0.31488353790288737,0.3484301926717632,0.0,0.31897148738817294,0.6810285126118271,0.0,25,True,,,SHORT_SUCCESS,False,-0.0004622824188342811,0.4,0.6
rolling,2016,2016-06-14T00:00:00Z,40343,NORMAL,0.31558231438181,0.34677109758960956,0.0,0.3247153458008347,0.5965734027456829,0.0,25,True,,,SHORT_SUCCESS,False,0.0001259749411941513,0.56,0.44
rolling,2016,2016-06-15T00:00:00Z,40367,HIGH_VOLATILITY,0.340301847895026,0.32557726890715666,0.0,0.4016639572214716,0.5983360427785286,0.0,25,True,,,SHORT_SUCCESS,False,-0.00015780086043093444,0.44,0.56
rolling,2016,2016-06-16T00:00:00Z,40391,HIGH_VOLATILITY,0.3602715667362849,0.3152298232448053,0.0,0.5611771116165234,0.4388228883834768,0.0,25,True,,,SHORT_SUCCESS,False,3.339208621833123e-05,0.52,0.48
rolling,2016,2016-06-17T00:00:00Z,40415,HIGH_VOLATILITY,0.32762191383133177,0.33950334505684654,0.0,0.4335043131966442,0.5664956868033558,0.0,25,True,,,LONG_SUCCESS,False,-0.0012469324694427408,0.4,0.6
rolling,2016,2016-06-18T00:00:00Z,40439,NORMAL,0.3227236439961508,0.3438906106056949,0.0,0.43764425942932905,0.562355740570671,0.0,25,True,,,SHORT_SUCCESS,False,0.001378228378422719,0.68,0.32
rolling,2016,2016-06-21T00:00:00Z,40463,VOLATILITY_CONTRACTION,0.3182525837019105,0.33580517673230187,0.0,0.4026889838204896,0.5583418820231845,0.0,25,True,,,LONG_SUCCESS,False,-0.0003537718846209348,0.48,0.52
rolling,2016,2016-06-22T00:00:00Z,40487,HIGH_VOLATILITY,0.33839005359933366,0.33453281141514796,0.0,0.5667643042636078,0.4332356957363923,0.0,25,True,,,SHORT_SUCCESS,False,0.0003841376168747246,0.52,0.48
rolling,2016,2016-06-23T00:00:00Z,40511,NORMAL,0.33851998006440653,0.32897611747907096,0.0,0.5578488637451815,0.44215113625481817,0.0,25,True,,,SHORT_SUCCESS,False,0.000309971470401349,0.56,0.44
rolling,2016,2016-06-24T00:00:00Z,40535,NORMAL,0.34243217685004246,0.33068838128613165,0.0,0.4004487227485163,0.5590493096166363,0.0,25,True,,,SHORT_SUCCESS,False,-0.0003068048408191304,0.44,0.56
rolling,2016,2016-06-25T00:00:00Z,40559,VOLATILITY_EXPANSION,0.3572402393691851,0.3097470806911214,0.0,0.4757757492667703,0.4864144277783442,0.0,25,True,,,LONG_SUCCESS,False,-0.0002514957532434581,0.48,0.52
rolling,2016,2016-06-28T00:00:00Z,40583,NORMAL,0.31606289791284964,0.3473122018871118,0.0,0.4697214002494982,0.4498374934834532,0.0,25,True,,,LONG_SUCCESS,False,0.0010219840428311588,0.6,0.4
rolling,2016,2016-06-29T00:00:00Z,40607,HIGH_VOLATILITY,0.33421446910061336,0.3498369706291028,0.0,0.5229432082224683,0.44003495568359363,0.0,25,True,,,LONG_SUCCESS,False,0.00035217968525880217,0.64,0.36
rolling,2016,2016-06-30T00:00:00Z,40631,NORMAL,0.333060075082428,0.3449450377598079,0.0,0.5620894498966175,0.3599260405922052,0.0,25,True,,,LONG_SUCCESS,False,0.0006332021502390983,0.68,0.32
rolling,2016,2016-07-01T00:00:00Z,40655,VOLATILITY_CONTRACTION,0.3296239638690657,0.3406097976514091,0.0,0.47099402278989305,0.4885774915546819,0.0,25,True,,,SHORT_SUCCESS,False,0.00025462376873597314,0.52,0.48
rolling,2016,2016-07-02T00:00:00Z,40679,NORMAL,0.31772296390244326,0.3480428357129219,0.0,0.36045100550945597,0.6034962204388568,0.0,25,True,,,AMBIGUOUS_PATH,False,-0.00010673965321761347,0.48,0.52
rolling,2016,2016-07-05T00:00:00Z,40703,NORMAL,0.32898119882576693,0.33306048989011805,0.0,0.28040226023637804,0.6710146508164658,0.0,25,True,,,AMBIGUOUS_PATH,False,-0.0005215358156339667,0.4,0.6
rolling,2016,2016-07-06T00:00:00Z,40727,HIGH_VOLATILITY,0.3412479019782889,0.3373062711108286,0.0,0.6308883762724576,0.369111623727542,0.0,25,True,,,LONG_SUCCESS,False,0.00047045984439320065,0.6,0.4
rolling,2016,2016-07-07T00:00:00Z,40751,VOLATILITY_EXPANSION,0.3437680122605094,0.3278891065146764,0.0,0.45216161566400415,0.5478383843359959,0.0,25,True,,,SHORT_SUCCESS,False,0.0004959171415570562,0.6,0.4
rolling,2016,2016-07-08T00:00:00Z,40775,HIGH_VOLATILITY,0.34844932500509995,0.32836035865301516,0.0,0.5576738700417191,0.4052951452310631,0.0,25,True,,,SHORT_SUCCESS,False,0.00037083689241845796,0.52,0.48
rolling,2016,2016-07-09T00:00:00Z,40799,HIGH_VOLATILITY,0.34829551772180717,0.32464868159320814,0.0,0.43735736224723887,0.5263910695216162,0.0,25,True,,,LONG_SUCCESS,False,6.877970538154976e-05,0.52,0.48
rolling,2016,2016-07-12T00:00:00Z,40823,NORMAL,0.3291796000074216,0.33458449093132925,0.0,0.4946496832797624,0.46852983012227345,0.0,25,True,,,SHORT_SUCCESS,False,0.0002352622308483543,0.52,0.48
rolling,2016,2016-07-13T00:00:00Z,40847,VOLATILITY_CONTRACTION,0.3349996243492578,0.33456582615184643,0.0,0.40620063413355145,0.558414129663044,0.0,25,True,,,LONG_SUCCESS,False,-0.00056995932926307,0.48,0.52
rolling,2016,2016-07-14T00:00:00Z,40871,TRENDING,0.35972776355050384,0.32028992636689957,0.0,0.3469983078279734,0.530095486068373,0.0,25,True,,,LONG_SUCCESS,False,-0.000143853167721808,0.44,0.56
rolling,2016,2016-07-15T00:00:00Z,40895,NORMAL,0.35700895492081663,0.31652003709814736,0.0,0.5229082207899385,0.440403668339776,0.0,25,True,,,SHORT_SUCCESS,False,0.0009568887402853221,0.72,0.28
rolling,2016,2016-07-16T00:00:00Z,40919,VOLATILITY_EXPANSION,0.33160979123907364,0.3355858495714066,0.0,0.2696621902693395,0.6857296496086686,0.0,25,True,,,LONG_SUCCESS,False,-0.0005435211149895647,0.44,0.56
rolling,2016,2016-07-19T00:00:00Z,40943,HIGH_VOLATILITY,0.33519837545204934,0.331911015937828,0.0,0.5335810919317878,0.4664189080682123,0.0,25,True,,,SHORT_SUCCESS,False,-0.00015780086043093444,0.48,0.52
rolling,2016,2016-07-20T00:00:00Z,40967,HIGH_VOLATILITY,0.3332221994325705,0.345160096674214,0.0,0.33737364561526195,0.62711098230795,0.0,25,True,,,SHORT_SUCCESS,False,-5.159454436765021e-05,0.48,0.52
rolling,2016,2016-07-21T00:00:00Z,40991,NORMAL,0.35320105355770465,0.3254335250033857,0.0,0.5753448211462285,0.3861382773606022,0.0,25,True,,,SHORT_SUCCESS,False,-4.653690137523814e-05,0.44,0.56
rolling,2016,2016-07-22T00:00:00Z,41015,VOLATILITY_CONTRACTION,0.3294088459833173,0.33716481490546635,0.0,0.5978581384809029,0.3639489231026494,0.0,25,True,,,LONG_SUCCESS,False,0.00025462376873597314,0.52,0.48
rolling,2016,2016-07-23T00:00:00Z,41039,NORMAL,0.3077844929724408,0.34271735551244503,0.0,0.3966575555326359,0.4848491003863354,0.0,25,True,,,LONG_SUCCESS,False,-0.00010673965321761347,0.44,0.56
rolling,2016,2016-07-26T00:00:00Z,41063,NORMAL,0.33014406955007203,0.3291063534799079,0.0,0.3567627205273533,0.6014244869949645,0.0,25,True,,,SHORT_SUCCESS,False,-0.0009517330771691146,0.32,0.68
rolling,2016,2016-07-27T00:00:00Z,41087,HIGH_VOLATILITY,0.3273879212040863,0.3493244382140793,0.0,0.57260770710936,0.35244839272799255,0.0,25,True,,,LONG_SUCCESS,False,-0.00027521650975814715,0.44,0.56
rolling,2016,2016-07-28T00:00:00Z,41111,NORMAL,0.3215114772802603,0.35025430679976144,0.0,0.3562320424634891,0.6437679575365108,0.0,25,True,,,SHORT_SUCCESS,False,0.0001259749411941513,0.52,0.48
rolling,2016,2016-07-29T00:00:00Z,41135,VOLATILITY_CONTRACTION,0.32098444422450106,0.33818746376388736,0.0,0.4328180561979463,0.5175168924629895,0.0,25,True,,,SHORT_SUCCESS,False,-0.00031132045470372294,0.44,0.56
rolling,2016,2016-07-30T00:00:00Z,41159,NORMAL,0.3082643241318863,0.34876052542550484,0.0,0.23680948794283208,0.6849394917662183,0.0,25,True,,,LONG_SUCCESS,False,-0.0004008656796812282,0.32,0.68
rolling,2016,2016-08-02T00:00:00Z,41183,NORMAL,0.3247520924091637,0.34752007041785327,0.0,0.46135526636309093,0.5022889140531247,0.0,25,True,,,SHORT_SUCCESS,False,-0.0007906975313438647,0.32,0.68
rolling,2016,2016-08-03T00:00:00Z,41207,NORMAL,0.3371484845047377,0.3339337089170207,0.0,0.6358774775203961,0.36412252247960397,0.0,25,True,,,SHORT_SUCCESS,False,0.00043247900316112364,0.56,0.44
rolling,2016,2016-08-04T00:00:00Z,41231,NORMAL,0.3378279921523542,0.33959161263125914,0.0,0.5551324233434023,0.44486757665659776,0.0,25,True,,,LONG_SUCCESS,False,-0.00038644880743055054,0.36,0.64
rolling,2016,2016-08-05T00:00:00Z,41255,VOLATILITY_EXPANSION,0.3457421682803935,0.3300412583050087,0.0,0.4035092225007943,0.558902720286347,0.0,25,True,,,LONG_SUCCESS,False,0.0014474610781001207,0.68,0.32
rolling,2016,2016-08-06T00:00:00Z,41279,NORMAL,0.3237771223925579,0.3356359651449282,0.0,0.35909392004334906,0.6025307527228392,0.0,25,True,,,LONG_SUCCESS,False,0.0008053545807868989,0.56,0.44
rolling,2016,2016-08-09T00:00:00Z,41303,NORMAL,0.34137204486335176,0.3341413295240238,0.0,0.4845348089142661,0.35135467215031824,0.0,25,True,,,LONG_SUCCESS,False,0.0006973860166197277,0.6,0.4
rolling,2016,2016-08-10T00:00:00Z,41327,NORMAL,0.3488964645935214,0.3305467850280568,0.0,0.6863279997008129,0.313672000299187,0.0,25,True,,,LONG_SUCCESS,False,-0.0007020732586175971,0.4,0.6
rolling,2016,2016-08-11T00:00:00Z,41351,NORMAL,0.3539304120075834,0.33102994140888986,0.0,0.5669220451078872,0.43307795489211287,0.0,25,True,,,SHORT_SUCCESS,False,-0.0005142506539247416,0.4,0.6
rolling,2016,2016-08-12T00:00:00Z,41375,HIGH_VOLATILITY,0.3556495110094706,0.3241633156246567,0.0,0.4795670092792573,0.44097382074107405,0.0,25,True,,,SHORT_SUCCESS,False,0.0001512851294616091,0.56,0.44
rolling,2016,2016-08-13T00:00:00Z,41399,VOLATILITY_CONTRACTION,0.3038061511235487,0.3541966325367778,0.0,0.37307839989929137,0.5907818640579398,0.0,25,True,,,SHORT_SUCCESS,False,-0.00010673965321761347,0.44,0.56
rolling,2016,2016-08-16T00:00:00Z,41423,NORMAL,0.3224399007100125,0.3492882407202657,0.0,0.4743410400981943,0.5256589599018059,0.0,25,True,,,SHORT_SUCCESS,False,-0.0010912488210376159,0.48,0.52
rolling,2016,2016-08-17T00:00:00Z,41447,HIGH_VOLATILITY,0.35241978349485464,0.31691485597254365,0.0,0.4915818557997261,0.47031981962528663,0.0,25,True,,,SHORT_SUCCESS,False,0.0008865428925128871,0.68,0.32
rolling,2016,2016-08-18T00:00:00Z,41471,NORMAL,0.3345268754633395,0.34346206696374415,0.0,0.4268904911041339,0.49020206060081906,0.0,25,True,,,SHORT_SUCCESS,False,0.0009494354064922828,0.6,0.4
rolling,2016,2016-08-19T00:00:00Z,41495,NORMAL,0.31042375459887106,0.35522924490532654,0.0,0.49821632996781373,0.4644562521039215,0.0,25,True,,,LONG_SUCCESS,False,0.00011536421837887723,0.56,0.44
rolling,2016,2016-08-20T00:00:00Z,41519,TRENDING,0.33558883741473344,0.3213432427477938,0.0,0.3514398589736117,0.6088001024985364,0.0,25,True,,,AMBIGUOUS_PATH,False,-0.0001277730851337866,0.44,0.56
rolling,2016,2016-08-23T00:00:00Z,41543,VOLATILITY_EXPANSION,0.33338742985441744,0.3360902731947746,0.0,0.518301566025696,0.4816984339743043,0.0,25,True,,,LONG_SUCCESS,False,-0.00043201802020664815,0.36,0.64
rolling,2016,2016-08-24T00:00:00Z,41567,HIGH_VOLATILITY,0.33557854775273366,0.3404499931272998,0.0,0.7169110548916503,0.24515794923822704,0.0,25,True,,,LONG_SUCCESS,False,4.6502168648432374e-05,0.52,0.48
rolling,2016,2016-08-25T00:00:00Z,41591,HIGH_VOLATILITY,0.3495427192102678,0.3255418127062772,0.0,0.39961113751055044,0.5626270373929981,0.0,25,True,,,SHORT_SUCCESS,False,0.000574522608363548,0.6,0.4
rolling,2016,2016-08-26T00:00:00Z,41615,NORMAL,0.3332238874528286,0.3309940565006542,0.0,0.4457048420813152,0.5542951579186847,0.0,25,True,,,LONG_SUCCESS,False,-0.00027125018169993353,0.48,0.52
rolling,2016,2016-08-27T00:00:00Z,41639,NORMAL,0.34594602226263094,0.3311895262639226,0.0,0.4025876561063272,0.5606032411522445,0.0,25,True,,,SHORT_SUCCESS,False,4.577454271359471e-05,0.52,0.48
rolling,2016,2016-08-30T00:00:00Z,41663,TRENDING,0.34955362004714263,0.3237915916428478,0.0,0.47900194948900543,0.4822289709930651,0.0,25,True,,,SHORT_SUCCESS,False,-1.524433735955455e-05,0.48,0.52
rolling,2016,2016-08-31T00:00:00Z,41687,NORMAL,0.3634689235804092,0.32943087633847323,0.0,0.5210163055186353,0.4789836944813646,0.0,25,True,,,SHORT_SUCCESS,False,-6.0534631257658233e-05,0.44,0.56
rolling,2016,2016-09-01T00:00:00Z,41711,NORMAL,0.34676854910323746,0.3253521530621383,0.0,0.48775841363802475,0.47398644275596097,0.0,25,True,,,SHORT_SUCCESS,False,0.0002523035986290445,0.56,0.44
rolling,2016,2016-09-02T00:00:00Z,41735,NORMAL,0.3216139246778675,0.3451305593266087,0.0,0.5171886816609597,0.44607554338505334,0.0,25,True,,,SHORT_SUCCESS,False,0.0005172653088365564,0.56,0.44
rolling,2016,2016-09-03T00:00:00Z,41759,NORMAL,0.32063808813768463,0.34056701154862795,0.0,0.36285394458644615,0.5964229472999155,0.0,25,True,,,LONG_SUCCESS,False,-0.00017965136295849948,0.44,0.56
rolling,2016,2016-09-06T00:00:00Z,41783,NORMAL,0.3354421860793031,0.34687077223343354,0.0,0.31071934974153587,0.6498585225884053,0.0,25,True,,,LONG_SUCCESS,False,-0.0005362880353056987,0.36,0.64
rolling,2016,2016-09-07T00:00:00Z,41807,NORMAL,0.3363135242458148,0.3416961566423245,0.0,0.3745137483094086,0.5883078024643541,0.0,25,True,,,SHORT_SUCCESS,False,0.00014580246433038013,0.52,0.48
rolling,2016,2016-09-08T00:00:00Z,41831,NORMAL,0.3374691464526334,0.3292344048255521,0.0,0.3721030672064135,0.5907634176959783,0.0,25,True,,,SHORT_SUCCESS,False,0.0003072612849477352,0.6,0.4
rolling,2016,2016-09-09T00:00:00Z,41855,TRENDING,0.3485663688540006,0.3246257541196092,0.0,0.361864787194092,0.5156359885373996,0.0,25,True,,,LONG_SUCCESS,False,0.0005433696789154396,0.68,0.32
rolling,2016,2016-09-10T00:00:00Z,41879,LOW_VOLATILITY_RANGE,0.32751273616131504,0.32450032668092776,0.0,0.5237497600086339,0.3511138703611243,0.0,25,True,,,LONG_SUCCESS,False,0.001030147248339608,0.6,0.4
rolling,2016,2016-09-13T00:00:00Z,41903,NORMAL,0.3202015127139012,0.3498614735399917,0.0,0.430920135223308,0.5331988790229031,0.0,25,True,,,SHORT_SUCCESS,False,4.6502168648432374e-05,0.52,0.48
rolling,2016,2016-09-14T00:00:00Z,41927,NORMAL,0.35279059176925825,0.3345369114723576,0.0,0.43433591364731333,0.5656640863526866,0.0,25,True,,,LONG_SUCCESS,False,-0.0005372399856700127,0.4,0.6
rolling,2016,2016-09-15T00:00:00Z,41951,NORMAL,0.3399335839864052,0.3330658064466578,0.0,0.5983404741384671,0.36315370000550373,0.0,25,True,,,SHORT_SUCCESS,False,0.00046536959240817133,0.64,0.36
rolling,2016,2016-09-16T00:00:00Z,41975,VOLATILITY_CONTRACTION,0.3370719875306162,0.32522976356141214,0.0,0.560129101496461,0.3613448701689769,0.0,25,True,,,AMBIGUOUS_PATH,False,0.00025462376873597314,0.52,0.48
rolling,2016,2016-09-17T00:00:00Z,41999,TRENDING,0.3505640079105322,0.32731887466076076,0.0,0.40807080586345723,0.5919291941365428,0.0,25,True,,,SHORT_SUCCESS,False,0.0002303160279004679,0.52,0.48
rolling,2016,2016-09-20T00:00:00Z,42023,NORMAL,0.31966772045852127,0.35311736764075913,0.0,0.442458205398206,0.5575417946017939,0.0,25,True,,,SHORT_SUCCESS,False,-0.0007737990095025848,0.44,0.56
rolling,2016,2016-09-21T00:00:00Z,42047,NORMAL,0.33597569669914445,0.3351821849124795,0.0,0.43760303009445456,0.4835355963076541,0.0,25,True,,,LONG_SUCCESS,False,0.0005343453261521525,0.64,0.36
rolling,2016,2016-09-22T00:00:00Z,42071,NORMAL,0.34565501825522754,0.3386259771733146,0.0,0.3990906780646445,0.5633900266788288,0.0,25,True,,,SHORT_SUCCESS,False,-0.0003606970047065339,0.44,0.56
rolling,2016,2016-09-23T00:00:00Z,42095,NORMAL,0.29974290132125686,0.36236773228459174,0.0,0.47399894666004133,0.4898009828776311,0.0,25,True,,,SHORT_SUCCESS,False,0.00026832313410407593,0.56,0.44
rolling,2016,2016-09-24T00:00:00Z,42119,TRENDING,0.33811956592875725,0.3248922545476104,0.0,0.4090088269370733,0.5129775846918242,0.0,25,True,,,LONG_SUCCESS,False,4.577454271359471e-05,0.52,0.48
rolling,2016,2016-09-27T00:00:00Z,42143,NORMAL,0.30837562146166264,0.3563574586535254,0.0,0.3689960858613932,0.5505465373241971,0.0,25,True,,,LONG_SUCCESS,False,-0.00020582983374750619,0.36,0.64
rolling,2016,2016-09-28T00:00:00Z,42167,NORMAL,0.33048360978335944,0.340839580295391,0.0,0.3639591324280224,0.5520821624467576,0.0,25,True,,,LONG_SUCCESS,False,0.00019058624153078796,0.6,0.4
rolling,2016,2016-09-29T00:00:00Z,42191,VOLATILITY_EXPANSION,0.34515051938404,0.3305262233246791,0.0,0.5176975510760005,0.4823024489239994,0.0,25,True,,,SHORT_SUCCESS,False,4.321057633083214e-05,0.52,0.48
rolling,2016,2016-09-30T00:00:00Z,42215,HIGH_VOLATILITY,0.33686197473893603,0.3302254189412692,0.0,0.5501906451911812,0.4498093548088189,0.0,25,True,,,SHORT_SUCCESS,False,0.0004185619405807639,0.64,0.36
rolling,2016,2016-10-01T00:00:00Z,42239,HIGH_VOLATILITY,0.3403050433352292,0.33054607514744444,0.0,0.39522906639013733,0.6047709336098628,0.0,25,True,,,LONG_SUCCESS,False,0.0004185619405807639,0.6,0.4
rolling,2016,2016-10-04T00:00:00Z,42263,TRENDING,0.3548365073470016,0.3323184892137094,0.0,0.3235042277669531,0.5984154174555831,0.0,25,True,,,LONG_SUCCESS,False,-0.00036231630418936955,0.36,0.64
rolling,2016,2016-10-05T00:00:00Z,42287,HIGH_VOLATILITY,0.3484257025356719,0.33887554019762217,0.0,0.5633734681956765,0.39601457573181,0.0,25,True,,,LONG_SUCCESS,False,-0.0003606970047065339,0.44,0.56
rolling,2016,2016-10-06T00:00:00Z,42311,NORMAL,0.3511728202330992,0.32550904359225796,0.0,0.4866482366850982,0.5133517633149018,0.0,25,True,,,LONG_SUCCESS,False,-7.257765660362292e-05,0.44,0.56
rolling,2016,2016-10-07T00:00:00Z,42335,NORMAL,0.32690977064162147,0.34584378377386177,0.0,0.5294374756012851,0.4705625243987151,0.0,25,True,,,LONG_SUCCESS,False,0.00044327481018191506,0.6,0.4
rolling,2016,2016-10-08T00:00:00Z,42359,NORMAL,0.32226135887409985,0.3313807616345851,0.0,0.40085050678223283,0.48148622378993755,0.0,25,True,,,SHORT_SUCCESS,False,-0.00010673965321761347,0.44,0.56
rolling,2016,2016-10-11T00:00:00Z,42383,NORMAL,0.3144676093448578,0.35581555671155946,0.0,0.43550957887455305,0.564490421125447,0.0,25,True,,,LONG_SUCCESS,False,0.0005415923924911858,0.56,0.44
rolling,2016,2016-10-12T00:00:00Z,42407,NORMAL,0.33062752850885274,0.34239823598481894,0.0,0.42764315485944376,0.45321660029487276,0.0,25,True,,,SHORT_SUCCESS,False,6.695803203449202e-06,0.52,0.48
rolling,2016,2016-10-13T00:00:00Z,42431,NORMAL,0.3263931034469682,0.33616128353501784,0.0,0.4934355732277105,0.4684983050776523,0.0,25,True,,,LONG_SUCCESS,False,-0.0002438346212030318,0.44,0.56
rolling,2016,2016-10-14T00:00:00Z,42455,NORMAL,0.31506031494305664,0.34475856983273745,0.0,0.2920443469876645,0.5917604301020264,0.0,25,True,,,SHORT_SUCCESS,False,7.396622555866372e-05,0.52,0.48
rolling,2016,2016-10-15T00:00:00Z,42479,NORMAL,0.33203533123110746,0.335416177803355,0.0,0.5534399318791515,0.4465600681208487,0.0,25,True,,,SHORT_SUCCESS,False,-0.00027125018169993353,0.48,0.52
rolling,2016,2016-10-18T00:00:00Z,42503,NORMAL,0.33178272293717465,0.3413545659702915,0.0,0.6826302882623001,0.3173697117376999,0.0,25,True,,,LONG_SUCCESS,False,0.0005973922773492291,0.6,0.4
rolling,2016,2016-10-19T00:00:00Z,42527,HIGH_VOLATILITY,0.35290156870328776,0.3322401597537539,0.0,0.28454912387664244,0.7154508761233573,0.0,25,True,,,SHORT_SUCCESS,False,-0.0005879125999822543,0.48,0.52
rolling,2016,2016-10-20T00:00:00Z,42551,NORMAL,0.34142892980945055,0.32463555829199225,0.0,0.5241268230685049,0.475873176931495,0.0,25,True,,,LONG_SUCCESS,False,0.00017971686882001237,0.56,0.44
rolling,2016,2016-10-21T00:00:00Z,42575,NORMAL,0.3357146594709476,0.3349714725807458,0.0,0.3194267875876452,0.6397789678280832,0.0,25,True,,,LONG_SUCCESS,False,0.0003319349493717816,0.56,0.44
rolling,2016,2016-10-22T00:00:00Z,42599,NORMAL,0.336296953545884,0.33569737587753834,0.0,0.6456545804474842,0.35434541955251586,0.0,25,True,,,SHORT_SUCCESS,False,0.0006159897328510411,0.76,0.24
rolling,2016,2016-10-25T00:00:00Z,42623,NORMAL,0.3493711022563803,0.32906949962216686,0.0,0.5567428977754907,0.40523264633944556,0.0,25,True,,,LONG_SUCCESS,False,0.0003170196647774848,0.52,0.48
rolling,2016,2016-10-26T00:00:00Z,42647,NORMAL,0.3455018924315721,0.32464840422865876,0.0,0.4758661120197685,0.5241338879802317,0.0,25,True,,,LONG_SUCCESS,False,0.0006775364469977507,0.52,0.48
rolling,2016,2016-10-27T00:00:00Z,42671,NORMAL,0.3393349159676931,0.34425335968046034,0.0,0.43874451524405267,0.5612554847559477,0.0,25,True,,,SHORT_SUCCESS,False,0.00018290910789908743,0.52,0.48
rolling,2016,2016-10-28T00:00:00Z,42695,NORMAL,0.3469222607506123,0.3229603293892518,0.0,0.5552869552999384,0.4035926537999197,0.0,25,True,,,SHORT_SUCCESS,False,0.0009030398227869441,0.68,0.32
rolling,2016,2016-10-29T00:00:00Z,42719,NORMAL,0.3173010691892711,0.3416967613310376,0.0,0.2841851650948837,0.6382819948918004,0.0,25,True,,,LONG_SUCCESS,False,-0.0004622824188342811,0.32,0.68
rolling,2016,2016-11-01T00:00:00Z,42743,NORMAL,0.3145661017162847,0.34490360321232055,0.0,0.43534420991940037,0.5246834746779874,0.0,25,True,,,LONG_SUCCESS,False,0.0008852716401488436,0.64,0.36
rolling,2016,2016-11-02T00:00:00Z,42767,NORMAL,0.348209868213294,0.336046199242488,0.0,0.5829246866745902,0.4170753133254096,0.0,25,True,,,LONG_SUCCESS,False,-0.00032765635697618034,0.44,0.56
rolling,2016,2016-11-03T00:00:00Z,42791,NORMAL,0.32402638434388514,0.34591966343548797,0.0,0.47193255890065267,0.5280674410993473,0.0,25,True,,,LONG_SUCCESS,False,0.00075311962196567,0.64,0.36
rolling,2016,2016-11-04T00:00:00Z,42815,LOW_VOLATILITY_RANGE,0.3233730370145646,0.3427930582306233,0.0,0.5963202018387983,0.4036797981612013,0.0,25,True,,,LONG_SUCCESS,False,0.00046536959240817133,0.52,0.48
rolling,2016,2016-11-05T00:00:00Z,42839,NORMAL,0.32559642693190766,0.3353382664223521,0.0,0.519370302923649,0.480629697076351,0.0,25,True,,,LONG_SUCCESS,False,0.0008897179781512943,0.68,0.32
rolling,2016,2016-11-08T00:00:00Z,42863,HIGH_VOLATILITY,0.31782693399515094,0.3480007211601068,0.0,0.311707609103237,0.603764925839682,0.0,25,True,,,SHORT_SUCCESS,False,-4.787318843613164e-05,0.48,0.52
rolling,2016,2016-11-09T00:00:00Z,42887,NORMAL,0.3538160967978346,0.31635863091854116,0.0,0.5335343833103778,0.4281947740052341,0.0,25,True,,,LONG_SUCCESS,False,-0.00014103228864748019,0.44,0.56
rolling,2016,2016-11-10T00:00:00Z,42911,HIGH_VOLATILITY,0.35077216486294016,0.33618672725828125,0.0,0.46643403062666006,0.5335659693733401,0.0,25,True,,,SHORT_SUCCESS,False,-0.00032765635697618034,0.48,0.52
rolling,2016,2016-11-11T00:00:00Z,42935,NORMAL,0.3338144050868733,0.32598111868048557,0.0,0.39521600474976976,0.5633850041565615,0.0,25,True,,,SHORT_SUCCESS,False,0.0004459612120633061,0.52,0.48
rolling,2016,2016-11-12T00:00:00Z,42959,HIGH_VOLATILITY,0.32416509984532926,0.3364248091968076,0.0,0.47146677819707233,0.5285332218029278,0.0,25,True,,,SHORT_SUCCESS,False,-0.0002989795225275538,0.48,0.52
rolling,2016,2016-11-15T00:00:00Z,42983,HIGH_VOLATILITY,0.36497632526397195,0.31408406289147084,0.0,0.6592882734930777,0.3407117265069219,0.0,25,True,,,LONG_SUCCESS,False,0.0008938762564711933,0.64,0.36
rolling,2016,2016-11-16T00:00:00Z,43007,HIGH_VOLATILITY,0.33693407481499377,0.34013040267382894,0.0,0.5933085240010408,0.369484208433326,0.0,25,True,,,SHORT_SUCCESS,False,0.0006332021502390983,0.72,0.28
rolling,2016,2016-11-17T00:00:00Z,43031,TRENDING,0.36249486558185673,0.3287444517471405,0.0,0.5702689198785376,0.3925733910546142,0.0,25,True,,,LONG_SUCCESS,False,0.0005932768704861591,0.6,0.4
rolling,2016,2016-11-18T00:00:00Z,43055,VOLATILITY_CONTRACTION,0.3407576620114169,0.33289478804642914,0.0,0.5688601712378053,0.31513989044541046,0.0,25,True,,,LONG_SUCCESS,False,-1.931882405259433e-05,0.48,0.52
rolling,2016,2016-11-19T00:00:00Z,43079,VOLATILITY_CONTRACTION,0.33711576000209376,0.32684985478589546,0.0,0.5056908923727842,0.4574082074604021,0.0,25,True,,,SHORT_SUCCESS,False,0.000961508890139795,0.68,0.32
rolling,2016,2016-11-22T00:00:00Z,43103,NORMAL,0.3549807274370785,0.3300791684196578,0.0,0.4830376363962295,0.47975050122939983,0.0,25,True,,,SHORT_SUCCESS,False,-4.653690137523814e-05,0.48,0.52
rolling,2016,2016-11-23T00:00:00Z,43127,VOLATILITY_CONTRACTION,0.31458481092837864,0.348580179547481,0.0,0.3442560464132376,0.5792881470221097,0.0,25,True,,,LONG_SUCCESS,False,-0.00020582983374750619,0.36,0.64
rolling,2016,2016-11-24T00:00:00Z,43151,NORMAL,0.30791040289200194,0.3494738200182126,0.0,0.27657084521077197,0.6089304571431525,0.0,25,True,,,SHORT_SUCCESS,False,-0.0006057516283082265,0.32,0.68
rolling,2016,2016-11-25T00:00:00Z,43175,NORMAL,0.3260492488920733,0.3338171923408854,0.0,0.39866260047010993,0.5633214530542471,0.0,25,True,,,LONG_SUCCESS,False,0.0003319349493717816,0.56,0.44
rolling,2016,2016-11-26T00:00:00Z,43199,NORMAL,0.33734515432897705,0.326916360983437,0.0,0.49033729964646805,0.4307630935595965,0.0,25,True,,,LONG_SUCCESS,False,0.0013386853015218136,0.64,0.36
rolling,2016,2016-11-29T00:00:00Z,43223,VOLATILITY_CONTRACTION,0.34394186561910767,0.317240366396222,0.0,0.4766069073314567,0.44289807385448604,0.0,25,True,,,SHORT_SUCCESS,False,-0.0004828547003999928,0.32,0.68
rolling,2016,2016-11-30T00:00:00Z,43247,NORMAL,0.3624452248404039,0.3219917560111433,0.0,0.5764166658841595,0.4235833341158405,0.0,25,True,,,LONG_SUCCESS,False,-0.00012353457949909608,0.44,0.56
rolling,2016,2016-12-01T00:00:00Z,43271,NORMAL,0.3535411321913775,0.32988249553637794,0.0,0.6462332843931853,0.35376671560681494,0.0,25,True,,,SHORT_SUCCESS,False,0.0008815372095347662,0.6,0.4
rolling,2016,2016-12-02T00:00:00Z,43295,NORMAL,0.31390535519683077,0.34942049817837595,0.0,0.40614484959684016,0.5938551504031598,0.0,25,True,,,SHORT_SUCCESS,False,-5.0319556070932414e-05,0.48,0.52
rolling,2016,2016-12-03T00:00:00Z,43319,NORMAL,0.2959576600409924,0.3520896714650497,0.0,0.43783361968296963,0.5621663803170304,0.0,25,True,,,SHORT_SUCCESS,False,-0.0004622824188342811,0.44,0.56
rolling,2016,2016-12-06T00:00:00Z,43343,NORMAL,0.34525338617089824,0.32303729068091297,0.0,0.3677486363475029,0.593196983496281,0.0,25,True,,,SHORT_SUCCESS,False,-0.00023825857798276395,0.48,0.52
rolling,2016,2016-12-07T00:00:00Z,43367,NORMAL,0.34336971559160967,0.33143137985939214,0.0,0.3418961279115938,0.6581038720884061,0.0,25,True,,,LONG_SUCCESS,False,-1.931882405259433e-05,0.48,0.52
rolling,2016,2016-12-08T00:00:00Z,43391,NORMAL,0.32115206807914337,0.3460834197521255,0.0,0.4801480920459158,0.4794021080761942,0.0,25,True,,,SHORT_SUCCESS,False,6.695803203449202e-06,0.52,0.48
rolling,2016,2016-12-09T00:00:00Z,43415,LOW_VOLATILITY_RANGE,0.3246338169892994,0.3347877607735215,0.0,0.5018675102744461,0.37226153487199914,0.0,25,True,,,LONG_SUCCESS,False,0.00046536959240817133,0.72,0.28
rolling,2016,2016-12-10T00:00:00Z,43439,NORMAL,0.34164431448712973,0.3130573251499162,0.0,0.406907437034502,0.5144418094972737,0.0,25,True,,,LONG_SUCCESS,False,0.000524993511235694,0.56,0.44
rolling,2016,2016-12-13T00:00:00Z,43463,VOLATILITY_EXPANSION,0.33021018804168073,0.34006832652485736,0.0,0.6020865541771397,0.39791344582286037,0.0,25,True,,,LONG_SUCCESS,False,-8.845940134138974e-05,0.48,0.52
rolling,2016,2016-12-14T00:00:00Z,43487,VOLATILITY_EXPANSION,0.35585875761016733,0.33251530025505016,0.0,0.45126223580277985,0.5487377641972199,0.0,25,True,,,SHORT_SUCCESS,False,0.0002575208419350883,0.52,0.48
rolling,2016,2016-12-15T00:00:00Z,43511,NORMAL,0.3484140471255196,0.33944405620243934,0.0,0.4771349788571951,0.4465013066008795,0.0,25,True,,,LONG_SUCCESS,False,-0.0002958047568897282,0.48,0.52
rolling,2016,2016-12-16T00:00:00Z,43535,VOLATILITY_CONTRACTION,0.32722654919632316,0.33050226245389525,0.0,0.4519056300294806,0.46857039420129803,0.0,25,True,,,LONG_SUCCESS,False,5.647970600919372e-05,0.52,0.48
rolling,2016,2016-12-17T00:00:00Z,43559,VOLATILITY_CONTRACTION,0.32028754788279223,0.32618396985646486,0.0,0.4830250807040725,0.43600720465508946,0.0,25,True,,,LONG_SUCCESS,False,0.00015194448419086903,0.56,0.44
rolling,2016,2016-12-20T00:00:00Z,43583,VOLATILITY_CONTRACTION,0.31883917581489746,0.34077457072012773,0.0,0.40941227024620014,0.5162949432810786,0.0,25,True,,,SHORT_SUCCESS,False,-0.00038658380098699485,0.36,0.64
rolling,2016,2016-12-21T00:00:00Z,43607,NORMAL,0.33641982240126,0.3286136869072903,0.0,0.4245467508247174,0.5754532491752824,0.0,25,True,,,LONG_SUCCESS,False,1.733241451118417e-05,0.52,0.48
rolling,2016,2016-12-22T00:00:00Z,43631,NORMAL,0.3365860292652538,0.31957833330338337,0.0,0.4030547181759086,0.5206156855644308,0.0,25,True,,,LONG_SUCCESS,False,-1.0448980872435065e-05,0.48,0.52
rolling,2016,2016-12-23T00:00:00Z,43655,LOW_VOLATILITY_RANGE,0.3348162103969098,0.3258742946939895,0.0,0.3955602064265605,0.5287663991268823,0.0,25,True,,,LONG_SUCCESS,False,0.0005834516085641006,0.72,0.28
rolling,2016,2016-12-24T00:00:00Z,43679,TRENDING,0.34438015476822775,0.31490859498584634,0.0,0.31055861703255877,0.6120940038950862,0.0,25,True,,,LONG_SUCCESS,False,0.0004439369110831315,0.56,0.44
rolling,2016,2016-12-27T00:00:00Z,43703,NORMAL,0.34520883924315177,0.32843693873716234,0.0,0.5181835054359515,0.4818164945640484,0.0,25,True,,,SHORT_SUCCESS,False,5.647970600919372e-05,0.56,0.44
rolling,2016,2016-12-28T00:00:00Z,43727,LOW_VOLATILITY_RANGE,0.3204827233118863,0.3502437245743853,0.0,0.355815145371341,0.6441848546286589,0.0,25,True,,,SHORT_SUCCESS,False,-0.00031132045470372294,0.48,0.52
rolling,2016,2016-12-29T00:00:00Z,43751,NORMAL,0.33327130521478726,0.34357184905455346,0.0,0.5501926582589627,0.44980734174103737,0.0,25,True,,,SHORT_SUCCESS,False,0.00014580246433038013,0.52,0.48
rolling,2016,2016-12-30T00:00:00Z,43775,NORMAL,0.30452385426792433,0.3532330298444042,0.0,0.345014882330071,0.6116049759621157,0.0,25,True,,,SHORT_SUCCESS,False,-5.0319556070932414e-05,0.48,0.52
rolling,2016,2016-12-31T00:00:00Z,43799,NORMAL,0.3257368076270357,0.33309173760560556,0.0,0.6005801585810502,0.2749355855866729,0.0,25,True,,,SHORT_SUCCESS,False,0.000297773141310298,0.56,0.44
expanding,2017,2017-01-03T00:00:00Z,43823,VOLATILITY_CONTRACTION,0.31113062177719725,0.3178585475597916,0.0,0.4713822343560931,0.528617765643907,0.0,25,True,,,LONG_SUCCESS,False,-0.00034111773198652884,0.36,0.64
expanding,2017,2017-01-04T00:00:00Z,43847,NORMAL,0.31426321384866157,0.33581164391288787,0.0,0.48083819903278824,0.5191618009672117,0.0,25,True,,,SHORT_SUCCESS,False,-0.0002209219679466523,0.48,0.52
expanding,2017,2017-01-05T00:00:00Z,43871,VOLATILITY_EXPANSION,0.3400943281730954,0.32924076830850935,0.0,0.5125757273706271,0.3619731334023285,0.0,25,True,,,SHORT_SUCCESS,False,0.00024134224814620353,0.52,0.48
expanding,2017,2017-01-06T00:00:00Z,43895,NORMAL,0.31221212518754815,0.3331299533180494,0.0,0.45174113259863935,0.5084572107640387,0.0,25,True,,,SHORT_SUCCESS,False,0.00015937919743658213,0.52,0.48
expanding,2017,2017-01-07T00:00:00Z,43919,VOLATILITY_EXPANSION,0.32547405019810854,0.33936746523856587,0.0,0.5985405242855363,0.40145947571446366,0.0,25,True,,,LONG_SUCCESS,False,-0.0003152126278770373,0.36,0.64
expanding,2017,2017-01-10T00:00:00Z,43943,HIGH_VOLATILITY,0.34465444178152066,0.33815839849116647,0.0,0.5111847649437746,0.45004706496542013,0.0,25,True,,,LONG_SUCCESS,False,0.00043247900316112364,0.56,0.44
expanding,2017,2017-01-11T00:00:00Z,43967,NORMAL,0.33343869698718936,0.3398256705751735,0.0,0.60250270299418,0.39749729700582,0.0,25,True,,,LONG_SUCCESS,False,-0.0005848633775724643,0.36,0.64
expanding,2017,2017-01-12T00:00:00Z,43991,TRENDING,0.36233102322968386,0.33029879039222254,0.0,0.5221522640079584,0.43736565347323286,0.0,25,True,,,SHORT_SUCCESS,False,-0.00019368003165110004,0.44,0.56
expanding,2017,2017-01-13T00:00:00Z,44015,NORMAL,0.3621868038490867,0.3301567566404987,0.0,0.5483552039367571,0.451644796063243,0.0,25,True,,,SHORT_SUCCESS,False,0.0005433696789154396,0.56,0.44
expanding,2017,2017-01-14T00:00:00Z,44039,NORMAL,0.2909272298520665,0.33253408520876726,0.0,0.4441558574547799,0.47251725611355355,0.0,25,True,,,LONG_SUCCESS,False,0.00038325076088385757,0.56,0.44
expanding,2017,2017-01-17T00:00:00Z,44063,HIGH_VOLATILITY,0.3457682405369354,0.3247452768610231,0.0,0.5211979907106383,0.3961973881592981,0.0,25,True,,,SHORT_SUCCESS,False,-0.00023256638101842864,0.36,0.64
expanding,2017,2017-01-18T00:00:00Z,44087,VOLATILITY_EXPANSION,0.34898134356889526,0.341885247712495,0.0,0.31481764007731444,0.6415127598134973,0.0,25,True,,,LONG_SUCCESS,False,-1.53846673467406e-05,0.48,0.52
expanding,2017,2017-01-19T00:00:00Z,44111,HIGH_VOLATILITY,0.35345882703842035,0.3391602516411008,0.0,0.40234883075272393,0.5530808349541638,0.0,25,True,,,LONG_SUCCESS,False,-0.0002838638071603894,0.44,0.56
expanding,2017,2017-01-20T00:00:00Z,44135,HIGH_VOLATILITY,0.36301947503126303,0.3329549066714732,0.0,0.4527629029768257,0.5083247787828494,0.0,25,True,,,SHORT_SUCCESS,False,0.0005932768704861591,0.68,0.32
expanding,2017,2017-01-21T00:00:00Z,44159,NORMAL,0.3181134677396603,0.3472122805941775,0.0,0.5118347340096314,0.48816526599036847,0.0,25,True,,,LONG_SUCCESS,False,-0.00010818208529883577,0.44,0.56
expanding,2017,2017-01-24T00:00:00Z,44183,HIGH_VOLATILITY,0.3241106012475945,0.33986390839445535,0.0,0.5240980523271858,0.475901947672814,0.0,25,True,,,SHORT_SUCCESS,False,-5.159454436765021e-05,0.48,0.52
expanding,2017,2017-01-25T00:00:00Z,44207,NORMAL,0.34856216277473057,0.3348400634123565,0.0,0.6764282508027646,0.3235717491972354,0.0,25,True,,,LONG_SUCCESS,False,0.00037083689241845796,0.6,0.4
expanding,2017,2017-01-26T00:00:00Z,44231,NORMAL,0.34945865513391516,0.3384260143868923,0.0,0.4784832668623339,0.4797971139453998,0.0,25,True,,,SHORT_SUCCESS,False,-0.00010085411677018818,0.48,0.52
expanding,2017,2017-01-27T00:00:00Z,44255,NORMAL,0.35126035530903793,0.3359451601077702,0.0,0.476888382468475,0.5231116175315251,0.0,25,True,,,SHORT_SUCCESS,False,5.375069753266182e-05,0.52,0.48
expanding,2017,2017-01-28T00:00:00Z,44279,NORMAL,0.34159358269868184,0.3315335628255963,0.0,0.4851558310716225,0.4308432060273103,0.0,25,True,,,SHORT_SUCCESS,False,0.00028021281382728525,0.56,0.44
expanding,2017,2017-01-31T00:00:00Z,44303,NORMAL,0.32211921707009433,0.3471605507844262,0.0,0.5656297070992234,0.35060275779889377,0.0,25,True,,,SHORT_SUCCESS,False,0.00011575868383251198,0.52,0.48
expanding,2017,2017-02-01T00:00:00Z,44327,VOLATILITY_CONTRACTION,0.33273176272059324,0.32824141770633947,0.0,0.47943423383779504,0.5205657661622045,0.0,25,True,,,LONG_SUCCESS,False,1.733241451118417e-05,0.52,0.48
expanding,2017,2017-02-02T00:00:00Z,44351,VOLATILITY_CONTRACTION,0.3278894865849574,0.3361413585152193,0.0,0.3147250391556416,0.64614661133885,0.0,25,True,,,SHORT_SUCCESS,False,0.0003144009059248276,0.56,0.44
expanding,2017,2017-02-03T00:00:00Z,44375,NORMAL,0.29706011273787186,0.34018614320311275,0.0,0.38752513432090474,0.5748172069112736,0.0,25,True,,,LONG_SUCCESS,False,-1.1539258903181526e-05,0.48,0.52
expanding,2017,2017-02-04T00:00:00Z,44399,NORMAL,0.35142871946636234,0.32337640075639806,0.0,0.4202449811990845,0.5797550188009156,0.0,25,True,,,LONG_SUCCESS,False,0.00019759072468761296,0.52,0.48
expanding,2017,2017-02-07T00:00:00Z,44423,TRENDING,0.3498890832151374,0.3262185420172648,0.0,0.48942858266683004,0.5105714173331699,0.0,25,True,,,LONG_SUCCESS,False,-0.00012353457949909608,0.48,0.52
expanding,2017,2017-02-08T00:00:00Z,44447,LOW_VOLATILITY_RANGE,0.3252707971942081,0.3294949388639475,0.0,0.3673719589178911,0.5960329451840011,0.0,25,True,,,SHORT_SUCCESS,False,-0.00022283299101200083,0.48,0.52
expanding,2017,2017-02-09T00:00:00Z,44471,NORMAL,0.32071958693631986,0.3266553568215527,0.0,0.4003339498874444,0.47576530991028526,0.0,25,True,,,SHORT_SUCCESS,False,6.695803203449202e-06,0.52,0.48
expanding,2017,2017-02-10T00:00:00Z,44495,NORMAL,0.3300597995739874,0.33576517367642794,0.0,0.49427587036167675,0.42844300265019564,0.0,25,True,,,SHORT_SUCCESS,False,4.321057633083214e-05,0.52,0.48
expanding,2017,2017-02-11T00:00:00Z,44519,NORMAL,0.31521169024256485,0.33700889133615997,0.0,0.35320069398623344,0.6062817782379135,0.0,25,True,,,LONG_SUCCESS,False,-0.00028023375404417905,0.36,0.64
expanding,2017,2017-02-14T00:00:00Z,44543,NORMAL,0.3195412805221383,0.32950512094088796,0.0,0.3210649560986667,0.5594804680293196,0.0,25,True,,,LONG_SUCCESS,False,-0.0006186062660544778,0.24,0.76
expanding,2017,2017-02-15T00:00:00Z,44567,NORMAL,0.3440445075146834,0.3304603937282362,0.0,0.34835727303832437,0.607637683769701,0.0,25,True,,,SHORT_SUCCESS,False,0.00015981158266864526,0.52,0.48
expanding,2017,2017-02-16T00:00:00Z,44591,NORMAL,0.34550749021750365,0.33773807720598986,0.0,0.3598213519468846,0.5633314186125128,0.0,25,True,,,LONG_SUCCESS,False,0.0003072612849477352,0.64,0.36
expanding,2017,2017-02-17T00:00:00Z,44615,VOLATILITY_EXPANSION,0.3337942533675191,0.3464194289956757,0.0,0.6018432561378948,0.3547716490828785,0.0,25,True,,,LONG_SUCCESS,False,0.0009810369571303656,0.68,0.32
expanding,2017,2017-02-18T00:00:00Z,44639,NORMAL,0.32929679662387745,0.33239510175448367,0.0,0.3976222174929722,0.560455345848409,0.0,25,True,,,AMBIGUOUS_PATH,False,-4.998031447611684e-05,0.48,0.52
expanding,2017,2017-02-21T00:00:00Z,44663,NORMAL,0.33430803438945617,0.3360474988569166,0.0,0.5896886090647775,0.41031139093522245,0.0,25,True,,,AMBIGUOUS_PATH,False,0.0003841376168747246,0.6,0.4
expanding,2017,2017-02-22T00:00:00Z,44687,NORMAL,0.3296008670133699,0.33759189460005556,0.0,0.5609075260611328,0.40122120776273595,0.0,25,True,,,LONG_SUCCESS,False,0.000309971470401349,0.6,0.4
expanding,2017,2017-02-23T00:00:00Z,44711,NORMAL,0.34020650596953267,0.331187435169018,0.0,0.5758697448527215,0.3105606247054405,0.0,25,True,,,SHORT_SUCCESS,False,-0.0001277730851337866,0.48,0.52
expanding,2017,2017-02-24T00:00:00Z,44735,NORMAL,0.3315196560845734,0.33923159586167495,0.0,0.45404348483853463,0.5459565151614657,0.0,25,True,,,LONG_SUCCESS,False,0.00023479197722187095,0.56,0.44
expanding,2017,2017-02-25T00:00:00Z,44759,VOLATILITY_CONTRACTION,0.3346223610929125,0.33152453726118936,0.0,0.4904030979887108,0.3962909256789447,0.0,25,True,,,SHORT_SUCCESS,False,-0.00017509235441171,0.48,0.52
expanding,2017,2017-02-28T00:00:00Z,44783,NORMAL,0.32200448323269715,0.3279909800975373,0.0,0.463202509704709,0.5367974902952909,0.0,25,True,,,SHORT_SUCCESS,False,-3.444380794315194e-05,0.48,0.52
expanding,2017,2017-03-01T00:00:00Z,44807,NORMAL,0.3388787303010938,0.3277606695378353,0.0,0.5669303161347446,0.3933056706391456,0.0,25,True,,,SHORT_SUCCESS,False,5.647970600919372e-05,0.56,0.44
expanding,2017,2017-03-02T00:00:00Z,44831,NORMAL,0.3333802797350249,0.3410690248707724,0.0,0.3177969352375226,0.6822030647624772,0.0,25,True,,,LONG_SUCCESS,False,0.00014580246433038013,0.6,0.4
expanding,2017,2017-03-03T00:00:00Z,44855,NORMAL,0.3271473669465684,0.33210180099439296,0.0,0.5559960499624717,0.24397377996084166,0.0,25,True,,,SHORT_SUCCESS,False,0.0003599091341415228,0.64,0.36
expanding,2017,2017-03-04T00:00:00Z,44879,NORMAL,0.3086483451529734,0.3279171924677615,0.0,0.478248859155931,0.485597993106592,0.0,25,True,,,AMBIGUOUS_PATH,False,-2.6439982618420288e-05,0.48,0.52
expanding,2017,2017-03-07T00:00:00Z,44903,NORMAL,0.32615822455278015,0.3379411970262666,0.0,0.40058756344504587,0.599412436554954,0.0,25,True,,,SHORT_SUCCESS,False,-5.159454436765021e-05,0.48,0.52
expanding,2017,2017-03-08T00:00:00Z,44927,NORMAL,0.32887774136647896,0.3402041387980191,0.0,0.38905495061090345,0.6109450493890966,0.0,25,True,,,LONG_SUCCESS,False,2.5534697426943254e-05,0.52,0.48
expanding,2017,2017-03-09T00:00:00Z,44951,TRENDING,0.3763886677910248,0.31880531485003644,0.0,0.5252014544614276,0.4747985455385725,0.0,25,True,,,SHORT_SUCCESS,False,0.0005792532430923814,0.6,0.4
expanding,2017,2017-03-10T00:00:00Z,44975,NORMAL,0.341435131622642,0.33562684596014125,0.0,0.6046756635621258,0.39532433643787385,0.0,25,True,,,SHORT_SUCCESS,False,0.0007560332319409557,0.68,0.32
expanding,2017,2017-03-11T00:00:00Z,44999,NORMAL,0.3360054482090337,0.3372701914985478,0.0,0.40335287085656074,0.47592462040377204,0.0,25,True,,,SHORT_SUCCESS,False,0.00023479197722187095,0.52,0.48
expanding,2017,2017-03-14T00:00:00Z,45023,NORMAL,0.3260119555534305,0.34282585284714956,0.0,0.5258763653854875,0.40079587412123957,0.0,25,True,,,LONG_SUCCESS,False,-0.00016746382300458773,0.48,0.52
expanding,2017,2017-03-15T00:00:00Z,45047,NORMAL,0.33750932629961916,0.3406394754449271,0.0,0.4817220730288126,0.5182779269711876,0.0,25,True,,,SHORT_SUCCESS,False,-0.0005484146366395715,0.4,0.6
expanding,2017,2017-03-16T00:00:00Z,45071,NORMAL,0.3468675001792516,0.3261697753723771,0.0,0.3617085038220381,0.5989294236331579,0.0,25,True,,,LONG_SUCCESS,False,0.0007619175293098746,0.64,0.36
expanding,2017,2017-03-17T00:00:00Z,45095,NORMAL,0.3276336197813567,0.3308168635444666,0.0,0.4466122345387058,0.3948358872057037,0.0,25,True,,,SHORT_SUCCESS,False,-0.0003749393883432095,0.4,0.6
expanding,2017,2017-03-18T00:00:00Z,45119,NORMAL,0.34329679744600533,0.326636158334559,0.0,0.39404515521098515,0.6059548447890151,0.0,25,True,,,SHORT_SUCCESS,False,0.0001512851294616091,0.56,0.44
expanding,2017,2017-03-21T00:00:00Z,45143,NORMAL,0.31327539880357513,0.34888438217501605,0.0,0.3632187248512495,0.6367812751487508,0.0,25,True,,,SHORT_SUCCESS,False,-6.17308097188296e-05,0.48,0.52
expanding,2017,2017-03-22T00:00:00Z,45167,NORMAL,0.33076736038401533,0.34514939091254737,0.0,0.7185047608371299,0.28149523916287034,0.0,25,True,,,LONG_SUCCESS,False,0.0006332021502390983,0.6,0.4
expanding,2017,2017-03-23T00:00:00Z,45191,NORMAL,0.34528608181665604,0.33173289140040046,0.0,0.5882895846391285,0.3721560809689943,0.0,25,True,,,SHORT_SUCCESS,False,0.0003872226845369475,0.56,0.44
expanding,2017,2017-03-24T00:00:00Z,45215,NORMAL,0.3237325731363179,0.3363796268764261,0.0,0.32713459311750376,0.6357367715968179,0.0,25,True,,,SHORT_SUCCESS,False,0.00025099227713831773,0.52,0.48
expanding,2017,2017-03-25T00:00:00Z,45239,NORMAL,0.3459843217984267,0.32538696953317026,0.0,0.44361617823580746,0.518926570388119,0.0,25,True,,,LONG_SUCCESS,False,6.922491051208901e-05,0.52,0.48
expanding,2017,2017-03-28T00:00:00Z,45263,TRENDING,0.3534221307968981,0.32798963384674856,0.0,0.48620560716962696,0.4699352858902244,0.0,25,True,,,LONG_SUCCESS,False,0.0003123458459963757,0.6,0.4
expanding,2017,2017-03-29T00:00:00Z,45287,VOLATILITY_CONTRACTION,0.33845564009169243,0.33587307603348054,0.0,0.47376133979680957,0.5262386602031903,0.0,25,True,,,SHORT_SUCCESS,False,1.733241451118417e-05,0.52,0.48
expanding,2017,2017-03-30T00:00:00Z,45311,NORMAL,0.32770465897954887,0.3301174147685342,0.0,0.39644237097161844,0.5243200964273232,0.0,25,True,,,SHORT_SUCCESS,False,-0.0007247383150897901,0.44,0.56
expanding,2017,2017-03-31T00:00:00Z,45335,NORMAL,0.30945882654858015,0.3346518773349579,0.0,0.40324951772881323,0.557408317290175,0.0,25,True,,,LONG_SUCCESS,False,-0.0003583743502587611,0.36,0.64
expanding,2017,2017-04-01T00:00:00Z,45359,NORMAL,0.3388121531497451,0.3204282056125791,0.0,0.611845475397568,0.31351735061905667,0.0,25,True,,,SHORT_SUCCESS,False,0.000524993511235694,0.64,0.36
expanding,2017,2017-04-04T00:00:00Z,45383,NORMAL,0.3400929849017955,0.33896444328470915,0.0,0.392324955329583,0.4909122288285667,0.0,25,True,,,LONG_SUCCESS,False,0.0003072612849477352,0.52,0.48
expanding,2017,2017-04-05T00:00:00Z,45407,VOLATILITY_CONTRACTION,0.32821023558903756,0.32302592449590123,0.0,0.4902125305788656,0.47265186776382984,0.0,25,True,,,SHORT_SUCCESS,False,0.0002182591674593226,0.56,0.44
expanding,2017,2017-04-06T00:00:00Z,45431,NORMAL,0.3310316507644331,0.3248601305628884,0.0,0.47033328003649855,0.5296667199635016,0.0,25,True,,,SHORT_SUCCESS,False,9.523878405359731e-05,0.6,0.4
expanding,2017,2017-04-07T00:00:00Z,45455,NORMAL,0.34850968803062077,0.32902843770165974,0.0,0.39758871242938065,0.5144635741010826,0.0,25,True,,,SHORT_SUCCESS,False,-1.0448980872435065e-05,0.48,0.52
expanding,2017,2017-04-08T00:00:00Z,45479,NORMAL,0.3152536112009234,0.3352721105123981,0.0,0.4839811351810601,0.47823067583493817,0.0,25,True,,,LONG_SUCCESS,False,-0.0003149103408941478,0.44,0.56
expanding,2017,2017-04-11T00:00:00Z,45503,NORMAL,0.34149280805612847,0.3368632139047973,0.0,0.5218164182565624,0.4781835817434375,0.0,25,True,,,LONG_SUCCESS,False,-0.00012526418013325546,0.48,0.52
expanding,2017,2017-04-12T00:00:00Z,45527,NORMAL,0.3472173121780231,0.337268064086428,0.0,0.5225086953783196,0.39716625174064535,0.0,25,True,,,SHORT_SUCCESS,False,-2.4034666312955366e-05,0.48,0.52
expanding,2017,2017-04-13T00:00:00Z,45551,NORMAL,0.3295910532417745,0.3330909121109117,0.0,0.31371577040799375,0.6093286454925788,0.0,25,True,,,LONG_SUCCESS,False,-0.0007770132664944862,0.32,0.68
expanding,2017,2017-04-14T00:00:00Z,45575,NORMAL,0.3395432359792283,0.33724802600816217,0.0,0.44630520078414904,0.5536947992158512,0.0,25,True,,,SHORT_SUCCESS,False,0.0002303160279004679,0.56,0.44
expanding,2017,2017-04-15T00:00:00Z,45599,NORMAL,0.3197545727094681,0.3363486503270763,0.0,0.48217314369002373,0.5178268563099765,0.0,25,True,,,LONG_SUCCESS,False,-0.00010818208529883577,0.4,0.6
expanding,2017,2017-04-18T00:00:00Z,45623,NORMAL,0.3302313742171895,0.3288290171158801,0.0,0.39704842826466163,0.5485707557984942,0.0,25,True,,,LONG_SUCCESS,False,-0.0007520451264428907,0.32,0.68
expanding,2017,2017-04-19T00:00:00Z,45647,NORMAL,0.3354195289629096,0.3408694182463918,0.0,0.37210309756219245,0.5895230250112603,0.0,25,True,,,LONG_SUCCESS,False,-4.2518903072275016e-05,0.48,0.52
expanding,2017,2017-04-20T00:00:00Z,45671,TRENDING,0.3604193394136193,0.3296817641351794,0.0,0.44783119275483746,0.4779107850386285,0.0,25,True,,,AMBIGUOUS_PATH,False,-0.00034341124451264804,0.4,0.6
expanding,2017,2017-04-21T00:00:00Z,45695,HIGH_VOLATILITY,0.3323516367366376,0.34368780407463073,0.0,0.5194070582595299,0.4424550019317585,0.0,25,True,,,SHORT_SUCCESS,False,-0.00027125018169993353,0.48,0.52
expanding,2017,2017-04-22T00:00:00Z,45719,NORMAL,0.35049468432275294,0.3279873900146132,0.0,0.37615719998683395,0.6238428000131663,0.0,25,True,,,LONG_SUCCESS,False,-0.0001306759783225031,0.48,0.52
expanding,2017,2017-04-25T00:00:00Z,45743,NORMAL,0.3190662303398903,0.3390904351101052,0.0,0.4392268558100156,0.48516123014881546,0.0,25,True,,,LONG_SUCCESS,False,-0.0008977641065698316,0.4,0.6
expanding,2017,2017-04-26T00:00:00Z,45767,HIGH_VOLATILITY,0.35038693479896826,0.3323108776881009,0.0,0.5061081188119061,0.4464373520810459,0.0,25,True,,,SHORT_SUCCESS,False,0.0008865428925128871,0.68,0.32
expanding,2017,2017-04-27T00:00:00Z,45791,HIGH_VOLATILITY,0.3264506090508082,0.3406743206924866,0.0,0.5557638520232191,0.405145022927855,0.0,25,True,,,LONG_SUCCESS,False,7.396622555866372e-05,0.52,0.48
expanding,2017,2017-04-28T00:00:00Z,45815,HIGH_VOLATILITY,0.3276336382790301,0.33578414940771945,0.0,0.4751843840973986,0.4871258849146253,0.0,25,True,,,LONG_SUCCESS,False,-0.00027125018169993353,0.44,0.56
expanding,2017,2017-04-29T00:00:00Z,45839,NORMAL,0.3346222267903657,0.330058923297053,0.0,0.3053607877086285,0.6514866889149451,0.0,25,True,,,SHORT_SUCCESS,False,0.0007560332319409557,0.68,0.32
expanding,2017,2017-05-02T00:00:00Z,45863,HIGH_VOLATILITY,0.3102878518495533,0.3272801136578769,0.0,0.6156820004024284,0.2672500463495867,0.0,25,True,,,SHORT_SUCCESS,False,0.0006915272063636735,0.68,0.32
expanding,2017,2017-05-03T00:00:00Z,45887,HIGH_VOLATILITY,0.3246114129036733,0.34303344076832826,0.0,0.5173460817202988,0.4826539182797015,0.0,25,True,,,LONG_SUCCESS,False,-4.787318843613164e-05,0.48,0.52
expanding,2017,2017-05-04T00:00:00Z,45911,HIGH_VOLATILITY,0.34484230575643016,0.33723160207526437,0.0,0.43089834659931275,0.5691016534006873,0.0,25,True,,,SHORT_SUCCESS,False,-0.00020502862335913807,0.48,0.52
expanding,2017,2017-05-05T00:00:00Z,45935,NORMAL,0.3234925508004048,0.34094439899730694,0.0,0.3994722644819307,0.5615589611436499,0.0,25,True,,,SHORT_SUCCESS,False,0.00042987216933720873,0.56,0.44
expanding,2017,2017-05-06T00:00:00Z,45959,TRENDING,0.3570636750741244,0.32142005383131944,0.0,0.5660279014077134,0.4339720985922864,0.0,25,True,,,LONG_SUCCESS,False,0.0008532574676645144,0.64,0.36
expanding,2017,2017-05-09T00:00:00Z,45983,NORMAL,0.36161878480428555,0.3368152326871809,0.0,0.49044255489442057,0.46978381712899403,0.0,25,True,,,SHORT_SUCCESS,False,-0.00043885543755228795,0.48,0.52
expanding,2017,2017-05-10T00:00:00Z,46007,HIGH_VOLATILITY,0.35380571053034604,0.3319773233053785,0.0,0.477225003427947,0.4387060293647798,0.0,25,True,,,LONG_SUCCESS,False,0.0008768869361663878,0.6,0.4
expanding,2017,2017-05-11T00:00:00Z,46031,NORMAL,0.3379921572856574,0.33192239660207007,0.0,0.3476079985755686,0.6138365328698931,0.0,25,True,,,LONG_SUCCESS,False,0.0008651786955966578,0.6,0.4
expanding,2017,2017-05-12T00:00:00Z,46055,NORMAL,0.324945598071285,0.3330454126754018,0.0,0.407891655684117,0.5536069316356313,0.0,25,True,,,SHORT_SUCCESS,False,-0.0004376546426425598,0.48,0.52
expanding,2017,2017-05-13T00:00:00Z,46079,VOLATILITY_CONTRACTION,0.3387817441885117,0.3210612223459879,0.0,0.5568165942235157,0.4431834057764842,0.0,25,True,,,SHORT_SUCCESS,False,-0.0007632625503208867,0.24,0.76
expanding,2017,2017-05-16T00:00:00Z,46103,NORMAL,0.3297397255812054,0.3408207176993988,0.0,0.5545444437313602,0.4081955251241615,0.0,25,True,,,SHORT_SUCCESS,False,0.0002708994383009422,0.56,0.44
expanding,2017,2017-05-17T00:00:00Z,46127,VOLATILITY_EXPANSION,0.33002052062497217,0.3418793433522258,0.0,0.584591181555329,0.3721632479167156,0.0,25,True,,,SHORT_SUCCESS,False,0.0011995498207422184,0.68,0.32
expanding,2017,2017-05-18T00:00:00Z,46151,NORMAL,0.32317687668483536,0.3406865228867142,0.0,0.3533958059786708,0.5720560471841538,0.0,25,True,,,SHORT_SUCCESS,False,0.00044327481018191506,0.56,0.44
expanding,2017,2017-05-19T00:00:00Z,46175,NORMAL,0.33127821757255344,0.3353577743563911,0.0,0.6069398465060388,0.35294378543026594,0.0,25,True,,,SHORT_SUCCESS,False,0.0004185619405807639,0.56,0.44
expanding,2017,2017-05-20T00:00:00Z,46199,NORMAL,0.33342091325855794,0.33769411091322116,0.0,0.4467834587614904,0.3917952176080205,0.0,25,True,,,SHORT_SUCCESS,False,0.00011756467665580139,0.52,0.48
expanding,2017,2017-05-23T00:00:00Z,46223,HIGH_VOLATILITY,0.360116029806197,0.33137769293183283,0.0,0.562366816906598,0.4376331830934022,0.0,25,True,,,SHORT_SUCCESS,False,0.0003123458459963757,0.56,0.44
expanding,2017,2017-05-24T00:00:00Z,46247,HIGH_VOLATILITY,0.31802126572071493,0.34369709959435624,0.0,0.43201546863011975,0.47655188063626397,0.0,25,True,,,AMBIGUOUS_PATH,False,0.0005415923924911858,0.64,0.36
expanding,2017,2017-05-25T00:00:00Z,46271,NORMAL,0.3333533522816024,0.33587775466693226,0.0,0.6833972846330074,0.2778192756468964,0.0,25,True,,,LONG_SUCCESS,False,0.0013614511397448403,0.6,0.4
expanding,2017,2017-05-26T00:00:00Z,46295,HIGH_VOLATILITY,0.3550575310358242,0.33044726565531135,0.0,0.49049720717356926,0.509502792826431,0.0,25,True,,,LONG_SUCCESS,False,0.0010563855799867738,0.64,0.36
expanding,2017,2017-05-27T00:00:00Z,46319,HIGH_VOLATILITY,0.3489114900070735,0.3275519625437715,0.0,0.44458932966236137,0.5144258829927536,0.0,25,True,,,LONG_SUCCESS,False,0.00041646617583812606,0.52,0.48
expanding,2017,2017-05-30T00:00:00Z,46343,NORMAL,0.34740498265232506,0.3265183631913094,0.0,0.44072233138163247,0.5209756242218111,0.0,25,True,,,LONG_SUCCESS,False,6.043360684393484e-05,0.56,0.44
expanding,2017,2017-05-31T00:00:00Z,46367,HIGH_VOLATILITY,0.3298751067733385,0.3365148158473742,0.0,0.5148325426055332,0.4459655924437576,0.0,25,True,,,LONG_SUCCESS,False,0.000574522608363548,0.52,0.48
expanding,2017,2017-06-01T00:00:00Z,46391,NORMAL,0.31412129369205627,0.33540316146152216,0.0,0.24553575946266212,0.558378912465709,0.0,25,True,,,LONG_SUCCESS,False,0.00012432253052163666,0.52,0.48
expanding,2017,2017-06-02T00:00:00Z,46415,HIGH_VOLATILITY,0.32504859359798605,0.3322577275977509,0.0,0.46793352994446846,0.491958652873988,0.0,25,True,,,AMBIGUOUS_PATH,False,-0.00016225951836568164,0.36,0.64
expanding,2017,2017-06-03T00:00:00Z,46439,HIGH_VOLATILITY,0.33445063942068665,0.33122401871386215,0.0,0.42481878374533355,0.5408077531705331,0.0,25,True,,,SHORT_SUCCESS,False,6.877970538154976e-05,0.52,0.48
expanding,2017,2017-06-06T00:00:00Z,46463,NORMAL,0.3474775068949154,0.33236216372513105,0.0,0.4720239458741933,0.5279760541258065,0.0,25,True,,,LONG_SUCCESS,False,0.0001836999306195075,0.52,0.48
expanding,2017,2017-06-07T00:00:00Z,46487,HIGH_VOLATILITY,0.3369579640586586,0.3449794323024665,0.0,0.5628691888505992,0.39866261434555983,0.0,25,True,,,SHORT_SUCCESS,False,0.00019836542737738938,0.6,0.4
expanding,2017,2017-06-08T00:00:00Z,46511,NORMAL,0.362344688424241,0.3271179881004131,0.0,0.5654082161589761,0.43459178384102387,0.0,25,True,,,SHORT_SUCCESS,False,0.0011986552397715844,0.68,0.32
expanding,2017,2017-06-09T00:00:00Z,46535,NORMAL,0.3385029435043462,0.3372451549792369,0.0,0.4754421107360283,0.5245578892639715,0.0,25,True,,,SHORT_SUCCESS,False,-0.00020502862335913807,0.44,0.56
expanding,2017,2017-06-10T00:00:00Z,46559,NORMAL,0.31449340713402685,0.3407939786472745,0.0,0.47972830264449595,0.5202716973555038,0.0,25,True,,,SHORT_SUCCESS,False,-0.0003149103408941478,0.36,0.64
expanding,2017,2017-06-13T00:00:00Z,46583,NORMAL,0.33641008807261946,0.3441474305405981,0.0,0.4912067617937255,0.4302515225564851,0.0,25,True,,,SHORT_SUCCESS,False,0.00027782115298502497,0.56,0.44
expanding,2017,2017-06-14T00:00:00Z,46607,HIGH_VOLATILITY,0.343649823994147,0.338218605257199,0.0,0.4049568165462559,0.5573993704261462,0.0,25,True,,,SHORT_SUCCESS,False,4.321057633083214e-05,0.52,0.48
expanding,2017,2017-06-15T00:00:00Z,46631,NORMAL,0.34655941704628684,0.34257265159166,0.0,0.5112408490074258,0.4501151622620368,0.0,25,True,,,SHORT_SUCCESS,False,-4.2518903072275016e-05,0.48,0.52
expanding,2017,2017-06-16T00:00:00Z,46655,NORMAL,0.31736166340280847,0.329469452794451,0.0,0.48110059435460106,0.3621931979500106,0.0,25,True,,,LONG_SUCCESS,False,0.0006408169188336643,0.56,0.44
expanding,2017,2017-06-17T00:00:00Z,46679,NORMAL,0.34428936194946735,0.3370263201803261,0.0,0.4062044014135615,0.5937955985864383,0.0,25,True,,,SHORT_SUCCESS,False,-4.4219383174559646e-05,0.48,0.52
expanding,2017,2017-06-20T00:00:00Z,46703,NORMAL,0.31973060389832175,0.34211324608805105,0.0,0.6119809003681314,0.3880190996318684,0.0,25,True,,,LONG_SUCCESS,False,0.0002705414455475008,0.6,0.4
expanding,2017,2017-06-21T00:00:00Z,46727,NORMAL,0.33902087743272336,0.33807108948420317,0.0,0.2713798732676112,0.6891267825347455,0.0,25,True,,,LONG_SUCCESS,False,0.00014580246433038013,0.56,0.44
expanding,2017,2017-06-22T00:00:00Z,46751,VOLATILITY_CONTRACTION,0.3333377183650691,0.33107308001092745,0.0,0.3954841354858608,0.5666131873839317,0.0,25,True,,,SHORT_SUCCESS,False,0.0002182591674593226,0.56,0.44
expanding,2017,2017-06-23T00:00:00Z,46775,TRENDING,0.35297966094506117,0.32596136184261776,0.0,0.43141535491654376,0.48168296443239506,0.0,25,True,,,LONG_SUCCESS,False,-1.0448980872435065e-05,0.48,0.52
expanding,2017,2017-06-24T00:00:00Z,46799,NORMAL,0.31715552224356547,0.33804656855758225,0.0,0.44142356742766664,0.5585764325723334,0.0,25,True,,,SHORT_SUCCESS,False,-0.00042671776982516896,0.2,0.8
expanding,2017,2017-06-27T00:00:00Z,46823,VOLATILITY_CONTRACTION,0.3402637187428284,0.3214418883056594,0.0,0.5732680845649613,0.42673191543503874,0.0,25,True,,,SHORT_SUCCESS,False,0.0004220230328491059,0.6,0.4
expanding,2017,2017-06-28T00:00:00Z,46847,NORMAL,0.34933765190581717,0.3331841669133439,0.0,0.4408026201625763,0.47605718198147046,0.0,25,True,,,LONG_SUCCESS,False,0.0008018053055833807,0.6,0.4
expanding,2017,2017-06-29T00:00:00Z,46871,NORMAL,0.3379433997240806,0.3438769497502287,0.0,0.526739263961606,0.43527126072546646,0.0,25,True,,,SHORT_SUCCESS,False,0.00019608519723024465,0.56,0.44
expanding,2017,2017-06-30T00:00:00Z,46895,VOLATILITY_EXPANSION,0.3400521610756637,0.3411677862246847,0.0,0.48175629664798625,0.5182437033520139,0.0,25,True,,,SHORT_SUCCESS,False,0.000684133340635773,0.72,0.28
expanding,2017,2017-07-01T00:00:00Z,46919,NORMAL,0.31674061886607446,0.343774771295401,0.0,0.43123382838718255,0.5687661716128173,0.0,25,True,,,LONG_SUCCESS,False,-0.00028023375404417905,0.4,0.6
expanding,2017,2017-07-04T00:00:00Z,46943,VOLATILITY_CONTRACTION,0.3240109848782237,0.33900906508124323,0.0,0.35553594698358015,0.4882432290323025,0.0,25,True,,,LONG_SUCCESS,False,-0.0005215358156339667,0.36,0.64
expanding,2017,2017-07-05T00:00:00Z,46967,NORMAL,0.32253279533230406,0.3350252635320069,0.0,0.3589631191317952,0.47990047229676613,0.0,25,True,,,LONG_SUCCESS,False,0.00019058624153078796,0.64,0.36
expanding,2017,2017-07-06T00:00:00Z,46991,NORMAL,0.3612013989852712,0.32111764174494095,0.0,0.4790099889412433,0.4810319939927922,0.0,25,True,,,LONG_SUCCESS,False,0.000613266252226019,0.56,0.44
expanding,2017,2017-07-07T00:00:00Z,47015,NORMAL,0.33615842010734803,0.34014027233509897,0.0,0.4373860500231663,0.5252632961046322,0.0,25,True,,,SHORT_SUCCESS,False,0.00025826939898254686,0.52,0.48
expanding,2017,2017-07-08T00:00:00Z,47039,NORMAL,0.31819519875853863,0.3383986305959655,0.0,0.5478389447859875,0.45216105521401245,0.0,25,True,,,LONG_SUCCESS,False,-3.461223376688416e-05,0.44,0.56
expanding,2017,2017-07-11T00:00:00Z,47063,VOLATILITY_CONTRACTION,0.3407879199720581,0.3267327861539556,0.0,0.48429268359236727,0.44162847700397534,0.0,25,True,,,LONG_SUCCESS,False,3.193073452223416e-05,0.52,0.48
expanding,2017,2017-07-12T00:00:00Z,47087,NORMAL,0.3203221686214374,0.33438635121075566,0.0,0.5610262156159742,0.3241395179908076,0.0,25,True,,,SHORT_SUCCESS,False,-0.0003679174780994998,0.4,0.6
expanding,2017,2017-07-13T00:00:00Z,47111,LOW_VOLATILITY_RANGE,0.3276528614902446,0.3422457142366438,0.0,0.2379738821768873,0.7620261178231126,0.0,25,True,,,SHORT_SUCCESS,False,-0.00031132045470372294,0.36,0.64
expanding,2017,2017-07-14T00:00:00Z,47135,NORMAL,0.32097379934563913,0.33757263935363896,0.0,0.4734233275651739,0.4893109594022751,0.0,25,True,,,SHORT_SUCCESS,False,-0.00015765060191019753,0.48,0.52
expanding,2017,2017-07-15T00:00:00Z,47159,NORMAL,0.32321623386726756,0.33852135304970304,0.0,0.40243873497742666,0.5585226629126409,0.0,25,True,,,LONG_SUCCESS,False,0.0006256746914801159,0.64,0.36
expanding,2017,2017-07-18T00:00:00Z,47183,TRENDING,0.35166802127976765,0.3313027310475148,0.0,0.4595099154008484,0.5009989013453232,0.0,25,True,,,SHORT_SUCCESS,False,-0.00012353457949909608,0.48,0.52
expanding,2017,2017-07-19T00:00:00Z,47207,LOW_VOLATILITY_RANGE,0.33271319268929345,0.34145950696248706,0.0,0.3641990359156961,0.6358009640843039,0.0,25,True,,,LONG_SUCCESS,False,-0.0006398069506101667,0.4,0.6
expanding,2017,2017-07-20T00:00:00Z,47231,NORMAL,0.34955647935474615,0.32662448293797325,0.0,0.42686711484011425,0.5731328851598857,0.0,25,True,,,LONG_SUCCESS,False,0.0007231330804042813,0.72,0.28
expanding,2017,2017-07-21T00:00:00Z,47255,NORMAL,0.32547918124912395,0.34246875748218,0.0,0.44205523063962143,0.5579447693603784,0.0,25,True,,,SHORT_SUCCESS,False,0.00028135583100863393,0.52,0.48
expanding,2017,2017-07-22T00:00:00Z,47279,VOLATILITY_EXPANSION,0.3565387577826152,0.32212324652356317,0.0,0.5470526768226269,0.4529473231773729,0.0,25,True,,,LONG_SUCCESS,False,-0.0006175702201750566,0.32,0.68
expanding,2017,2017-07-25T00:00:00Z,47303,HIGH_VOLATILITY,0.34715134269635967,0.33953523062648355,0.0,0.4700402217784259,0.529959778221574,0.0,25,True,,,LONG_SUCCESS,False,0.0001990704700554069,0.52,0.48
expanding,2017,2017-07-26T00:00:00Z,47327,NORMAL,0.3314108508340761,0.33568837515081007,0.0,0.5509586837452015,0.4100734375822209,0.0,25,True,,,SHORT_SUCCESS,False,0.0007575921842770672,0.56,0.44
expanding,2017,2017-07-27T00:00:00Z,47351,NORMAL,0.34625026155843586,0.3332233665928295,0.0,0.5105920106425688,0.4894079893574312,0.0,25,True,,,LONG_SUCCESS,False,-0.00032765635697618034,0.44,0.56
expanding,2017,2017-07-28T00:00:00Z,47375,NORMAL,0.3133665920849566,0.3405422525645107,0.0,0.398436105202893,0.5232810276134547,0.0,25,True,,,AMBIGUOUS_PATH,False,-0.00018183178412245482,0.44,0.56
expanding,2017,2017-07-29T00:00:00Z,47399,NORMAL,0.3271475526465498,0.33300382881935797,0.0,0.40427448293277163,0.5957255170672284,0.0,25,True,,,SHORT_SUCCESS,False,-0.00044399366293146336,0.4,0.6
expanding,2017,2017-08-01T00:00:00Z,47423,NORMAL,0.31956466312541665,0.3449588153244804,0.0,0.5772267659463254,0.42277323405367473,0.0,25,True,,,SHORT_SUCCESS,False,0.00046771328449390914,0.56,0.44
expanding,2017,2017-08-02T00:00:00Z,47447,NORMAL,0.3391627146787941,0.33402366181794435,0.0,0.4767540098848927,0.5232459901151072,0.0,25,True,,,LONG_SUCCESS,False,-0.00018665374645387978,0.44,0.56
expanding,2017,2017-08-03T00:00:00Z,47471,HIGH_VOLATILITY,0.3261909701168467,0.34545369093531275,0.0,0.4313829954214906,0.525049799467331,0.0,25,True,,,SHORT_SUCCESS,False,-5.159454436765021e-05,0.48,0.52
expanding,2017,2017-08-04T00:00:00Z,47495,NORMAL,0.33304646582550035,0.3287703372003188,0.0,0.6019391683647652,0.39806083163523487,0.0,25,True,,,AMBIGUOUS_PATH,False,0.0004606061653862348,0.52,0.48
expanding,2017,2017-08-05T00:00:00Z,47519,NORMAL,0.33376589095151044,0.33176561440889063,0.0,0.5969222682415781,0.35565588201480747,0.0,25,True,,,SHORT_SUCCESS,False,-0.0003246657241360307,0.44,0.56
expanding,2017,2017-08-08T00:00:00Z,47543,NORMAL,0.3477745421718558,0.34044248477215683,0.0,0.4346373858769513,0.5653626141230489,0.0,25,True,,,LONG_SUCCESS,False,3.193073452223416e-05,0.52,0.48
expanding,2017,2017-08-09T00:00:00Z,47567,NORMAL,0.3306960987442179,0.33660919557119195,0.0,0.5991846425760392,0.3634121560579323,0.0,25,True,,,LONG_SUCCESS,False,0.00019836542737738938,0.56,0.44
expanding,2017,2017-08-10T00:00:00Z,47591,HIGH_VOLATILITY,0.3432832220268852,0.3385546563581398,0.0,0.43830983058591866,0.5616901694140813,0.0,25,True,,,LONG_SUCCESS,False,0.0007081475131078818,0.64,0.36
expanding,2017,2017-08-11T00:00:00Z,47615,NORMAL,0.3382173496526889,0.3363984146012009,0.0,0.590463823926832,0.3715750956648549,0.0,25,True,,,SHORT_SUCCESS,False,0.0005481676839482752,0.64,0.36
expanding,2017,2017-08-12T00:00:00Z,47639,HIGH_VOLATILITY,0.33054846731888127,0.33455886209586216,0.0,0.3195953017096521,0.5982916491277384,0.0,25,True,,,LONG_SUCCESS,False,-0.00027521650975814715,0.44,0.56
expanding,2017,2017-08-15T00:00:00Z,47663,NORMAL,0.31706762178776227,0.3393605849454468,0.0,0.5545392499606988,0.44546075003930147,0.0,25,True,,,SHORT_SUCCESS,False,0.0006137074327190462,0.56,0.44
expanding,2017,2017-08-16T00:00:00Z,47687,NORMAL,0.3318970957542735,0.3364075296181295,0.0,0.43285454436955256,0.4487409420859202,0.0,25,True,,,SHORT_SUCCESS,False,0.0002304859850588148,0.56,0.44
expanding,2017,2017-08-17T00:00:00Z,47711,NORMAL,0.31715615074757264,0.3432053255695521,0.0,0.3984800119201192,0.5645643110831214,0.0,25,True,,,SHORT_SUCCESS,False,0.00026832313410407593,0.56,0.44
expanding,2017,2017-08-18T00:00:00Z,47735,NORMAL,0.32907080029626556,0.3352379050094936,0.0,0.5094329218176102,0.44459246433463795,0.0,25,True,,,SHORT_SUCCESS,False,-0.00027125018169993353,0.44,0.56
expanding,2017,2017-08-19T00:00:00Z,47759,TRENDING,0.3501434697765334,0.32788190572168424,0.0,0.27273862385618874,0.7272613761438113,0.0,25,True,,,LONG_SUCCESS,False,-0.0002200354813828298,0.44,0.56
expanding,2017,2017-08-22T00:00:00Z,47783,TRENDING,0.3550481715217774,0.3307330269381617,0.0,0.6117859438585861,0.3490514647075539,0.0,25,True,,,SHORT_SUCCESS,False,0.00028247413547677347,0.56,0.44
expanding,2017,2017-08-23T00:00:00Z,47807,NORMAL,0.33905434426836445,0.3441189227900766,0.0,0.6847488860106569,0.315251113989343,0.0,25,True,,,SHORT_SUCCESS,False,0.0001202374229227754,0.52,0.48
expanding,2017,2017-08-24T00:00:00Z,47831,VOLATILITY_CONTRACTION,0.33273261930647224,0.33303381962675555,0.0,0.3567642606946687,0.6050303646051353,0.0,25,True,,,LONG_SUCCESS,False,-0.0007770132664944862,0.4,0.6
expanding,2017,2017-08-25T00:00:00Z,47855,VOLATILITY_CONTRACTION,0.32879443363975985,0.33133110834829277,0.0,0.5137999724522374,0.4475410172869948,0.0,25,True,,,LONG_SUCCESS,False,-0.0001262744039511876,0.44,0.56
expanding,2017,2017-08-26T00:00:00Z,47879,LOW_VOLATILITY_RANGE,0.33391583139641795,0.33329130551861613,0.0,0.45122819833422306,0.5124673481354323,0.0,25,True,,,LONG_SUCCESS,False,-0.00017509235441171,0.48,0.52
expanding,2017,2017-08-29T00:00:00Z,47903,VOLATILITY_EXPANSION,0.33127465778599235,0.3378634958231876,0.0,0.5954936260600234,0.4045063739399769,0.0,25,True,,,SHORT_SUCCESS,False,-0.0001798999492719222,0.44,0.56
expanding,2017,2017-08-30T00:00:00Z,47927,NORMAL,0.32965386320204443,0.33644497089636227,0.0,0.6834715504841309,0.2767688387728447,0.0,25,True,,,SHORT_SUCCESS,False,0.0008908439550578962,0.68,0.32
expanding,2017,2017-08-31T00:00:00Z,47951,VOLATILITY_EXPANSION,0.3476369606094921,0.33711859690066115,0.0,0.4612351156801061,0.49420678095868287,0.0,25,True,,,SHORT_SUCCESS,False,0.0002597459985367312,0.56,0.44
expanding,2017,2017-09-01T00:00:00Z,47975,NORMAL,0.31981409214163625,0.33722839772799146,0.0,0.42602900192498067,0.5296391934723461,0.0,25,True,,,LONG_SUCCESS,False,6.953917222496386e-05,0.52,0.48
expanding,2017,2017-09-02T00:00:00Z,47999,HIGH_VOLATILITY,0.31942097057922886,0.33161950077580316,0.0,0.35466480110282933,0.6065767869423537,0.0,25,True,,,LONG_SUCCESS,False,-0.00027521650975814715,0.4,0.6
expanding,2017,2017-09-05T00:00:00Z,48023,HIGH_VOLATILITY,0.3468817867496648,0.33497543105434885,0.0,0.5421114810191034,0.45788851898089666,0.0,25,True,,,SHORT_SUCCESS,False,-0.00015780086043093444,0.48,0.52
expanding,2017,2017-09-06T00:00:00Z,48047,NORMAL,0.35177908762662075,0.332763910447894,0.0,0.3982129561357253,0.6017870438642745,0.0,25,True,,,SHORT_SUCCESS,False,0.0007726993990868625,0.68,0.32
expanding,2017,2017-09-07T00:00:00Z,48071,VOLATILITY_CONTRACTION,0.3500452121423843,0.3284356029155299,0.0,0.3069535896831509,0.6093410002368351,0.0,25,True,,,SHORT_SUCCESS,False,-0.000143853167721808,0.44,0.56
expanding,2017,2017-09-08T00:00:00Z,48095,LOW_VOLATILITY_RANGE,0.3360975673635291,0.3370941892886564,0.0,0.5992047903338044,0.40079520966619553,0.0,25,True,,,LONG_SUCCESS,False,-0.00038644880743055054,0.44,0.56
expanding,2017,2017-09-09T00:00:00Z,48119,HIGH_VOLATILITY,0.34262016864093253,0.32128617865740766,0.0,0.4718503119121532,0.48100500195752566,0.0,25,True,,,SHORT_SUCCESS,False,-0.00015645131332997497,0.48,0.52
expanding,2017,2017-09-12T00:00:00Z,48143,VOLATILITY_EXPANSION,0.3182958221762983,0.3474362781356096,0.0,0.6785507355966848,0.2414676388362551,0.0,25,True,,,SHORT_SUCCESS,False,0.0006915272063636735,0.68,0.32
expanding,2017,2017-09-13T00:00:00Z,48167,TRENDING,0.34003025039569806,0.3418453715107411,0.0,0.4513270896060628,0.5100945365042988,0.0,25,True,,,AMBIGUOUS_PATH,False,0.00014580246433038013,0.52,0.48
expanding,2017,2017-09-14T00:00:00Z,48191,NORMAL,0.3139744027396573,0.3363513012878966,0.0,0.430475914298775,0.48710107976759665,0.0,25,True,,,SHORT_SUCCESS,False,0.00013833592473222467,0.56,0.44
expanding,2017,2017-09-15T00:00:00Z,48215,NORMAL,0.3304582288223462,0.3312075335113834,0.0,0.3641559631320714,0.5143163643352795,0.0,25,True,,,SHORT_SUCCESS,False,0.0006589023019032414,0.64,0.36
expanding,2017,2017-09-16T00:00:00Z,48239,VOLATILITY_CONTRACTION,0.3458174565551108,0.3342703416871406,0.0,0.3658366412163694,0.5592464235339081,0.0,25,True,,,LONG_SUCCESS,False,0.0002303160279004679,0.52,0.48
expanding,2017,2017-09-19T00:00:00Z,48263,VOLATILITY_CONTRACTION,0.3387021918131939,0.3359033718691792,0.0,0.3094834116139287,0.6513207219018783,0.0,25,True,,,SHORT_SUCCESS,False,-0.00025112203619936935,0.44,0.56
expanding,2017,2017-09-20T00:00:00Z,48287,NORMAL,0.32738929862146826,0.34263756676031587,0.0,0.32490297125305345,0.6375778132927965,0.0,25,True,,,SHORT_SUCCESS,False,-0.00031132045470372294,0.36,0.64
expanding,2017,2017-09-21T00:00:00Z,48311,NORMAL,0.3181830004024658,0.3367273673010441,0.0,0.4410317068316455,0.5165230327261231,0.0,25,True,,,SHORT_SUCCESS,False,-0.00022283299101200083,0.32,0.68
expanding,2017,2017-09-22T00:00:00Z,48335,NORMAL,0.3355550683067134,0.3327954191251146,0.0,0.40304555406225673,0.5143347123008092,0.0,25,True,,,LONG_SUCCESS,False,0.00046536959240817133,0.72,0.28
expanding,2017,2017-09-23T00:00:00Z,48359,VOLATILITY_EXPANSION,0.32359868169928124,0.33908776464938073,0.0,0.4876110367302721,0.4706111045509303,0.0,25,True,,,LONG_SUCCESS,False,-0.0003152126278770373,0.36,0.64
expanding,2017,2017-09-26T00:00:00Z,48383,NORMAL,0.3411474083831661,0.33649617185486447,0.0,0.6947470919501069,0.30525290804989336,0.0,25,True,,,LONG_SUCCESS,False,-0.00015780086043093444,0.4,0.6
expanding,2017,2017-09-27T00:00:00Z,48407,NORMAL,0.3303682566773629,0.34266428129166204,0.0,0.31250108898180073,0.6874989110181995,0.0,25,True,,,SHORT_SUCCESS,False,-0.00031132045470372294,0.36,0.64
expanding,2017,2017-09-28T00:00:00Z,48431,NORMAL,0.33787165168206257,0.32115174403302454,0.0,0.5216625134363336,0.47833748656366637,0.0,25,True,,,SHORT_SUCCESS,False,-0.0002838638071603894,0.48,0.52
expanding,2017,2017-09-29T00:00:00Z,48455,NORMAL,0.33434105814589155,0.33577912094286544,0.0,0.6377094903902211,0.36229050960977893,0.0,25,True,,,LONG_SUCCESS,False,0.0004959171415570562,0.56,0.44
expanding,2017,2017-09-30T00:00:00Z,48479,NORMAL,0.32592528603090454,0.3359302494104415,0.0,0.450178198951094,0.5101655969659062,0.0,25,True,,,SHORT_SUCCESS,False,0.0001118521051186594,0.52,0.48
expanding,2017,2017-10-03T00:00:00Z,48503,NORMAL,0.34434662682598355,0.3425218596006575,0.0,0.47846187523786077,0.5215381247621392,0.0,25,True,,,LONG_SUCCESS,False,3.242605558040346e-05,0.52,0.48
expanding,2017,2017-10-04T00:00:00Z,48527,TRENDING,0.3573081381286974,0.32370701388915585,0.0,0.6335552755058184,0.32813279476619434,0.0,25,True,,,SHORT_SUCCESS,False,0.000613266252226019,0.72,0.28
expanding,2017,2017-10-05T00:00:00Z,48551,NORMAL,0.3327646922926813,0.3410741529446338,0.0,0.6415366893665507,0.35846331063344916,0.0,25,True,,,LONG_SUCCESS,False,-0.00025206728424598257,0.48,0.52
expanding,2017,2017-10-06T00:00:00Z,48575,NORMAL,0.3254072392940067,0.3373533434770096,0.0,0.4909071231277684,0.5090928768722316,0.0,25,True,,,SHORT_SUCCESS,False,0.0004459612120633061,0.52,0.48
expanding,2017,2017-10-07T00:00:00Z,48599,NORMAL,0.3228681828271403,0.33175635043921753,0.0,0.4264296565940414,0.5214167433908039,0.0,25,True,,,LONG_SUCCESS,False,-0.0005938520567116967,0.36,0.64
expanding,2017,2017-10-10T00:00:00Z,48623,HIGH_VOLATILITY,0.33189730721860816,0.3465696802330991,0.0,0.7250987017118014,0.27490129828819887,0.0,25,True,,,LONG_SUCCESS,False,1.395637523304849e-05,0.52,0.48
expanding,2017,2017-10-11T00:00:00Z,48647,HIGH_VOLATILITY,0.32562057844235104,0.34320045862327797,0.0,0.5585758781367028,0.4414241218632972,0.0,25,True,,,SHORT_SUCCESS,False,-0.0006072160580966601,0.4,0.6
expanding,2017,2017-10-12T00:00:00Z,48671,HIGH_VOLATILITY,0.3703293573194542,0.32926844596006566,0.0,0.5590663201150473,0.44093367988495236,0.0,25,True,,,SHORT_SUCCESS,False,0.0011986552397715844,0.84,0.16
expanding,2017,2017-10-13T00:00:00Z,48695,NORMAL,0.33214918426263207,0.32822974325310655,0.0,0.47414018568383764,0.4798308155106734,0.0,25,True,,,SHORT_SUCCESS,False,-0.00023256638101842864,0.4,0.6
expanding,2017,2017-10-14T00:00:00Z,48719,NORMAL,0.3455848530126351,0.33018078033564563,0.0,0.4404074833629081,0.5187928887150464,0.0,25,True,,,LONG_SUCCESS,False,0.0001512851294616091,0.56,0.44
expanding,2017,2017-10-17T00:00:00Z,48743,VOLATILITY_CONTRACTION,0.3296070229225568,0.340575174201392,0.0,0.4338941789473855,0.4890009374904262,0.0,25,True,,,SHORT_SUCCESS,False,-8.392835032022816e-05,0.48,0.52
expanding,2017,2017-10-18T00:00:00Z,48767,NORMAL,0.3329576551670749,0.34094823611030806,0.0,0.19820513917501595,0.760685124464979,0.0,25,True,,,SHORT_SUCCESS,False,-0.000178844519928556,0.44,0.56
expanding,2017,2017-10-19T00:00:00Z,48791,NORMAL,0.33962985577639293,0.33041979301224816,0.0,0.31569259764447744,0.6843074023555227,0.0,25,True,,,LONG_SUCCESS,False,0.0003072612849477352,0.6,0.4
expanding,2017,2017-10-20T00:00:00Z,48815,NORMAL,0.33748304625531317,0.32803218150857233,0.0,0.43392940055014845,0.5183265416490713,0.0,25,True,,,SHORT_SUCCESS,False,-1.0448980872435065e-05,0.48,0.52
expanding,2017,2017-10-21T00:00:00Z,48839,NORMAL,0.3318873768239995,0.340593485376644,0.0,0.5899254876902315,0.37203431682438165,0.0,25,True,,,LONG_SUCCESS,False,0.00030143980038399576,0.6,0.4
expanding,2017,2017-10-24T00:00:00Z,48863,VOLATILITY_CONTRACTION,0.3430080178976402,0.3317281165954529,0.0,0.47282366677832854,0.4867336767292475,0.0,25,True,,,SHORT_SUCCESS,False,0.0002182591674593226,0.56,0.44
expanding,2017,2017-10-25T00:00:00Z,48887,NORMAL,0.32015713659776224,0.33762149395618973,0.0,0.5071343944152873,0.4928656055847126,0.0,25,True,,,LONG_SUCCESS,False,0.00046771328449390914,0.56,0.44
expanding,2017,2017-10-26T00:00:00Z,48911,NORMAL,0.3254131639367042,0.3326719385959233,0.0,0.4014389170639707,0.5174833012185178,0.0,25,True,,,SHORT_SUCCESS,False,-0.0007678191572544346,0.44,0.56
expanding,2017,2017-10-27T00:00:00Z,48935,LOW_VOLATILITY_RANGE,0.33444694722528756,0.3363803194394984,0.0,0.4759184898665273,0.4482853236634808,0.0,25,True,,,SHORT_SUCCESS,False,0.0003319349493717816,0.56,0.44
expanding,2017,2017-10-28T00:00:00Z,48959,NORMAL,0.29986155887650157,0.33769779863959404,0.0,0.42969675000313545,0.5703032499968647,0.0,25,True,,,SHORT_SUCCESS,False,-0.0003583743502587611,0.4,0.6
expanding,2017,2017-10-31T00:00:00Z,48983,NORMAL,0.3178159334208607,0.3309065359501339,0.0,0.6089005496741535,0.30936518611968117,0.0,25,True,,,SHORT_SUCCESS,False,-0.0007112265614848123,0.28,0.72
expanding,2017,2017-11-01T00:00:00Z,49007,NORMAL,0.33335850469514416,0.33667299193892264,0.0,0.32289107654395094,0.6383276170861562,0.0,25,True,,,SHORT_SUCCESS,False,0.0003872226845369475,0.56,0.44
expanding,2017,2017-11-02T00:00:00Z,49031,NORMAL,0.33800587960754674,0.32284745361859235,0.0,0.50275375709286,0.4555754335702983,0.0,25,True,,,SHORT_SUCCESS,False,0.0003872226845369475,0.6,0.4
expanding,2017,2017-11-03T00:00:00Z,49055,NORMAL,0.32474156207281935,0.3216346108697978,0.0,0.36304701859021155,0.5582277799738335,0.0,25,True,,,LONG_SUCCESS,False,0.0009555561174903193,0.64,0.36
expanding,2017,2017-11-04T00:00:00Z,49079,NORMAL,0.34553434962553625,0.32458945642549636,0.0,0.5230579808603265,0.43792384865918665,0.0,25,True,,,SHORT_SUCCESS,False,0.0005525061883504545,0.64,0.36
expanding,2017,2017-11-07T00:00:00Z,49103,NORMAL,0.3272327653189807,0.33583490190888665,0.0,0.4679297819455542,0.45948401203915445,0.0,25,True,,,SHORT_SUCCESS,False,-0.00024033772328102554,0.4,0.6
expanding,2017,2017-11-08T00:00:00Z,49127,NORMAL,0.32699482025287324,0.34443115235642585,0.0,0.565467574699056,0.4345324253009441,0.0,25,True,,,SHORT_SUCCESS,False,6.143843152761619e-05,0.6,0.4
expanding,2017,2017-11-09T00:00:00Z,49151,NORMAL,0.34335302362740366,0.34141844708234526,0.0,0.39109737899858055,0.5303990201921691,0.0,25,True,,,SHORT_SUCCESS,False,4.321057633083214e-05,0.52,0.48
expanding,2017,2017-11-10T00:00:00Z,49175,NORMAL,0.3376547134796524,0.33085311561220254,0.0,0.5715139742467078,0.3519568309690574,0.0,25,True,,,LONG_SUCCESS,False,0.0009555561174903193,0.8,0.2
expanding,2017,2017-11-11T00:00:00Z,49199,VOLATILITY_CONTRACTION,0.3341045698425338,0.3265456027787719,0.0,0.5655562341546415,0.32106046490296075,0.0,25,True,,,LONG_SUCCESS,False,0.0010012020024239288,0.68,0.32
expanding,2017,2017-11-14T00:00:00Z,49223,NORMAL,0.3443389871575177,0.32234504356635146,0.0,0.48965771099122385,0.5103422890087763,0.0,25,True,,,LONG_SUCCESS,False,0.00012608387869539328,0.52,0.48
expanding,2017,2017-11-15T00:00:00Z,49247,NORMAL,0.31673134087251853,0.3278420919123944,0.0,0.2103078755121914,0.7127148952625149,0.0,25,True,,,SHORT_SUCCESS,False,-0.000622376171943162,0.28,0.72
expanding,2017,2017-11-16T00:00:00Z,49271,NORMAL,0.3191431803898498,0.34094260650138675,0.0,0.4823995777766242,0.47287214146364,0.0,25,True,,,LONG_SUCCESS,False,0.00012432253052163666,0.52,0.48
expanding,2017,2017-11-17T00:00:00Z,49295,NORMAL,0.341460420350004,0.33084868684320085,0.0,0.584364247426426,0.41563575257357405,0.0,25,True,,,SHORT_SUCCESS,False,0.0003872226845369475,0.52,0.48
expanding,2017,2017-11-18T00:00:00Z,49319,NORMAL,0.34466265556379455,0.32722994370083397,0.0,0.4346011061637207,0.5653988938362794,0.0,25,True,,,LONG_SUCCESS,False,-0.00043259607026602254,0.4,0.6
expanding,2017,2017-11-21T00:00:00Z,49343,NORMAL,0.3302721600060414,0.343712262389404,0.0,0.527836466203135,0.4329016220534854,0.0,25,True,,,LONG_SUCCESS,False,0.000751147801504759,0.68,0.32
expanding,2017,2017-11-22T00:00:00Z,49367,NORMAL,0.3408137519902075,0.3435372324612512,0.0,0.6077788574842962,0.31327841390504674,0.0,25,True,,,LONG_SUCCESS,False,0.0003872226845369475,0.6,0.4
expanding,2017,2017-11-23T00:00:00Z,49391,HIGH_VOLATILITY,0.330900721829297,0.3403801526837641,0.0,0.5567751202328164,0.4045749189618746,0.0,25,True,,,LONG_SUCCESS,False,-7.302209055959352e-05,0.48,0.52
expanding,2017,2017-11-24T00:00:00Z,49415,NORMAL,0.32061999247691714,0.342118615359656,0.0,0.4365397633150957,0.4800025830057206,0.0,25,True,,,LONG_SUCCESS,False,0.00011575868383251198,0.52,0.48
expanding,2017,2017-11-25T00:00:00Z,49439,NORMAL,0.32707642582304863,0.33759983881518885,0.0,0.5636628287355263,0.43633717126447363,0.0,25,True,,,SHORT_SUCCESS,False,0.00042987216933720873,0.52,0.48
expanding,2017,2017-11-28T00:00:00Z,49463,HIGH_VOLATILITY,0.341825486158897,0.33846119742269526,0.0,0.6419441046340868,0.3580558953659133,0.0,25,True,,,LONG_SUCCESS,False,1.395637523304849e-05,0.52,0.48
expanding,2017,2017-11-29T00:00:00Z,49487,HIGH_VOLATILITY,0.3501308641188564,0.3368288475295365,0.0,0.43071025163380483,0.5692897483661952,0.0,25,True,,,LONG_SUCCESS,False,-0.0005142506539247416,0.4,0.6
expanding,2017,2017-11-30T00:00:00Z,49511,NORMAL,0.32851966242557706,0.3393156131658283,0.0,0.4391537289700714,0.47759532485499834,0.0,25,True,,,AMBIGUOUS_PATH,False,0.00019836542737738938,0.56,0.44
expanding,2017,2017-12-01T00:00:00Z,49535,NORMAL,0.31426077375196615,0.34462887084835636,0.0,0.43034799921392264,0.5295466997511703,0.0,25,True,,,AMBIGUOUS_PATH,False,0.00028135583100863393,0.6,0.4
expanding,2017,2017-12-02T00:00:00Z,49559,NORMAL,0.33272462595482194,0.338214144230691,0.0,0.4999051930980242,0.44588753577703066,0.0,25,True,,,LONG_SUCCESS,False,-0.0005938520567116967,0.32,0.68
expanding,2017,2017-12-05T00:00:00Z,49583,NORMAL,0.33537251660466666,0.33511607910835484,0.0,0.4782116267030868,0.448660595257365,0.0,25,True,,,LONG_SUCCESS,False,-0.00015780086043093444,0.44,0.56
expanding,2017,2017-12-06T00:00:00Z,49607,NORMAL,0.3354414300026553,0.3415211425112987,0.0,0.7263012977797343,0.234869233541276,0.0,25,True,,,SHORT_SUCCESS,False,0.0003152553297742777,0.6,0.4
expanding,2017,2017-12-07T00:00:00Z,49631,NORMAL,0.34321456448232124,0.3299758083625617,0.0,0.48293130934214973,0.5170686906578501,0.0,25,True,,,SHORT_SUCCESS,False,0.0007619175293098746,0.68,0.32
expanding,2017,2017-12-08T00:00:00Z,49655,NORMAL,0.33488637343569116,0.334998893927409,0.0,0.5285153169323351,0.47148468306766494,0.0,25,True,,,LONG_SUCCESS,False,-0.00027125018169993353,0.44,0.56
expanding,2017,2017-12-09T00:00:00Z,49679,NORMAL,0.3373068827521494,0.3331717135371329,0.0,0.3557347394345241,0.5560444400052764,0.0,25,True,,,LONG_SUCCESS,False,-9.495216065680268e-05,0.48,0.52
expanding,2017,2017-12-12T00:00:00Z,49703,NORMAL,0.34323889254792855,0.34127858815502676,0.0,0.27401767477940436,0.6888469732817167,0.0,25,True,,,SHORT_SUCCESS,False,-0.0006341997234537988,0.24,0.76
expanding,2017,2017-12-13T00:00:00Z,49727,HIGH_VOLATILITY,0.35609438616914774,0.3364126915236435,0.0,0.6290052074157344,0.3709947925842656,0.0,25,True,,,SHORT_SUCCESS,False,0.0007021626072989395,0.68,0.32
expanding,2017,2017-12-14T00:00:00Z,49751,NORMAL,0.3445842082436668,0.33303485758235474,0.0,0.47326044121064936,0.5267395587893505,0.0,25,True,,,LONG_SUCCESS,False,-6.0534631257658233e-05,0.44,0.56
expanding,2017,2017-12-15T00:00:00Z,49775,VOLATILITY_CONTRACTION,0.3508091453922748,0.32240533870235916,0.0,0.5900703897570523,0.3629488243431839,0.0,25,True,,,SHORT_SUCCESS,False,-0.0005355223054713809,0.32,0.68
expanding,2017,2017-12-16T00:00:00Z,49799,NORMAL,0.3388980438444613,0.33255978112852347,0.0,0.44070766636838715,0.520393682611652,0.0,25,True,,,LONG_SUCCESS,False,0.000297773141310298,0.6,0.4
expanding,2017,2017-12-19T00:00:00Z,49823,NORMAL,0.3404647860029975,0.3283710477564157,0.0,0.41850917757449513,0.5814908224255049,0.0,25,True,,,LONG_SUCCESS,False,-0.00012526418013325546,0.48,0.52
expanding,2017,2017-12-20T00:00:00Z,49847,HIGH_VOLATILITY,0.3312503866742668,0.34217012904437166,0.0,0.5581839198722309,0.4055131569159641,0.0,25,True,,,LONG_SUCCESS,False,-0.0005070398792513808,0.44,0.56
expanding,2017,2017-12-21T00:00:00Z,49871,NORMAL,0.334973623280223,0.34048008076681574,0.0,0.555189192632336,0.3994261885897304,0.0,25,True,,,AMBIGUOUS_PATH,False,0.00035217968525880217,0.64,0.36
expanding,2017,2017-12-22T00:00:00Z,49895,TRENDING,0.35496857288527206,0.3271186483360619,0.0,0.49464414011844765,0.5053558598815525,0.0,25,True,,,LONG_SUCCESS,False,0.0012387970953391392,0.76,0.24
expanding,2017,2017-12-23T00:00:00Z,49919,HIGH_VOLATILITY,0.3446494764387132,0.33478814425152525,0.0,0.516790642235952,0.48320935776404805,0.0,25,True,,,LONG_SUCCESS,False,0.000684133340635773,0.72,0.28
expanding,2017,2017-12-26T00:00:00Z,49943,HIGH_VOLATILITY,0.34224276325460445,0.3424014929640703,0.0,0.6091882183837705,0.3908117816162297,0.0,25,True,,,SHORT_SUCCESS,False,0.0001202374229227754,0.56,0.44
expanding,2017,2017-12-27T00:00:00Z,49967,HIGH_VOLATILITY,0.35960468398438294,0.3320987464831265,0.0,0.7618956404610369,0.2381043595389629,0.0,25,True,,,SHORT_SUCCESS,False,0.0014192823083221118,0.8,0.2
expanding,2017,2017-12-28T00:00:00Z,49991,NORMAL,0.34230420407435297,0.3376393150985384,0.0,0.596669193313758,0.36133354177800414,0.0,25,True,,,SHORT_SUCCESS,False,-7.087786824266917e-05,0.48,0.52
expanding,2017,2017-12-29T00:00:00Z,50015,NORMAL,0.31300849368463396,0.34081521111625535,0.0,0.32049862763027454,0.6414185166346761,0.0,25,True,,,LONG_SUCCESS,False,-0.000929323297056972,0.4,0.6
rolling,2017,2017-01-03T00:00:00Z,43823,VOLATILITY_CONTRACTION,0.3065769054283388,0.3091024389703139,0.0,0.551254992567465,0.4487450074325348,0.0,25,True,,,LONG_SUCCESS,False,-0.0003345612893544958,0.36,0.64
rolling,2017,2017-01-04T00:00:00Z,43847,NORMAL,0.3118579892309961,0.3383442304760975,0.0,0.40200759357636695,0.5602070059040708,0.0,25,True,,,SHORT_SUCCESS,False,-0.0005889667353792261,0.44,0.56
rolling,2017,2017-01-05T00:00:00Z,43871,VOLATILITY_EXPANSION,0.338526614431463,0.33469224602440456,0.0,0.35642994216709667,0.5543778111755544,0.0,25,True,,,SHORT_SUCCESS,False,0.00024134224814620353,0.52,0.48
rolling,2017,2017-01-06T00:00:00Z,43895,NORMAL,0.30957247676026683,0.33375959238471165,0.0,0.41302325695297665,0.5093624036945795,0.0,25,True,,,SHORT_SUCCESS,False,0.00013833592473222467,0.52,0.48
rolling,2017,2017-01-07T00:00:00Z,43919,VOLATILITY_EXPANSION,0.32582675700392766,0.3480995300251073,0.0,0.5627724764363214,0.4372275235636786,0.0,25,True,,,LONG_SUCCESS,False,-9.42253311930763e-05,0.44,0.56
rolling,2017,2017-01-10T00:00:00Z,43943,HIGH_VOLATILITY,0.3466136194883684,0.34372404185512756,0.0,0.5437813173200073,0.4169196456094819,0.0,25,True,,,LONG_SUCCESS,False,0.000864841073373368,0.6,0.4
rolling,2017,2017-01-11T00:00:00Z,43967,NORMAL,0.33209653612832024,0.3374947605056925,0.0,0.6029818867214662,0.359692630594133,0.0,25,True,,,LONG_SUCCESS,False,-0.000178844519928556,0.4,0.6
rolling,2017,2017-01-12T00:00:00Z,43991,TRENDING,0.3622139625971183,0.32978233741687407,0.0,0.4114758822358179,0.5108981720347578,0.0,25,True,,,SHORT_SUCCESS,False,-0.000143853167721808,0.48,0.52
rolling,2017,2017-01-13T00:00:00Z,44015,NORMAL,0.36861780035065633,0.32868413201583174,0.0,0.5567770551547512,0.4432229448452489,0.0,25,True,,,SHORT_SUCCESS,False,0.0007231330804042813,0.68,0.32
rolling,2017,2017-01-14T00:00:00Z,44039,NORMAL,0.2783104414007105,0.33647388598333355,0.0,0.38630130960165415,0.5266288447538078,0.0,25,True,,,LONG_SUCCESS,False,0.00026030625123474316,0.52,0.48
rolling,2017,2017-01-17T00:00:00Z,44063,HIGH_VOLATILITY,0.34262930517503,0.33197247795063706,0.0,0.4048391351858778,0.4742680116186967,0.0,25,True,,,SHORT_SUCCESS,False,-0.0001277730851337866,0.44,0.56
rolling,2017,2017-01-18T00:00:00Z,44087,VOLATILITY_EXPANSION,0.3517165644036153,0.34956542386811734,0.0,0.3541072439264162,0.6458927560735839,0.0,25,True,,,LONG_SUCCESS,False,-1.53846673467406e-05,0.48,0.52
rolling,2017,2017-01-19T00:00:00Z,44111,HIGH_VOLATILITY,0.36227391664271874,0.3390008609390592,0.0,0.40358001601730265,0.5515509544004923,0.0,25,True,,,LONG_SUCCESS,False,-0.0007821981034064063,0.36,0.64
rolling,2017,2017-01-20T00:00:00Z,44135,HIGH_VOLATILITY,0.3643352056686303,0.3400969442309881,0.0,0.41190460808310186,0.548339850826474,0.0,25,True,,,SHORT_SUCCESS,False,0.0005932768704861591,0.72,0.28
rolling,2017,2017-01-21T00:00:00Z,44159,NORMAL,0.31302955818156575,0.3523226410253019,0.0,0.4723819208728028,0.5276180791271975,0.0,25,True,,,LONG_SUCCESS,False,-0.00039174584712642346,0.4,0.6
rolling,2017,2017-01-24T00:00:00Z,44183,HIGH_VOLATILITY,0.32126751349226174,0.34554412119986927,0.0,0.514364963807325,0.48563503619267473,0.0,25,True,,,SHORT_SUCCESS,False,-5.159454436765021e-05,0.48,0.52
rolling,2017,2017-01-25T00:00:00Z,44207,NORMAL,0.35188301470796784,0.33318904138533556,0.0,0.6386163689602473,0.32332540595718984,0.0,25,True,,,LONG_SUCCESS,False,0.00016889684626497647,0.52,0.48
rolling,2017,2017-01-26T00:00:00Z,44231,NORMAL,0.34791350816194944,0.3431098067128182,0.0,0.5155252529561617,0.4420053309358361,0.0,25,True,,,SHORT_SUCCESS,False,0.0005695365834561539,0.56,0.44
rolling,2017,2017-01-27T00:00:00Z,44255,NORMAL,0.3543435579677747,0.3388498803436083,0.0,0.5515996050312825,0.44840039496871753,0.0,25,True,,,SHORT_SUCCESS,False,0.0005433696789154396,0.6,0.4
rolling,2017,2017-01-28T00:00:00Z,44279,NORMAL,0.3431051757837136,0.32762021420907483,0.0,0.4772739381670919,0.48091097576408015,0.0,25,True,,,SHORT_SUCCESS,False,0.00028021281382728525,0.56,0.44
rolling,2017,2017-01-31T00:00:00Z,44303,NORMAL,0.3188589050199461,0.34738158374341876,0.0,0.3586118486486752,0.5535114746542505,0.0,25,True,,,SHORT_SUCCESS,False,-0.00018879117043957283,0.44,0.56
rolling,2017,2017-02-01T00:00:00Z,44327,VOLATILITY_CONTRACTION,0.33126271292820164,0.3211522451274674,0.0,0.4747237434916441,0.5252762565083561,0.0,25,True,,,LONG_SUCCESS,False,0.00032732473134688966,0.56,0.44
rolling,2017,2017-02-02T00:00:00Z,44351,VOLATILITY_CONTRACTION,0.3294083252531429,0.32629011563185223,0.0,0.35141598122881407,0.607817654960463,0.0,25,True,,,SHORT_SUCCESS,False,0.00013779135115332686,0.52,0.48
rolling,2017,2017-02-03T00:00:00Z,44375,NORMAL,0.28504141241606085,0.34378012794325186,0.0,0.3543447381956014,0.6060078286049543,0.0,25,True,,,LONG_SUCCESS,False,-0.0007012901114350489,0.36,0.64
rolling,2017,2017-02-04T00:00:00Z,44399,NORMAL,0.35541334009494774,0.3185947964820311,0.0,0.4197347295359884,0.5802652704640114,0.0,25,True,,,LONG_SUCCESS,False,0.0004439369110831315,0.56,0.44
rolling,2017,2017-02-07T00:00:00Z,44423,TRENDING,0.34812186441604637,0.3193212153249315,0.0,0.373679291021501,0.5887200134555357,0.0,25,True,,,LONG_SUCCESS,False,-0.00012353457949909608,0.48,0.52
rolling,2017,2017-02-08T00:00:00Z,44447,LOW_VOLATILITY_RANGE,0.3241929435925944,0.3215829178471652,0.0,0.2864499699712254,0.6751279252059857,0.0,25,True,,,SHORT_SUCCESS,False,-0.00031132045470372294,0.48,0.52
rolling,2017,2017-02-09T00:00:00Z,44471,NORMAL,0.3200438104926291,0.3222485559667114,0.0,0.4426227952808194,0.47482520688517627,0.0,25,True,,,SHORT_SUCCESS,False,0.0003831246467680405,0.64,0.36
rolling,2017,2017-02-10T00:00:00Z,44495,NORMAL,0.3318085462301296,0.3424215959272607,0.0,0.4909481821647138,0.43157612721054844,0.0,25,True,,,SHORT_SUCCESS,False,-0.00038241980251418894,0.44,0.56
rolling,2017,2017-02-11T00:00:00Z,44519,NORMAL,0.3133504041719028,0.34224798427380254,0.0,0.3181066711255778,0.640813502572974,0.0,25,True,,,LONG_SUCCESS,False,-0.0004171913848844966,0.32,0.68
rolling,2017,2017-02-14T00:00:00Z,44543,NORMAL,0.31569539138629205,0.32777408711962513,0.0,0.3962960147314492,0.4430922255277467,0.0,25,True,,,LONG_SUCCESS,False,-0.0003537718846209348,0.4,0.6
rolling,2017,2017-02-15T00:00:00Z,44567,NORMAL,0.3441806654745465,0.33032757206580576,0.0,0.42777326652304587,0.5722267334769544,0.0,25,True,,,SHORT_SUCCESS,False,0.0002347320297757527,0.56,0.44
rolling,2017,2017-02-16T00:00:00Z,44591,NORMAL,0.35029719352802174,0.3371526414154759,0.0,0.3196418945833767,0.6016505624299497,0.0,25,True,,,LONG_SUCCESS,False,0.00014580246433038013,0.52,0.48
rolling,2017,2017-02-17T00:00:00Z,44615,VOLATILITY_EXPANSION,0.3381386162130404,0.35407409071655416,0.0,0.5224395728235253,0.477560427176475,0.0,25,True,,,LONG_SUCCESS,False,0.0008897179781512943,0.64,0.36
rolling,2017,2017-02-18T00:00:00Z,44639,NORMAL,0.3270458181278808,0.33893846957879986,0.0,0.4036135108328564,0.5585259850377203,0.0,25,True,,,AMBIGUOUS_PATH,False,0.00023231875115126144,0.52,0.48
rolling,2017,2017-02-21T00:00:00Z,44663,NORMAL,0.33702186731172146,0.33643997286719435,0.0,0.4552717489931443,0.5078661993152614,0.0,25,True,,,AMBIGUOUS_PATH,False,-5.2118991191951736e-05,0.48,0.52
rolling,2017,2017-02-22T00:00:00Z,44687,NORMAL,0.3276485635419651,0.3425288845638569,0.0,0.4791338621336902,0.4821965234613315,0.0,25,True,,,LONG_SUCCESS,False,7.396622555866372e-05,0.52,0.48
rolling,2017,2017-02-23T00:00:00Z,44711,NORMAL,0.33106433826414894,0.3381007409835079,0.0,0.49775475148114484,0.3868634895444182,0.0,25,True,,,SHORT_SUCCESS,False,0.00024134224814620353,0.56,0.44
rolling,2017,2017-02-24T00:00:00Z,44735,NORMAL,0.33241626775077926,0.3384526656740327,0.0,0.36767979288274605,0.5570693713842921,0.0,25,True,,,LONG_SUCCESS,False,0.00043498085853488355,0.6,0.4
rolling,2017,2017-02-25T00:00:00Z,44759,VOLATILITY_CONTRACTION,0.33016937637654137,0.3291958574434649,0.0,0.486473225833777,0.4752487941651124,0.0,25,True,,,SHORT_SUCCESS,False,-0.00027615172995165693,0.44,0.56
rolling,2017,2017-02-28T00:00:00Z,44783,NORMAL,0.31680580999163027,0.32642154778356897,0.0,0.38292056036618477,0.6170794396338152,0.0,25,True,,,SHORT_SUCCESS,False,-0.0003345612893544958,0.4,0.6
rolling,2017,2017-03-01T00:00:00Z,44807,NORMAL,0.3397236575926793,0.3238894948362554,0.0,0.5692692635383976,0.4307307364616025,0.0,25,True,,,SHORT_SUCCESS,False,0.0002347320297757527,0.6,0.4
rolling,2017,2017-03-02T00:00:00Z,44831,NORMAL,0.33585312944588225,0.3386046356454972,0.0,0.42962960703825676,0.5703703929617434,0.0,25,True,,,LONG_SUCCESS,False,0.001016623028430308,0.68,0.32
rolling,2017,2017-03-03T00:00:00Z,44855,NORMAL,0.3269605448571138,0.3314782597797562,0.0,0.4800924170160634,0.396915963405486,0.0,25,True,,,SHORT_SUCCESS,False,0.0002549847741275535,0.56,0.44
rolling,2017,2017-03-04T00:00:00Z,44879,NORMAL,0.3069924471649963,0.3253445564396722,0.0,0.587658597745216,0.33513670643582694,0.0,25,True,,,AMBIGUOUS_PATH,False,0.00011536421837887723,0.52,0.48
rolling,2017,2017-03-07T00:00:00Z,44903,NORMAL,0.32282791807247113,0.3442374550531574,0.0,0.40114523720876005,0.5988547627912401,0.0,25,True,,,SHORT_SUCCESS,False,0.0004630525002886632,0.6,0.4
rolling,2017,2017-03-08T00:00:00Z,44927,NORMAL,0.3245002935853343,0.3445205719351735,0.0,0.31833975957858285,0.6816602404214173,0.0,25,True,,,LONG_SUCCESS,False,0.00019836542737738938,0.52,0.48
rolling,2017,2017-03-09T00:00:00Z,44951,TRENDING,0.3757173318421896,0.3208702742761834,0.0,0.5234503286368363,0.47654967136316373,0.0,25,True,,,SHORT_SUCCESS,False,0.0005792532430923814,0.6,0.4
rolling,2017,2017-03-10T00:00:00Z,44975,NORMAL,0.34629101925309186,0.3356878492037533,0.0,0.44656970364824417,0.553430296351756,0.0,25,True,,,SHORT_SUCCESS,False,0.0005489639315567896,0.56,0.44
rolling,2017,2017-03-11T00:00:00Z,44999,NORMAL,0.3389776370537183,0.33745045515345795,0.0,0.47424017026955456,0.4423064182665062,0.0,25,True,,,SHORT_SUCCESS,False,0.0001512851294616091,0.6,0.4
rolling,2017,2017-03-14T00:00:00Z,45023,NORMAL,0.3216540300120668,0.34193815293203444,0.0,0.4355226512919821,0.45019050990351106,0.0,25,True,,,LONG_SUCCESS,False,0.0001259749411941513,0.52,0.48
rolling,2017,2017-03-15T00:00:00Z,45047,NORMAL,0.33706255042820427,0.33758295082307627,0.0,0.5579595803453858,0.44204041965461427,0.0,25,True,,,SHORT_SUCCESS,False,-4.2518903072275016e-05,0.48,0.52
rolling,2017,2017-03-16T00:00:00Z,45071,NORMAL,0.3488140986616157,0.3257876020973386,0.0,0.47730656919244097,0.48253060849089446,0.0,25,True,,,LONG_SUCCESS,False,0.0006775364469977507,0.64,0.36
rolling,2017,2017-03-17T00:00:00Z,45095,NORMAL,0.3292957053905119,0.33306794193950556,0.0,0.5220023525459726,0.3546596580227807,0.0,25,True,,,SHORT_SUCCESS,False,-0.0003749393883432095,0.36,0.64
rolling,2017,2017-03-18T00:00:00Z,45119,NORMAL,0.345681025743158,0.32638557426236514,0.0,0.35448026773057095,0.6096932850859903,0.0,25,True,,,SHORT_SUCCESS,False,0.0005940797982739721,0.68,0.32
rolling,2017,2017-03-21T00:00:00Z,45143,NORMAL,0.31026057598236007,0.35131463074159636,0.0,0.3213934337489302,0.6786065662510697,0.0,25,True,,,SHORT_SUCCESS,False,-0.00018879117043957283,0.48,0.52
rolling,2017,2017-03-22T00:00:00Z,45167,NORMAL,0.33431761313314023,0.3441549705865562,0.0,0.7566967167171291,0.2433032832828709,0.0,25,True,,,LONG_SUCCESS,False,0.0006332021502390983,0.6,0.4
rolling,2017,2017-03-23T00:00:00Z,45191,NORMAL,0.34710079163325636,0.3294652947486826,0.0,0.6337748171751052,0.32600761816379004,0.0,25,True,,,SHORT_SUCCESS,False,0.0003872226845369475,0.6,0.4
rolling,2017,2017-03-24T00:00:00Z,45215,NORMAL,0.3217095909206003,0.3365432621802376,0.0,0.40071383706686253,0.5614405287932219,0.0,25,True,,,SHORT_SUCCESS,False,-3.444380794315194e-05,0.48,0.52
rolling,2017,2017-03-25T00:00:00Z,45239,NORMAL,0.3456942903110569,0.3223762109479989,0.0,0.4096401201882842,0.5531855791645439,0.0,25,True,,,LONG_SUCCESS,False,-1.0448980872435065e-05,0.48,0.52
rolling,2017,2017-03-28T00:00:00Z,45263,TRENDING,0.35135651966893994,0.32645853235452793,0.0,0.47966893423454793,0.4741697635042077,0.0,25,True,,,LONG_SUCCESS,False,0.00028247413547677347,0.56,0.44
rolling,2017,2017-03-29T00:00:00Z,45287,VOLATILITY_CONTRACTION,0.3383135316154996,0.3273889853786175,0.0,0.5146046492755565,0.41068207617204844,0.0,25,True,,,SHORT_SUCCESS,False,5.647970600919372e-05,0.56,0.44
rolling,2017,2017-03-30T00:00:00Z,45311,NORMAL,0.3284825194737515,0.32323801510831696,0.0,0.35805117542246856,0.6419488245775317,0.0,25,True,,,SHORT_SUCCESS,False,0.00032732473134688966,0.52,0.48
rolling,2017,2017-03-31T00:00:00Z,45335,NORMAL,0.30241779476428504,0.3387331579946749,0.0,0.47497649669815584,0.44698238588718847,0.0,25,True,,,LONG_SUCCESS,False,0.00015937919743658213,0.52,0.48
rolling,2017,2017-04-01T00:00:00Z,45359,NORMAL,0.3387888919771523,0.315239663916475,0.0,0.465507925840213,0.42148829418614103,0.0,25,True,,,SHORT_SUCCESS,False,0.0010202049431715654,0.72,0.28
rolling,2017,2017-04-04T00:00:00Z,45383,NORMAL,0.34195677542468433,0.33909290319863306,0.0,0.35219510777618634,0.5682509904799666,0.0,25,True,,,LONG_SUCCESS,False,0.0001990704700554069,0.52,0.48
rolling,2017,2017-04-05T00:00:00Z,45407,VOLATILITY_CONTRACTION,0.32824706260340136,0.31042418151840656,0.0,0.5642170336473513,0.35887210013642035,0.0,25,True,,,SHORT_SUCCESS,False,0.00032732473134688966,0.64,0.36
rolling,2017,2017-04-06T00:00:00Z,45431,NORMAL,0.33173506338764513,0.3167098953367134,0.0,0.4766572792981404,0.4858486885056223,0.0,25,True,,,SHORT_SUCCESS,False,0.00037732983848237645,0.68,0.32
rolling,2017,2017-04-07T00:00:00Z,45455,NORMAL,0.3491639097098388,0.3269370046642788,0.0,0.3985968101865787,0.5123633700211155,0.0,25,True,,,SHORT_SUCCESS,False,0.000445122737604553,0.56,0.44
rolling,2017,2017-04-08T00:00:00Z,45479,NORMAL,0.3129234244710681,0.3379690337023777,0.0,0.47874825226585915,0.48247979806586816,0.0,25,True,,,LONG_SUCCESS,False,-0.0003149103408941478,0.44,0.56
rolling,2017,2017-04-11T00:00:00Z,45503,NORMAL,0.34505370550459535,0.34002175269201035,0.0,0.4530417809706491,0.546958219029351,0.0,25,True,,,LONG_SUCCESS,False,-0.00015780086043093444,0.44,0.56
rolling,2017,2017-04-12T00:00:00Z,45527,NORMAL,0.3528841289332318,0.3369292334537762,0.0,0.5592056700972944,0.360378889212966,0.0,25,True,,,SHORT_SUCCESS,False,0.00015981158266864526,0.52,0.48
rolling,2017,2017-04-13T00:00:00Z,45551,NORMAL,0.3289817214367473,0.3314599843386393,0.0,0.27475326642020764,0.6855397773103306,0.0,25,True,,,LONG_SUCCESS,False,-0.0006628815066084259,0.4,0.6
rolling,2017,2017-04-14T00:00:00Z,45575,NORMAL,0.33763653169543734,0.340283607154741,0.0,0.48336924925658065,0.5166307507434189,0.0,25,True,,,SHORT_SUCCESS,False,0.0006159897328510411,0.64,0.36
rolling,2017,2017-04-15T00:00:00Z,45599,NORMAL,0.31796877321926886,0.3394277736399791,0.0,0.4820194687599195,0.5179805312400804,0.0,25,True,,,LONG_SUCCESS,False,-0.0003880362549152361,0.4,0.6
rolling,2017,2017-04-18T00:00:00Z,45623,NORMAL,0.3243040599138004,0.32588511454857144,0.0,0.4381088239007478,0.47056364165558795,0.0,25,True,,,LONG_SUCCESS,False,-0.0003068048408191304,0.36,0.64
rolling,2017,2017-04-19T00:00:00Z,45647,NORMAL,0.33586160122360387,0.34067042366099465,0.0,0.29327292045023523,0.6693615020871777,0.0,25,True,,,LONG_SUCCESS,False,-4.2518903072275016e-05,0.48,0.52
rolling,2017,2017-04-20T00:00:00Z,45671,TRENDING,0.3632252101196103,0.3236515593689718,0.0,0.5583272055649453,0.3291460975580696,0.0,25,True,,,AMBIGUOUS_PATH,False,0.0004368077432013173,0.6,0.4
rolling,2017,2017-04-21T00:00:00Z,45695,HIGH_VOLATILITY,0.33415992306828896,0.34735376251536526,0.0,0.5591589632019605,0.4408410367980395,0.0,25,True,,,SHORT_SUCCESS,False,-0.00027125018169993353,0.48,0.52
rolling,2017,2017-04-22T00:00:00Z,45719,NORMAL,0.349782625129288,0.33024018774650765,0.0,0.44641177604362586,0.5535882239563742,0.0,25,True,,,LONG_SUCCESS,False,0.0005433696789154396,0.68,0.32
rolling,2017,2017-04-25T00:00:00Z,45743,NORMAL,0.31760367494362196,0.3386547775100235,0.0,0.3686848779256652,0.5549839673881475,0.0,25,True,,,LONG_SUCCESS,False,-0.0005889667353792261,0.4,0.6
rolling,2017,2017-04-26T00:00:00Z,45767,HIGH_VOLATILITY,0.3530937405769075,0.3335045366929219,0.0,0.5505253526050976,0.4494746473949028,0.0,25,True,,,SHORT_SUCCESS,False,0.0009030398227869441,0.68,0.32
rolling,2017,2017-04-27T00:00:00Z,45791,HIGH_VOLATILITY,0.3261808651646347,0.34623640024345226,0.0,0.5183477448370918,0.4042754773104354,0.0,25,True,,,LONG_SUCCESS,False,7.396622555866372e-05,0.52,0.48
rolling,2017,2017-04-28T00:00:00Z,45815,HIGH_VOLATILITY,0.3300389633650772,0.33679102870298394,0.0,0.3570749193680807,0.6429250806319193,0.0,25,True,,,LONG_SUCCESS,False,-0.00027125018169993353,0.44,0.56
rolling,2017,2017-04-29T00:00:00Z,45839,NORMAL,0.33165876697770713,0.3333343880057444,0.0,0.34757052856602405,0.608102867497287,0.0,25,True,,,SHORT_SUCCESS,False,0.0005481676839482752,0.64,0.36
rolling,2017,2017-05-02T00:00:00Z,45863,HIGH_VOLATILITY,0.3003095320621335,0.33703171330999243,0.0,0.4931160085452571,0.4224534115365686,0.0,25,True,,,SHORT_SUCCESS,False,0.00063905795603314,0.68,0.32
rolling,2017,2017-05-03T00:00:00Z,45887,HIGH_VOLATILITY,0.3259113110099731,0.3479852734463395,0.0,0.5618767247162906,0.401134473147742,0.0,25,True,,,LONG_SUCCESS,False,-4.787318843613164e-05,0.48,0.52
rolling,2017,2017-05-04T00:00:00Z,45911,HIGH_VOLATILITY,0.3502811880427426,0.3397664142478941,0.0,0.3967583606210334,0.6032416393789664,0.0,25,True,,,SHORT_SUCCESS,False,-0.0007821981034064063,0.36,0.64
rolling,2017,2017-05-05T00:00:00Z,45935,NORMAL,0.32506826264299354,0.34165594308502245,0.0,0.5997352164052137,0.36019218611839526,0.0,25,True,,,SHORT_SUCCESS,False,0.0003506275844475937,0.56,0.44
rolling,2017,2017-05-06T00:00:00Z,45959,TRENDING,0.3605644150987568,0.3240757735662311,0.0,0.5586059609460086,0.4413940390539915,0.0,25,True,,,LONG_SUCCESS,False,0.0008532574676645144,0.68,0.32
rolling,2017,2017-05-09T00:00:00Z,45983,NORMAL,0.36113898584098514,0.33625539398686294,0.0,0.44970383663731694,0.5084821827823766,0.0,25,True,,,SHORT_SUCCESS,False,-0.00044538699945162463,0.4,0.6
rolling,2017,2017-05-10T00:00:00Z,46007,HIGH_VOLATILITY,0.3530004785428934,0.3368400055194923,0.0,0.4377492341625152,0.47623061156929286,0.0,25,True,,,LONG_SUCCESS,False,0.0008768869361663878,0.56,0.44
rolling,2017,2017-05-11T00:00:00Z,46031,NORMAL,0.33974202212404486,0.32493465758734036,0.0,0.2696263103771488,0.6537593776815892,0.0,25,True,,,LONG_SUCCESS,False,0.0003072612849477352,0.64,0.36
rolling,2017,2017-05-12T00:00:00Z,46055,NORMAL,0.3249360413837581,0.32956301120457876,0.0,0.4039630558900004,0.5572437210455858,0.0,25,True,,,SHORT_SUCCESS,False,-8.802945950781016e-05,0.48,0.52
rolling,2017,2017-05-13T00:00:00Z,46079,VOLATILITY_CONTRACTION,0.3291188636410482,0.31901596180444525,0.0,0.514098685479692,0.4859013145203079,0.0,25,True,,,SHORT_SUCCESS,False,-0.0006322022918650028,0.4,0.6
rolling,2017,2017-05-16T00:00:00Z,46103,NORMAL,0.3305226688203737,0.33966677729382405,0.0,0.4733690140593164,0.4887784115718329,0.0,25,True,,,SHORT_SUCCESS,False,0.0001202374229227754,0.52,0.48
rolling,2017,2017-05-17T00:00:00Z,46127,VOLATILITY_EXPANSION,0.3314151173936345,0.34528738880030513,0.0,0.5100896342335709,0.4458325606672063,0.0,25,True,,,SHORT_SUCCESS,False,6.695803203449202e-06,0.52,0.48
rolling,2017,2017-05-18T00:00:00Z,46151,NORMAL,0.3223318901110847,0.33703504963836184,0.0,0.4344588579367067,0.4894923681318705,0.0,25,True,,,SHORT_SUCCESS,False,0.0006256746914801159,0.52,0.48
rolling,2017,2017-05-19T00:00:00Z,46175,NORMAL,0.3349264895796323,0.33624025949677394,0.0,0.501367585918543,0.4986324140814571,0.0,25,True,,,SHORT_SUCCESS,False,-0.00030612001025098756,0.4,0.6
rolling,2017,2017-05-20T00:00:00Z,46199,NORMAL,0.33575711386086227,0.3387231814086679,0.0,0.40707948035746333,0.5079473297239546,0.0,25,True,,,SHORT_SUCCESS,False,-0.0005938520567116967,0.44,0.56
rolling,2017,2017-05-23T00:00:00Z,46223,HIGH_VOLATILITY,0.3606042201434763,0.33539021566292115,0.0,0.5540032941509628,0.4459967058490372,0.0,25,True,,,SHORT_SUCCESS,False,0.0008938762564711933,0.64,0.36
rolling,2017,2017-05-24T00:00:00Z,46247,HIGH_VOLATILITY,0.3123196006727716,0.3558575879830221,0.0,0.5112307665686494,0.40954510270955025,0.0,25,True,,,AMBIGUOUS_PATH,False,0.0006137074327190462,0.68,0.32
rolling,2017,2017-05-25T00:00:00Z,46271,NORMAL,0.3361939657271403,0.3330468894636991,0.0,0.7229637759158081,0.277036224084192,0.0,25,True,,,LONG_SUCCESS,False,0.0013614511397448403,0.76,0.24
rolling,2017,2017-05-26T00:00:00Z,46295,HIGH_VOLATILITY,0.35897064369345444,0.33350256389067084,0.0,0.4827860781552599,0.5172139218447397,0.0,25,True,,,LONG_SUCCESS,False,0.0009568887402853221,0.68,0.32
rolling,2017,2017-05-27T00:00:00Z,46319,HIGH_VOLATILITY,0.3460380232428069,0.3353951687367226,0.0,0.4328727323622221,0.5247335107575534,0.0,25,True,,,LONG_SUCCESS,False,0.0008532574676645144,0.64,0.36
rolling,2017,2017-05-30T00:00:00Z,46343,NORMAL,0.34737508290483293,0.3227541166324454,0.0,0.5194631130030224,0.4407279837049739,0.0,25,True,,,LONG_SUCCESS,False,3.242605558040346e-05,0.52,0.48
rolling,2017,2017-05-31T00:00:00Z,46367,HIGH_VOLATILITY,0.33046335858701875,0.338269302455995,0.0,0.5927165222217271,0.40728347777827295,0.0,25,True,,,LONG_SUCCESS,False,0.0005974544315743291,0.56,0.44
rolling,2017,2017-06-01T00:00:00Z,46391,NORMAL,0.31199600535182304,0.3328630972369483,0.0,0.3217330672813166,0.47875560717526383,0.0,25,True,,,LONG_SUCCESS,False,-0.00016746382300458773,0.48,0.52
rolling,2017,2017-06-02T00:00:00Z,46415,HIGH_VOLATILITY,0.3276211249127375,0.33530604216079785,0.0,0.4633463686645078,0.5366536313354923,0.0,25,True,,,AMBIGUOUS_PATH,False,-0.00020502862335913807,0.4,0.6
rolling,2017,2017-06-03T00:00:00Z,46439,HIGH_VOLATILITY,0.3369991924807312,0.33865651333484154,0.0,0.43297832839575395,0.5670216716042459,0.0,25,True,,,SHORT_SUCCESS,False,7.396622555866372e-05,0.52,0.48
rolling,2017,2017-06-06T00:00:00Z,46463,NORMAL,0.3523354122413204,0.33268700170538057,0.0,0.4745199822609977,0.5254800177390021,0.0,25,True,,,LONG_SUCCESS,False,-0.00015780086043093444,0.44,0.56
rolling,2017,2017-06-07T00:00:00Z,46487,HIGH_VOLATILITY,0.3366700093425741,0.35100333368658704,0.0,0.5605834313096898,0.4018308589316326,0.0,25,True,,,SHORT_SUCCESS,False,0.0003152553297742777,0.6,0.4
rolling,2017,2017-06-08T00:00:00Z,46511,NORMAL,0.3664606776147249,0.32751677274885604,0.0,0.6344235978373037,0.36557640216269616,0.0,25,True,,,SHORT_SUCCESS,False,0.0011986552397715844,0.8,0.2
rolling,2017,2017-06-09T00:00:00Z,46535,NORMAL,0.3446430961727526,0.33774035951507037,0.0,0.3926461283763325,0.6073538716236676,0.0,25,True,,,SHORT_SUCCESS,False,-0.00027125018169993353,0.4,0.6
rolling,2017,2017-06-10T00:00:00Z,46559,NORMAL,0.3095975935629412,0.34282578548439274,0.0,0.4843969630114963,0.5156030369885037,0.0,25,True,,,SHORT_SUCCESS,False,-0.00039174584712642346,0.32,0.68
rolling,2017,2017-06-13T00:00:00Z,46583,NORMAL,0.3370510286497461,0.34409768854112016,0.0,0.45133633054532485,0.4313723393380773,0.0,25,True,,,SHORT_SUCCESS,False,0.0002708994383009422,0.56,0.44
rolling,2017,2017-06-14T00:00:00Z,46607,HIGH_VOLATILITY,0.3474608278580762,0.3433269023577053,0.0,0.4019480917408831,0.5980519082591167,0.0,25,True,,,SHORT_SUCCESS,False,-7.115640702437531e-06,0.48,0.52
rolling,2017,2017-06-15T00:00:00Z,46631,NORMAL,0.35215478371057435,0.3420636843537826,0.0,0.47738491700739233,0.48306645083210314,0.0,25,True,,,SHORT_SUCCESS,False,0.00016889684626497647,0.52,0.48
rolling,2017,2017-06-16T00:00:00Z,46655,NORMAL,0.3163109810742626,0.3295209470397677,0.0,0.4131255679418729,0.4597036736954916,0.0,25,True,,,LONG_SUCCESS,False,-0.00017290138957493095,0.48,0.52
rolling,2017,2017-06-17T00:00:00Z,46679,NORMAL,0.34971911147286455,0.33878084942472486,0.0,0.3260804945728683,0.6739195054271317,0.0,25,True,,,SHORT_SUCCESS,False,0.0001512851294616091,0.52,0.48
rolling,2017,2017-06-20T00:00:00Z,46703,NORMAL,0.31164406290010055,0.3494243964290248,0.0,0.4177052537521422,0.5449631087860859,0.0,25,True,,,LONG_SUCCESS,False,0.0005848039066984612,0.6,0.4
rolling,2017,2017-06-21T00:00:00Z,46727,NORMAL,0.34098211046363514,0.33424658119824696,0.0,0.23505860008320426,0.6859312743266447,0.0,25,True,,,LONG_SUCCESS,False,-4.2518903072275016e-05,0.48,0.52
rolling,2017,2017-06-22T00:00:00Z,46751,VOLATILITY_CONTRACTION,0.3356486532413663,0.32147316469148024,0.0,0.4249133517162737,0.42162194217258814,0.0,25,True,,,SHORT_SUCCESS,False,0.00037732983848237645,0.68,0.32
rolling,2017,2017-06-23T00:00:00Z,46775,TRENDING,0.3539026312571492,0.3231937747051736,0.0,0.4708597489771857,0.44063714582690816,0.0,25,True,,,LONG_SUCCESS,False,0.000524993511235694,0.6,0.4
rolling,2017,2017-06-24T00:00:00Z,46799,NORMAL,0.3121200703824893,0.34024631042687553,0.0,0.4840949165064688,0.5159050834935315,0.0,25,True,,,SHORT_SUCCESS,False,-0.00039174584712642346,0.28,0.72
rolling,2017,2017-06-27T00:00:00Z,46823,VOLATILITY_CONTRACTION,0.3294647626605082,0.315740726973055,0.0,0.4925264929571276,0.47062493853428133,0.0,25,True,,,SHORT_SUCCESS,False,0.0004220230328491059,0.56,0.44
rolling,2017,2017-06-28T00:00:00Z,46847,NORMAL,0.3446609272200385,0.33264319867567294,0.0,0.3217288348339434,0.5930963402673912,0.0,25,True,,,LONG_SUCCESS,False,0.0008591915728741739,0.64,0.36
rolling,2017,2017-06-29T00:00:00Z,46871,NORMAL,0.3435839745459185,0.34537178626121773,0.0,0.567673521991957,0.4323264780080428,0.0,25,True,,,SHORT_SUCCESS,False,0.000881018328322325,0.72,0.28
rolling,2017,2017-06-30T00:00:00Z,46895,VOLATILITY_EXPANSION,0.341360450925637,0.3469458109583411,0.0,0.4411913620826607,0.5588086379173395,0.0,25,True,,,SHORT_SUCCESS,False,0.0005012054668456223,0.72,0.28
rolling,2017,2017-07-01T00:00:00Z,46919,NORMAL,0.31216346048528043,0.3482581374371118,0.0,0.4828974659985038,0.5171025340014962,0.0,25,True,,,LONG_SUCCESS,False,-0.0003880362549152361,0.36,0.64
rolling,2017,2017-07-04T00:00:00Z,46943,VOLATILITY_CONTRACTION,0.32314222186770825,0.33247030585885623,0.0,0.4341497074339557,0.40790435459706137,0.0,25,True,,,LONG_SUCCESS,False,-8.392835032022816e-05,0.44,0.56
rolling,2017,2017-07-05T00:00:00Z,46967,NORMAL,0.32033692620166776,0.33366243032635173,0.0,0.43535972101486753,0.4400808668775694,0.0,25,True,,,LONG_SUCCESS,False,0.00013833592473222467,0.6,0.4
rolling,2017,2017-07-06T00:00:00Z,46991,NORMAL,0.3635368837944913,0.31872483633970644,0.0,0.5483693576948198,0.41065739228174547,0.0,25,True,,,LONG_SUCCESS,False,0.0007787104500429631,0.6,0.4
rolling,2017,2017-07-07T00:00:00Z,47015,NORMAL,0.33153125816655465,0.3446586334410203,0.0,0.4761889565898211,0.48644067242457467,0.0,25,True,,,SHORT_SUCCESS,False,-0.00011221562162111454,0.48,0.52
rolling,2017,2017-07-08T00:00:00Z,47039,NORMAL,0.3151983311304312,0.3368207871721613,0.0,0.6714375402688214,0.3285624597311786,0.0,25,True,,,LONG_SUCCESS,False,-5.0319556070932414e-05,0.4,0.6
rolling,2017,2017-07-11T00:00:00Z,47063,VOLATILITY_CONTRACTION,0.3384606144185625,0.31742557299723523,0.0,0.4726844417347646,0.4496878388866732,0.0,25,True,,,LONG_SUCCESS,False,0.0003170196647774848,0.6,0.4
rolling,2017,2017-07-12T00:00:00Z,47087,NORMAL,0.31846842545834014,0.3336923784952127,0.0,0.4836599927707507,0.3997514510627697,0.0,25,True,,,SHORT_SUCCESS,False,-0.00020582983374750619,0.48,0.52
rolling,2017,2017-07-13T00:00:00Z,47111,LOW_VOLATILITY_RANGE,0.32949575456905,0.33633967648490504,0.0,0.23858390418772701,0.7614160958122731,0.0,25,True,,,SHORT_SUCCESS,False,-0.0007678191572544346,0.32,0.68
rolling,2017,2017-07-14T00:00:00Z,47135,NORMAL,0.3199998695666244,0.344035128301883,0.0,0.4332289007386173,0.5290122201188536,0.0,25,True,,,SHORT_SUCCESS,False,0.0003506275844475937,0.52,0.48
rolling,2017,2017-07-15T00:00:00Z,47159,NORMAL,0.32349622847347964,0.3380887719357318,0.0,0.5160709887963879,0.4437548726645404,0.0,25,True,,,LONG_SUCCESS,False,-0.0003880362549152361,0.4,0.6
rolling,2017,2017-07-18T00:00:00Z,47183,TRENDING,0.35528603818315296,0.327467811106006,0.0,0.5063546808108825,0.4569804184392337,0.0,25,True,,,SHORT_SUCCESS,False,-0.00012353457949909608,0.48,0.52
rolling,2017,2017-07-19T00:00:00Z,47207,LOW_VOLATILITY_RANGE,0.3332248806152068,0.3385521667817531,0.0,0.47192601530158446,0.5280739846984156,0.0,25,True,,,LONG_SUCCESS,False,-0.000178844519928556,0.4,0.6
rolling,2017,2017-07-20T00:00:00Z,47231,NORMAL,0.3547011259421498,0.3231090569769994,0.0,0.4332246325770428,0.5667753674229572,0.0,25,True,,,LONG_SUCCESS,False,0.0007231330804042813,0.68,0.32
rolling,2017,2017-07-21T00:00:00Z,47255,NORMAL,0.3262596240062127,0.3461301577906501,0.0,0.511337157812841,0.4509706957295953,0.0,25,True,,,SHORT_SUCCESS,False,0.00034551878188882057,0.56,0.44
rolling,2017,2017-07-22T00:00:00Z,47279,VOLATILITY_EXPANSION,0.36099098879343616,0.32793616551288923,0.0,0.5082468092329426,0.49175319076705676,0.0,25,True,,,LONG_SUCCESS,False,-0.0001908358869846527,0.44,0.56
rolling,2017,2017-07-25T00:00:00Z,47303,HIGH_VOLATILITY,0.3491367213927998,0.34618687311806684,0.0,0.43227405042983835,0.5677259495701615,0.0,25,True,,,LONG_SUCCESS,False,-0.00031466010546710166,0.48,0.52
rolling,2017,2017-07-26T00:00:00Z,47327,NORMAL,0.3345728870133915,0.330550689306794,0.0,0.48238229489877577,0.47736204284205175,0.0,25,True,,,SHORT_SUCCESS,False,0.0002708994383009422,0.52,0.48
rolling,2017,2017-07-27T00:00:00Z,47351,NORMAL,0.34503411198929096,0.3309495873158462,0.0,0.4793229938956897,0.5206770061043103,0.0,25,True,,,LONG_SUCCESS,False,5.647970600919372e-05,0.52,0.48
rolling,2017,2017-07-28T00:00:00Z,47375,NORMAL,0.308973634477829,0.34465884942310365,0.0,0.3906207249527844,0.5290968223946512,0.0,25,True,,,AMBIGUOUS_PATH,False,-0.00017290138957493095,0.44,0.56
rolling,2017,2017-07-29T00:00:00Z,47399,NORMAL,0.3273548683175922,0.33653881548798337,0.0,0.477143439640227,0.5228565603597731,0.0,25,True,,,SHORT_SUCCESS,False,-0.00044399366293146336,0.36,0.64
rolling,2017,2017-08-01T00:00:00Z,47423,NORMAL,0.315220197864295,0.34759207370538386,0.0,0.453548690089991,0.508862173730751,0.0,25,True,,,SHORT_SUCCESS,False,4.6502168648432374e-05,0.52,0.48
rolling,2017,2017-08-02T00:00:00Z,47447,NORMAL,0.3380254358877563,0.3312057537604085,0.0,0.475577672961621,0.5244223270383793,0.0,25,True,,,LONG_SUCCESS,False,-0.0003068048408191304,0.44,0.56
rolling,2017,2017-08-03T00:00:00Z,47471,HIGH_VOLATILITY,0.326339299354421,0.3521523578714767,0.0,0.47485110422341614,0.4804785209897062,0.0,25,True,,,SHORT_SUCCESS,False,-0.00016225951836568164,0.44,0.56
rolling,2017,2017-08-04T00:00:00Z,47495,NORMAL,0.33520983244119523,0.32877575222907895,0.0,0.4486400631750973,0.5141169861411431,0.0,25,True,,,AMBIGUOUS_PATH,False,0.0003599091341415228,0.52,0.48
rolling,2017,2017-08-05T00:00:00Z,47519,NORMAL,0.3348967693342183,0.3322295037583586,0.0,0.5920684478085589,0.3597703939777606,0.0,25,True,,,SHORT_SUCCESS,False,1.7778193859285807e-06,0.52,0.48
rolling,2017,2017-08-08T00:00:00Z,47543,NORMAL,0.3484770270067689,0.33849702375910895,0.0,0.48322053610501087,0.5167794638949894,0.0,25,True,,,LONG_SUCCESS,False,3.242605558040346e-05,0.56,0.44
rolling,2017,2017-08-09T00:00:00Z,47567,NORMAL,0.32868227177857406,0.3384717432798819,0.0,0.5219464561846572,0.4780535438153426,0.0,25,True,,,LONG_SUCCESS,False,-5.2118991191951736e-05,0.44,0.56
rolling,2017,2017-08-10T00:00:00Z,47591,HIGH_VOLATILITY,0.3481497193959653,0.34236057508774853,0.0,0.3634096262864387,0.6365903737135612,0.0,25,True,,,LONG_SUCCESS,False,-7.115640702437531e-06,0.48,0.52
rolling,2017,2017-08-11T00:00:00Z,47615,NORMAL,0.34081698376758524,0.3357449864198457,0.0,0.6305498695157451,0.33025509984200885,0.0,25,True,,,SHORT_SUCCESS,False,0.0008984389135548998,0.72,0.28
rolling,2017,2017-08-12T00:00:00Z,47639,HIGH_VOLATILITY,0.3303256107713959,0.3414797149467429,0.0,0.3656386369875342,0.5974009116603515,0.0,25,True,,,LONG_SUCCESS,False,-0.0004008656796812282,0.4,0.6
rolling,2017,2017-08-15T00:00:00Z,47663,NORMAL,0.310734681457131,0.3434477304975384,0.0,0.4362456235953578,0.5274166173969626,0.0,25,True,,,SHORT_SUCCESS,False,4.6502168648432374e-05,0.52,0.48
rolling,2017,2017-08-16T00:00:00Z,47687,NORMAL,0.33374352446119104,0.33418675779474355,0.0,0.4361481409027187,0.4816691839615057,0.0,25,True,,,SHORT_SUCCESS,False,0.000713919746287095,0.72,0.28
rolling,2017,2017-08-17T00:00:00Z,47711,NORMAL,0.3142907816571662,0.3426788310494576,0.0,0.32688164522857605,0.5603991015368444,0.0,25,True,,,SHORT_SUCCESS,False,-5.0319556070932414e-05,0.48,0.52
rolling,2017,2017-08-18T00:00:00Z,47735,NORMAL,0.33030035480521147,0.33950195603933014,0.0,0.5076612413228351,0.44637749371554497,0.0,25,True,,,SHORT_SUCCESS,False,-0.0004008656796812282,0.4,0.6
rolling,2017,2017-08-19T00:00:00Z,47759,TRENDING,0.3524020906603291,0.32905615971257596,0.0,0.31091818719768544,0.6515668433264299,0.0,25,True,,,LONG_SUCCESS,False,4.577454271359471e-05,0.52,0.48
rolling,2017,2017-08-22T00:00:00Z,47783,TRENDING,0.35214620168551236,0.3302543489761092,0.0,0.5267489414394834,0.4308230761919976,0.0,25,True,,,SHORT_SUCCESS,False,0.0003170196647774848,0.56,0.44
rolling,2017,2017-08-23T00:00:00Z,47807,NORMAL,0.33922441682124027,0.3466295161695555,0.0,0.7213535519591647,0.2786464480408353,0.0,25,True,,,SHORT_SUCCESS,False,0.0001202374229227754,0.52,0.48
rolling,2017,2017-08-24T00:00:00Z,47831,VOLATILITY_CONTRACTION,0.3344937111250638,0.32510916398761,0.0,0.35463993026638496,0.6062946603824991,0.0,25,True,,,LONG_SUCCESS,False,-0.00031132045470372294,0.48,0.52
rolling,2017,2017-08-25T00:00:00Z,47855,VOLATILITY_CONTRACTION,0.3288081860281168,0.3241997744038761,0.0,0.47167708653751333,0.48901329755179107,0.0,25,True,,,LONG_SUCCESS,False,-0.00038644880743055054,0.4,0.6
rolling,2017,2017-08-26T00:00:00Z,47879,LOW_VOLATILITY_RANGE,0.32860565228263267,0.33453603821240724,0.0,0.44396127370786587,0.5560387262921342,0.0,25,True,,,LONG_SUCCESS,False,-0.00017509235441171,0.48,0.52
rolling,2017,2017-08-29T00:00:00Z,47903,VOLATILITY_EXPANSION,0.33041008301313407,0.34508519314054775,0.0,0.5548715973117891,0.4451284026882109,0.0,25,True,,,SHORT_SUCCESS,False,-8.845940134138974e-05,0.48,0.52
rolling,2017,2017-08-30T00:00:00Z,47927,NORMAL,0.3332135638913098,0.3350105824319051,0.0,0.7252976677399948,0.274702332260005,0.0,25,True,,,SHORT_SUCCESS,False,0.000713919746287095,0.6,0.4
rolling,2017,2017-08-31T00:00:00Z,47951,VOLATILITY_EXPANSION,0.3570532579953476,0.33927853459811724,0.0,0.49863088287277535,0.4567197669732963,0.0,25,True,,,SHORT_SUCCESS,False,-2.4034666312955366e-05,0.48,0.52
rolling,2017,2017-09-01T00:00:00Z,47975,NORMAL,0.3187269999790651,0.33815022712417275,0.0,0.4252121005842078,0.5294933861160451,0.0,25,True,,,LONG_SUCCESS,False,-0.00017290138957493095,0.48,0.52
rolling,2017,2017-09-02T00:00:00Z,47999,HIGH_VOLATILITY,0.3141495434105482,0.3401792581529398,0.0,0.31590479234763924,0.6449173105824345,0.0,25,True,,,LONG_SUCCESS,False,-0.0004008656796812282,0.4,0.6
rolling,2017,2017-09-05T00:00:00Z,48023,HIGH_VOLATILITY,0.3517019799956044,0.33929807991006483,0.0,0.5432937598666553,0.4567062401333446,0.0,25,True,,,SHORT_SUCCESS,False,-0.000512922380429659,0.44,0.56
rolling,2017,2017-09-06T00:00:00Z,48047,NORMAL,0.35272916401756776,0.3308235482095542,0.0,0.39659269543146153,0.6034073045685386,0.0,25,True,,,SHORT_SUCCESS,False,0.0007726993990868625,0.64,0.36
rolling,2017,2017-09-07T00:00:00Z,48071,VOLATILITY_CONTRACTION,0.34698186140400633,0.3240754921582397,0.0,0.3777523445717956,0.5354077863970998,0.0,25,True,,,SHORT_SUCCESS,False,0.0004591117959000801,0.56,0.44
rolling,2017,2017-09-08T00:00:00Z,48095,LOW_VOLATILITY_RANGE,0.3360004396351974,0.3350526916033699,0.0,0.6376434115478614,0.3623565884521387,0.0,25,True,,,LONG_SUCCESS,False,-0.00038644880743055054,0.4,0.6
rolling,2017,2017-09-09T00:00:00Z,48119,HIGH_VOLATILITY,0.3407253682095984,0.3281217643874428,0.0,0.4599232141997351,0.4916762161659205,0.0,25,True,,,SHORT_SUCCESS,False,0.00041646617583812606,0.6,0.4
rolling,2017,2017-09-12T00:00:00Z,48143,VOLATILITY_EXPANSION,0.311280280943026,0.3631802933606854,0.0,0.5740230447644681,0.3860511597471206,0.0,25,True,,,SHORT_SUCCESS,False,0.0006137074327190462,0.68,0.32
rolling,2017,2017-09-13T00:00:00Z,48167,TRENDING,0.3436270597602836,0.34059111902077704,0.0,0.4536273200332774,0.5086600988207644,0.0,25,True,,,AMBIGUOUS_PATH,False,0.00014580246433038013,0.52,0.48
rolling,2017,2017-09-14T00:00:00Z,48191,NORMAL,0.3112928449144722,0.336234371810889,0.0,0.43437745323765226,0.48196790783595317,0.0,25,True,,,SHORT_SUCCESS,False,0.00013833592473222467,0.56,0.44
rolling,2017,2017-09-15T00:00:00Z,48215,NORMAL,0.33115071895671877,0.3249035274458316,0.0,0.32371003042606306,0.5517520497758758,0.0,25,True,,,SHORT_SUCCESS,False,0.00037732983848237645,0.68,0.32
rolling,2017,2017-09-16T00:00:00Z,48239,VOLATILITY_CONTRACTION,0.34469940167383545,0.33337283553180536,0.0,0.40686880874497117,0.5556719741736311,0.0,25,True,,,LONG_SUCCESS,False,-1.0448980872435065e-05,0.48,0.52
rolling,2017,2017-09-19T00:00:00Z,48263,VOLATILITY_CONTRACTION,0.3335838441668808,0.33067360929434164,0.0,0.3784073744322157,0.5809135672510412,0.0,25,True,,,SHORT_SUCCESS,False,-0.00025112203619936935,0.44,0.56
rolling,2017,2017-09-20T00:00:00Z,48287,NORMAL,0.32779660600923816,0.3387323664234848,0.0,0.322744236000248,0.6772557639997522,0.0,25,True,,,SHORT_SUCCESS,False,-0.00038644880743055054,0.32,0.68
rolling,2017,2017-09-21T00:00:00Z,48311,NORMAL,0.3189122097128976,0.32924631920928515,0.0,0.4900442367702886,0.5099557632297114,0.0,25,True,,,SHORT_SUCCESS,False,-0.0001262744039511876,0.44,0.56
rolling,2017,2017-09-22T00:00:00Z,48335,NORMAL,0.3395195110922374,0.32729214983265686,0.0,0.4742951780239149,0.4411287952967219,0.0,25,True,,,LONG_SUCCESS,False,0.0005834516085641006,0.72,0.28
rolling,2017,2017-09-23T00:00:00Z,48359,VOLATILITY_EXPANSION,0.32422464297781717,0.3497630732856945,0.0,0.48158576835194655,0.4398115475446639,0.0,25,True,,,LONG_SUCCESS,False,-0.00015765060191019753,0.44,0.56
rolling,2017,2017-09-26T00:00:00Z,48383,NORMAL,0.343126392883572,0.3374987129705693,0.0,0.6525369232397944,0.3474630767602055,0.0,25,True,,,LONG_SUCCESS,False,-0.00031466010546710166,0.36,0.64
rolling,2017,2017-09-27T00:00:00Z,48407,NORMAL,0.3317615506619024,0.33887405692312617,0.0,0.46686892621227294,0.4949223292900288,0.0,25,True,,,SHORT_SUCCESS,False,0.0002708994383009422,0.56,0.44
rolling,2017,2017-09-28T00:00:00Z,48431,NORMAL,0.3407202389679835,0.31490934325488856,0.0,0.5248319235552011,0.43792659523299765,0.0,25,True,,,SHORT_SUCCESS,False,9.523878405359731e-05,0.56,0.44
rolling,2017,2017-09-29T00:00:00Z,48455,NORMAL,0.33996847104114525,0.3341738672192199,0.0,0.5140450440742578,0.485954955925742,0.0,25,True,,,LONG_SUCCESS,False,0.0007560332319409557,0.56,0.44
rolling,2017,2017-09-30T00:00:00Z,48479,NORMAL,0.32707842302894596,0.33642096451076525,0.0,0.4493437511053061,0.5104815451646764,0.0,25,True,,,SHORT_SUCCESS,False,-0.0001813395780428939,0.48,0.52
rolling,2017,2017-10-03T00:00:00Z,48503,NORMAL,0.346610137929426,0.33930873096163583,0.0,0.5203172887564997,0.44319408191750675,0.0,25,True,,,LONG_SUCCESS,False,0.00016889684626497647,0.56,0.44
rolling,2017,2017-10-04T00:00:00Z,48527,TRENDING,0.3565370701140393,0.3230710481893641,0.0,0.550763227683169,0.40968032985604974,0.0,25,True,,,SHORT_SUCCESS,False,0.0007787104500429631,0.72,0.28
rolling,2017,2017-10-05T00:00:00Z,48551,NORMAL,0.33353656409610305,0.3435435245524117,0.0,0.6789145697014897,0.32108543029851044,0.0,25,True,,,LONG_SUCCESS,False,-0.00025206728424598257,0.48,0.52
rolling,2017,2017-10-06T00:00:00Z,48575,NORMAL,0.3248557891450199,0.3360912815392417,0.0,0.5752283589210772,0.4247716410789227,0.0,25,True,,,SHORT_SUCCESS,False,0.0006474456299354614,0.6,0.4
rolling,2017,2017-10-07T00:00:00Z,48599,NORMAL,0.32188208826888626,0.33894291910130214,0.0,0.35347449154847366,0.5938355042991428,0.0,25,True,,,LONG_SUCCESS,False,-0.0004171913848844966,0.36,0.64
rolling,2017,2017-10-10T00:00:00Z,48623,HIGH_VOLATILITY,0.3339767044612031,0.35135030795693106,0.0,0.7305303868943414,0.23268151421377858,0.0,25,True,,,LONG_SUCCESS,False,0.0001202374229227754,0.56,0.44
rolling,2017,2017-10-11T00:00:00Z,48647,HIGH_VOLATILITY,0.32663798981944653,0.3499405150211627,0.0,0.5551314641491135,0.44486853585088665,0.0,25,True,,,SHORT_SUCCESS,False,-0.0006072160580966601,0.4,0.6
rolling,2017,2017-10-12T00:00:00Z,48671,HIGH_VOLATILITY,0.3751908802262912,0.33198665969166374,0.0,0.5212672632702936,0.47873273672970623,0.0,25,True,,,SHORT_SUCCESS,False,0.0010348662103116801,0.72,0.28
rolling,2017,2017-10-13T00:00:00Z,48695,NORMAL,0.32299130615530647,0.33328848627604546,0.0,0.3996091196615064,0.5538564773127247,0.0,25,True,,,SHORT_SUCCESS,False,-0.0001277730851337866,0.48,0.52
rolling,2017,2017-10-14T00:00:00Z,48719,NORMAL,0.34842499702198093,0.3306028801835885,0.0,0.403464748978358,0.5554416781525756,0.0,25,True,,,LONG_SUCCESS,False,0.0001512851294616091,0.56,0.44
rolling,2017,2017-10-17T00:00:00Z,48743,VOLATILITY_CONTRACTION,0.3287365787245176,0.3346934723145806,0.0,0.4713950750777721,0.4518666851604662,0.0,25,True,,,SHORT_SUCCESS,False,-0.0002490199902938084,0.44,0.56
rolling,2017,2017-10-18T00:00:00Z,48767,NORMAL,0.33399303478260817,0.3369333496863711,0.0,0.23773539000356392,0.7206815331907572,0.0,25,True,,,SHORT_SUCCESS,False,-0.000178844519928556,0.44,0.56
rolling,2017,2017-10-19T00:00:00Z,48791,NORMAL,0.34238131637648045,0.3251400842116967,0.0,0.38432308828132095,0.6156769117186792,0.0,25,True,,,LONG_SUCCESS,False,0.0002523035986290445,0.52,0.48
rolling,2017,2017-10-20T00:00:00Z,48815,NORMAL,0.3324249702635121,0.3264759819482779,0.0,0.38914604916523693,0.5619865180585376,0.0,25,True,,,SHORT_SUCCESS,False,0.00026022355958454924,0.52,0.48
rolling,2017,2017-10-21T00:00:00Z,48839,NORMAL,0.3330361275937407,0.3424923463483329,0.0,0.5989071749307748,0.3619797707783655,0.0,25,True,,,LONG_SUCCESS,False,1.7778193859285807e-06,0.52,0.48
rolling,2017,2017-10-24T00:00:00Z,48863,VOLATILITY_CONTRACTION,0.34092438613460574,0.32483393508562053,0.0,0.3964069755731752,0.5235386380048586,0.0,25,True,,,SHORT_SUCCESS,False,0.0004368077432013173,0.6,0.4
rolling,2017,2017-10-25T00:00:00Z,48887,NORMAL,0.3135400335672565,0.3371274433286046,0.0,0.43151918157270197,0.5315557469428825,0.0,25,True,,,LONG_SUCCESS,False,0.0002549847741275535,0.52,0.48
rolling,2017,2017-10-26T00:00:00Z,48911,NORMAL,0.3264834017602527,0.33046210240218643,0.0,0.5568913386083998,0.44310866139160027,0.0,25,True,,,SHORT_SUCCESS,False,0.00019836542737738938,0.56,0.44
rolling,2017,2017-10-27T00:00:00Z,48935,LOW_VOLATILITY_RANGE,0.33593788422037124,0.330943021391506,0.0,0.4418511602223676,0.4815298796158242,0.0,25,True,,,SHORT_SUCCESS,False,-0.0008153976820892694,0.44,0.56
rolling,2017,2017-10-28T00:00:00Z,48959,NORMAL,0.29106104181128123,0.33790997078219526,0.0,0.39134758212933946,0.5707719612964354,0.0,25,True,,,SHORT_SUCCESS,False,-0.00028023375404417905,0.36,0.64
rolling,2017,2017-10-31T00:00:00Z,48983,NORMAL,0.3156857527153478,0.3249856684866532,0.0,0.4629087693874735,0.4544468121121264,0.0,25,True,,,SHORT_SUCCESS,False,-0.00020582983374750619,0.36,0.64
rolling,2017,2017-11-01T00:00:00Z,49007,NORMAL,0.33464738151270385,0.33155208087951643,0.0,0.3168604137532605,0.6448145755656138,0.0,25,True,,,SHORT_SUCCESS,False,0.0003872226845369475,0.6,0.4
rolling,2017,2017-11-02T00:00:00Z,49031,NORMAL,0.34033794800035744,0.3204962617496139,0.0,0.5159778499662815,0.4035129178452117,0.0,25,True,,,SHORT_SUCCESS,False,0.0002347320297757527,0.6,0.4
rolling,2017,2017-11-03T00:00:00Z,49055,NORMAL,0.3241190500916504,0.3144505059035461,0.0,0.4382943724322055,0.4798714852898551,0.0,25,True,,,LONG_SUCCESS,False,0.0009090372331612695,0.56,0.44
rolling,2017,2017-11-04T00:00:00Z,49079,NORMAL,0.34516535337549015,0.3236987277491196,0.0,0.5202493553351556,0.4400789259706046,0.0,25,True,,,SHORT_SUCCESS,False,0.0005525061883504545,0.64,0.36
rolling,2017,2017-11-07T00:00:00Z,49103,NORMAL,0.32676127964618373,0.3329486518593399,0.0,0.44092497614065174,0.47986723725993047,0.0,25,True,,,SHORT_SUCCESS,False,-0.0002724938998812654,0.4,0.6
rolling,2017,2017-11-08T00:00:00Z,49127,NORMAL,0.32547498381907664,0.34445870685601426,0.0,0.5628737692689078,0.4371262307310927,0.0,25,True,,,SHORT_SUCCESS,False,6.695803203449202e-06,0.52,0.48
rolling,2017,2017-11-09T00:00:00Z,49151,NORMAL,0.34660078688035606,0.3428218377087597,0.0,0.4294295564917219,0.4917557776479575,0.0,25,True,,,SHORT_SUCCESS,False,0.00014580246433038013,0.56,0.44
rolling,2017,2017-11-10T00:00:00Z,49175,NORMAL,0.3397846390496135,0.3293132013980033,0.0,0.4553172899948141,0.4273133187239531,0.0,25,True,,,LONG_SUCCESS,False,0.0008984389135548998,0.76,0.24
rolling,2017,2017-11-11T00:00:00Z,49199,VOLATILITY_CONTRACTION,0.3343649476690849,0.31882589752609036,0.0,0.38439011750669444,0.5370396427825054,0.0,25,True,,,LONG_SUCCESS,False,0.0004439369110831315,0.64,0.36
rolling,2017,2017-11-14T00:00:00Z,49223,NORMAL,0.34013137811700683,0.3185557673428152,0.0,0.439615930446945,0.5603840695530553,0.0,25,True,,,LONG_SUCCESS,False,0.00028247413547677347,0.56,0.44
rolling,2017,2017-11-15T00:00:00Z,49247,NORMAL,0.3141031599414759,0.322586768626493,0.0,0.32516377237523825,0.559143292902018,0.0,25,True,,,SHORT_SUCCESS,False,-0.00038658380098699485,0.44,0.56
rolling,2017,2017-11-16T00:00:00Z,49271,NORMAL,0.31776885357363194,0.34464076476995925,0.0,0.4469353826279334,0.47002190636369146,0.0,25,True,,,LONG_SUCCESS,False,0.00015937919743658213,0.56,0.44
rolling,2017,2017-11-17T00:00:00Z,49295,NORMAL,0.3450635645980545,0.3291211019531608,0.0,0.5487899106337486,0.41600616158047254,0.0,25,True,,,SHORT_SUCCESS,False,0.0007560332319409557,0.64,0.36
rolling,2017,2017-11-18T00:00:00Z,49319,NORMAL,0.3470949467903937,0.33276937741628965,0.0,0.3969145361100491,0.5673730972417864,0.0,25,True,,,LONG_SUCCESS,False,0.00038373541761171914,0.56,0.44
rolling,2017,2017-11-21T00:00:00Z,49343,NORMAL,0.33029791664047803,0.34709140792107845,0.0,0.5265064922968732,0.4332701651999593,0.0,25,True,,,LONG_SUCCESS,False,0.0012812384537947974,0.68,0.32
rolling,2017,2017-11-22T00:00:00Z,49367,NORMAL,0.3438371357194765,0.3421153404743713,0.0,0.6444216048192484,0.27557673210506395,0.0,25,True,,,LONG_SUCCESS,False,0.0009032999394780195,0.68,0.32
rolling,2017,2017-11-23T00:00:00Z,49391,HIGH_VOLATILITY,0.3337621477154784,0.3452499109315578,0.0,0.5970252226354799,0.40297477736452014,0.0,25,True,,,LONG_SUCCESS,False,-0.0007211953219316003,0.4,0.6
rolling,2017,2017-11-24T00:00:00Z,49415,NORMAL,0.3156840792569505,0.3491501261760894,0.0,0.3575688379714119,0.5206362125799948,0.0,25,True,,,LONG_SUCCESS,False,0.00025099227713831773,0.52,0.48
rolling,2017,2017-11-25T00:00:00Z,49439,NORMAL,0.3243912912586784,0.34389862378790487,0.0,0.5242895803512756,0.47571041964872446,0.0,25,True,,,SHORT_SUCCESS,False,-0.0005938520567116967,0.48,0.52
rolling,2017,2017-11-28T00:00:00Z,49463,HIGH_VOLATILITY,0.34466984063809825,0.3429175419492954,0.0,0.5630195458002001,0.43698045419979986,0.0,25,True,,,LONG_SUCCESS,False,0.0007574845263860208,0.6,0.4
rolling,2017,2017-11-29T00:00:00Z,49487,HIGH_VOLATILITY,0.3508296723271015,0.3403365590278775,0.0,0.43686186031268587,0.5631381396873143,0.0,25,True,,,LONG_SUCCESS,False,-0.0005142506539247416,0.4,0.6
rolling,2017,2017-11-30T00:00:00Z,49511,NORMAL,0.33051682830635754,0.3402114402545648,0.0,0.43484703808046826,0.5181544580880001,0.0,25,True,,,AMBIGUOUS_PATH,False,0.0004610878361548387,0.64,0.36
rolling,2017,2017-12-01T00:00:00Z,49535,NORMAL,0.3110592151681518,0.34914641134651414,0.0,0.43145623414561773,0.4902882946247905,0.0,25,True,,,AMBIGUOUS_PATH,False,0.00015937919743658213,0.52,0.48
rolling,2017,2017-12-02T00:00:00Z,49559,NORMAL,0.332582488067963,0.34312344747548756,0.0,0.5866825588744916,0.41331744112550795,0.0,25,True,,,LONG_SUCCESS,False,-0.0005938520567116967,0.36,0.64
rolling,2017,2017-12-05T00:00:00Z,49583,NORMAL,0.3381233178687875,0.33490496522304347,0.0,0.5098696583546851,0.4524133482092414,0.0,25,True,,,LONG_SUCCESS,False,-0.0005831948597947445,0.4,0.6
rolling,2017,2017-12-06T00:00:00Z,49607,NORMAL,0.33687083771843657,0.3429167694412974,0.0,0.6137724524417139,0.3862275475582859,0.0,25,True,,,SHORT_SUCCESS,False,0.00019836542737738938,0.56,0.44
rolling,2017,2017-12-07T00:00:00Z,49631,NORMAL,0.3476991992769152,0.32642997851459876,0.0,0.5581397863703457,0.44186021362965455,0.0,25,True,,,SHORT_SUCCESS,False,0.0007619175293098746,0.68,0.32
rolling,2017,2017-12-08T00:00:00Z,49655,NORMAL,0.3375031927273492,0.3371696994673498,0.0,0.5262183515207757,0.4737816484792244,0.0,25,True,,,LONG_SUCCESS,False,-0.00027125018169993353,0.44,0.56
rolling,2017,2017-12-09T00:00:00Z,49679,NORMAL,0.34275381549875533,0.33181339361163537,0.0,0.3566927857508426,0.5532461127539715,0.0,25,True,,,LONG_SUCCESS,False,-0.0005938520567116967,0.4,0.6
rolling,2017,2017-12-12T00:00:00Z,49703,NORMAL,0.34024965653126227,0.3456151336337686,0.0,0.27619824016866323,0.6863620492688493,0.0,25,True,,,SHORT_SUCCESS,False,-0.0006674251280870402,0.2,0.8
rolling,2017,2017-12-13T00:00:00Z,49727,HIGH_VOLATILITY,0.3620061212368022,0.3360035667193963,0.0,0.5631476411957679,0.399850326803339,0.0,25,True,,,SHORT_SUCCESS,False,0.00030507957162773103,0.6,0.4
rolling,2017,2017-12-14T00:00:00Z,49751,NORMAL,0.3462979854967249,0.3316401458783116,0.0,0.5506552730189823,0.33679584735783497,0.0,25,True,,,LONG_SUCCESS,False,0.0007619175293098746,0.68,0.32
rolling,2017,2017-12-15T00:00:00Z,49775,VOLATILITY_CONTRACTION,0.35116338093518173,0.3158017040914361,0.0,0.47421719041922655,0.4408768690245202,0.0,25,True,,,SHORT_SUCCESS,False,0.00019759072468761296,0.52,0.48
rolling,2017,2017-12-16T00:00:00Z,49799,NORMAL,0.3406005294323198,0.3321561988056002,0.0,0.4009579341671216,0.5592286375807067,0.0,25,True,,,LONG_SUCCESS,False,0.00038373541761171914,0.64,0.36
rolling,2017,2017-12-19T00:00:00Z,49823,NORMAL,0.3418569967925023,0.32922941917097515,0.0,0.34913983339883103,0.6508601666011692,0.0,25,True,,,LONG_SUCCESS,False,-0.0009517330771691146,0.36,0.64
rolling,2017,2017-12-20T00:00:00Z,49847,HIGH_VOLATILITY,0.33183793888170915,0.346432259425307,0.0,0.6115604559800735,0.38843954401992664,0.0,25,True,,,LONG_SUCCESS,False,-0.0007211953219316003,0.4,0.6
rolling,2017,2017-12-21T00:00:00Z,49871,NORMAL,0.3372679581709368,0.3413261169540509,0.0,0.6019464440758668,0.3980535559241332,0.0,25,True,,,AMBIGUOUS_PATH,False,0.000713919746287095,0.68,0.32
rolling,2017,2017-12-22T00:00:00Z,49895,TRENDING,0.3571938982643013,0.3302213262706563,0.0,0.5378182950803183,0.46218170491968175,0.0,25,True,,,LONG_SUCCESS,False,0.001145302096936529,0.76,0.24
rolling,2017,2017-12-23T00:00:00Z,49919,HIGH_VOLATILITY,0.34385379666707466,0.33967355667890287,0.0,0.44141852775843793,0.558581472241562,0.0,25,True,,,LONG_SUCCESS,False,0.0006159897328510411,0.72,0.28
rolling,2017,2017-12-26T00:00:00Z,49943,HIGH_VOLATILITY,0.3463077107855897,0.34690547849942766,0.0,0.5293527183199567,0.4706472816800432,0.0,25,True,,,SHORT_SUCCESS,False,-0.00015780086043093444,0.48,0.52
rolling,2017,2017-12-27T00:00:00Z,49967,HIGH_VOLATILITY,0.36818967693193944,0.3336547305633935,0.0,0.7318078828938465,0.2681921171061536,0.0,25,True,,,SHORT_SUCCESS,False,0.0007896336864685605,0.56,0.44
rolling,2017,2017-12-28T00:00:00Z,49991,NORMAL,0.3448754982861494,0.3376474412347996,0.0,0.6775416839833917,0.3224583160166084,0.0,25,True,,,SHORT_SUCCESS,False,0.0003152553297742777,0.52,0.48
rolling,2017,2017-12-29T00:00:00Z,50015,NORMAL,0.30888535335132694,0.3470036999372875,0.0,0.271850325024017,0.6893596255797149,0.0,25,True,,,LONG_SUCCESS,False,-0.0012866197298032622,0.36,0.64
