procedure,test_year,decision_time,bar_index,regime,logit_long,logit_short,logit_none,knn_long,knn_short,knn_none,neighbors,cutoff_verified,agreed_side,cosine_side,path_label,traded,median_forward_outcome,positive_outcome_probability,negative_outcome_probability
expanding,2015,2015-01-01T00:00:00Z,31271,NORMAL,0.3219374544598091,0.3379615447792931,0.0,0.6905747111734732,0.1944573197076859,0.0,25,True,,,LONG_SUCCESS,False,0.00012915531987101048,0.52,0.48
expanding,2015,2015-01-02T00:00:00Z,31295,NORMAL,0.34495396218515595,0.32348070069613954,0.0,0.40271232286163816,0.5556045065225991,0.0,25,True,,,SHORT_SUCCESS,False,0.0007748419544564289,0.56,0.44
expanding,2015,2015-01-03T00:00:00Z,31319,NORMAL,0.3437339586538964,0.332630359392014,0.0,0.3546197556563067,0.6042391991920872,0.0,25,True,,,LONG_SUCCESS,False,0.00028851991133294064,0.64,0.36
expanding,2015,2015-01-06T00:00:00Z,31343,HIGH_VOLATILITY,0.34330819780396227,0.3369455992918117,0.0,0.5094293460115512,0.4905706539884492,0.0,25,True,,,SHORT_SUCCESS,False,0.0005973922773492291,0.56,0.44
expanding,2015,2015-01-07T00:00:00Z,31367,HIGH_VOLATILITY,0.3564846693162218,0.31099477628596506,0.0,0.5629961426238441,0.39697302590808187,0.0,25,True,,,SHORT_SUCCESS,False,0.0010563855799867738,0.72,0.28
expanding,2015,2015-01-08T00:00:00Z,31391,HIGH_VOLATILITY,0.3386409606526999,0.3303584837731874,0.0,0.5551700056810808,0.44482999431891934,0.0,25,True,,,SHORT_SUCCESS,False,0.00030507957162773103,0.6,0.4
expanding,2015,2015-01-09T00:00:00Z,31415,HIGH_VOLATILITY,0.33977551809703616,0.329344363009964,0.0,0.6502127723534599,0.2735371353244192,0.0,25,True,,,LONG_SUCCESS,False,0.0012553342017171953,0.76,0.24
expanding,2015,2015-01-10T00:00:00Z,31439,VOLATILITY_CONTRACTION,0.33126833257224986,0.33513504517316095,0.0,0.47781996784788056,0.4696313465606755,0.0,25,True,,,LONG_SUCCESS,False,0.00037732983848237645,0.64,0.36
expanding,2015,2015-01-13T00:00:00Z,31463,NORMAL,0.33522402733427803,0.34237069710068757,0.0,0.4427243587452113,0.5200797608737955,0.0,25,True,,,SHORT_SUCCESS,False,-0.0005484146366395715,0.4,0.6
expanding,2015,2015-01-14T00:00:00Z,31487,NORMAL,0.32689267410793804,0.3403470349818157,0.0,0.6094342986053185,0.35079990234207414,0.0,25,True,,,LONG_SUCCESS,False,6.143843152761619e-05,0.52,0.48
expanding,2015,2015-01-15T00:00:00Z,31511,NORMAL,0.34679265771596607,0.31638654552624706,0.0,0.47562379197846905,0.48696038093810373,0.0,25,True,,,LONG_SUCCESS,False,0.0009030398227869441,0.8,0.2
expanding,2015,2015-01-16T00:00:00Z,31535,NORMAL,0.3519041591263456,0.314396164528246,0.0,0.479846750108326,0.4811002996790251,0.0,25,True,,,LONG_SUCCESS,False,-0.0003246657241360307,0.48,0.52
expanding,2015,2015-01-17T00:00:00Z,31559,NORMAL,0.32168552411294044,0.34479671097073866,0.0,0.4735011526176226,0.48958440890702465,0.0,25,True,,,SHORT_SUCCESS,False,0.0005982294619693018,0.6,0.4
expanding,2015,2015-01-20T00:00:00Z,31583,VOLATILITY_CONTRACTION,0.3243883715336103,0.34748937245843003,0.0,0.2437533908649449,0.7190584589177552,0.0,25,True,,,SHORT_SUCCESS,False,-0.00031132045470372294,0.48,0.52
expanding,2015,2015-01-21T00:00:00Z,31607,NORMAL,0.3277615145587058,0.33985350607313375,0.0,0.5581339747909042,0.40446526674011357,0.0,25,True,,,SHORT_SUCCESS,False,0.0010049741535438361,0.6,0.4
expanding,2015,2015-01-22T00:00:00Z,31631,NORMAL,0.3328861812809954,0.32644132396084957,0.0,0.47349609270534543,0.5265039072946545,0.0,25,True,,,LONG_SUCCESS,False,0.0005834516085641006,0.72,0.28
expanding,2015,2015-01-23T00:00:00Z,31655,NORMAL,0.3289563683960267,0.3371184465700794,0.0,0.44713730782044514,0.46838574414107803,0.0,25,True,,,LONG_SUCCESS,False,0.00014580246433038013,0.52,0.48
expanding,2015,2015-01-24T00:00:00Z,31679,NORMAL,0.3272481326052549,0.33787807503865436,0.0,0.6442414262971691,0.35575857370283115,0.0,25,True,,,SHORT_SUCCESS,False,0.00028851991133294064,0.56,0.44
expanding,2015,2015-01-27T00:00:00Z,31703,VOLATILITY_EXPANSION,0.33331715737385503,0.3482545082719469,0.0,0.5612601124619503,0.39997773121919933,0.0,25,True,,,SHORT_SUCCESS,False,-8.845940134138974e-05,0.48,0.52
expanding,2015,2015-01-28T00:00:00Z,31727,NORMAL,0.3078021625399697,0.36324656816406076,0.0,0.3997478036151043,0.5539268882955778,0.0,25,True,,,LONG_SUCCESS,False,0.0005915807373604309,0.64,0.36
expanding,2015,2015-01-29T00:00:00Z,31751,VOLATILITY_CONTRACTION,0.3130320922032633,0.3515814635840074,0.0,0.2460860373898404,0.6336537603954313,0.0,25,True,,,AMBIGUOUS_PATH,False,-8.802945950781016e-05,0.44,0.56
expanding,2015,2015-01-30T00:00:00Z,31775,HIGH_VOLATILITY,0.3263374496779036,0.3390916167598491,0.0,0.5587680136415019,0.3667773653367126,0.0,25,True,,,LONG_SUCCESS,False,0.0014279770666185687,0.72,0.28
expanding,2015,2015-01-31T00:00:00Z,31799,NORMAL,0.32488611695114866,0.3279030676033252,0.0,0.484389333704582,0.3218738504055364,0.0,25,True,,,LONG_SUCCESS,False,0.0005940797982739721,0.64,0.36
expanding,2015,2015-02-03T00:00:00Z,31823,HIGH_VOLATILITY,0.3395647435936413,0.342352825449531,0.0,0.44696813186591333,0.5530318681340868,0.0,25,True,,,SHORT_SUCCESS,False,-0.0001798999492719222,0.44,0.56
expanding,2015,2015-02-04T00:00:00Z,31847,NORMAL,0.3494572310095442,0.3309757164257224,0.0,0.4350832210917547,0.5221157368932804,0.0,25,True,,,SHORT_SUCCESS,False,-7.257765660362292e-05,0.48,0.52
expanding,2015,2015-02-05T00:00:00Z,31871,NORMAL,0.34573300798018436,0.325809805337401,0.0,0.5004675751403425,0.4600917414714046,0.0,25,True,,,LONG_SUCCESS,False,0.0004974242917301641,0.56,0.44
expanding,2015,2015-02-06T00:00:00Z,31895,TRENDING,0.34478948378985164,0.31076683290629,0.0,0.5564761375861419,0.4030033226832187,0.0,25,True,,,SHORT_SUCCESS,False,0.001074804070557711,0.68,0.32
expanding,2015,2015-02-07T00:00:00Z,31919,VOLATILITY_EXPANSION,0.3477711593340968,0.3194932428041555,0.0,0.4327762765011323,0.5304831744418435,0.0,25,True,,,AMBIGUOUS_PATH,False,-0.00023256638101842864,0.48,0.52
expanding,2015,2015-02-10T00:00:00Z,31943,VOLATILITY_EXPANSION,0.3651155194255702,0.31479242268958596,0.0,0.6388718105613161,0.3611281894386844,0.0,25,True,,,SHORT_SUCCESS,False,0.0004065184011556866,0.6,0.4
expanding,2015,2015-02-11T00:00:00Z,31967,HIGH_VOLATILITY,0.33091974126422347,0.3450115628495481,0.0,0.41261946763742435,0.5485108573275631,0.0,25,True,,,LONG_SUCCESS,False,-0.0005540305535229884,0.4,0.6
expanding,2015,2015-02-12T00:00:00Z,31991,HIGH_VOLATILITY,0.3463453807150897,0.32558564578621374,0.0,0.5378167631871779,0.4251602299338061,0.0,25,True,,,LONG_SUCCESS,False,0.00047045984439320065,0.6,0.4
expanding,2015,2015-02-13T00:00:00Z,32015,HIGH_VOLATILITY,0.3513284589863588,0.32009013942456616,0.0,0.5542320773982102,0.4457679226017898,0.0,25,True,,,SHORT_SUCCESS,False,0.0005489639315567896,0.6,0.4
expanding,2015,2015-02-14T00:00:00Z,32039,NORMAL,0.32029647371776176,0.34342098961051515,0.0,0.3929924797417813,0.5276082049195577,0.0,25,True,,,SHORT_SUCCESS,False,-0.0005938520567116967,0.44,0.56
expanding,2015,2015-02-17T00:00:00Z,32063,NORMAL,0.32886712749453406,0.33968343622984426,0.0,0.5747052196586419,0.3489255086157399,0.0,25,True,,,AMBIGUOUS_PATH,False,4.6502168648432374e-05,0.52,0.48
expanding,2015,2015-02-18T00:00:00Z,32087,HIGH_VOLATILITY,0.35588612608975634,0.31634583099406993,0.0,0.6528969802189779,0.30817160709785935,0.0,25,True,,,SHORT_SUCCESS,False,0.0006514757230873247,0.68,0.32
expanding,2015,2015-02-19T00:00:00Z,32111,HIGH_VOLATILITY,0.34585160715047314,0.3257603359657994,0.0,0.570558900828608,0.42944109917139217,0.0,25,True,,,LONG_SUCCESS,False,0.00037083689241845796,0.64,0.36
expanding,2015,2015-02-20T00:00:00Z,32135,HIGH_VOLATILITY,0.33409713560045057,0.332551633713276,0.0,0.4750740136687604,0.4861828607064018,0.0,25,True,,,LONG_SUCCESS,False,-7.302209055959352e-05,0.48,0.52
expanding,2015,2015-02-21T00:00:00Z,32159,VOLATILITY_EXPANSION,0.3671688214960428,0.318196253640986,0.0,0.6178102247242374,0.38218977527576253,0.0,25,True,,,LONG_SUCCESS,False,-0.0001595624852080979,0.44,0.56
expanding,2015,2015-02-24T00:00:00Z,32183,NORMAL,0.3447174047821334,0.33346755508317405,0.0,0.5171538493992629,0.44416184741645653,0.0,25,True,,,LONG_SUCCESS,False,-0.0005918729782092846,0.28,0.72
expanding,2015,2015-02-25T00:00:00Z,32207,HIGH_VOLATILITY,0.377160777532628,0.31391769510372447,0.0,0.6737044768503938,0.28955049351254264,0.0,25,True,,,SHORT_SUCCESS,False,0.0011986552397715844,0.76,0.24
expanding,2015,2015-02-26T00:00:00Z,32231,NORMAL,0.34438410412455794,0.33061267809500733,0.0,0.5563737022874498,0.4049646693648528,0.0,25,True,,,LONG_SUCCESS,False,0.0007231330804042813,0.76,0.24
expanding,2015,2015-02-27T00:00:00Z,32255,NORMAL,0.3432424148157078,0.3338121053779919,0.0,0.6372551555562671,0.2846319106108036,0.0,25,True,,,SHORT_SUCCESS,False,0.0007482795622171245,0.64,0.36
expanding,2015,2015-02-28T00:00:00Z,32279,NORMAL,0.32493110262402264,0.355747012798091,0.0,0.23424807015011143,0.7262370306514528,0.0,25,True,,,SHORT_SUCCESS,False,0.00026030625123474316,0.52,0.48
expanding,2015,2015-03-03T00:00:00Z,32303,NORMAL,0.32262396262059134,0.3490614096992702,0.0,0.39361742459679105,0.5282835215203853,0.0,25,True,,,SHORT_SUCCESS,False,-0.00020582983374750619,0.44,0.56
expanding,2015,2015-03-04T00:00:00Z,32327,VOLATILITY_CONTRACTION,0.31822084069416173,0.3493272570579534,0.0,0.27810321025557333,0.7218967897444268,0.0,25,True,,,LONG_SUCCESS,False,-0.0005108647364961971,0.4,0.6
expanding,2015,2015-03-05T00:00:00Z,32351,TRENDING,0.3457882000177566,0.327259141423086,0.0,0.5227291172831794,0.4381555499832682,0.0,25,True,,,LONG_SUCCESS,False,-0.0001595624852080979,0.44,0.56
expanding,2015,2015-03-06T00:00:00Z,32375,NORMAL,0.36873072718049554,0.3092423894307187,0.0,0.564018587177938,0.43598141282206204,0.0,25,True,,,SHORT_SUCCESS,False,-0.000143853167721808,0.44,0.56
expanding,2015,2015-03-07T00:00:00Z,32399,NORMAL,0.33293761930188565,0.3361070444249971,0.0,0.4310058791047082,0.49062456321629005,0.0,25,True,,,LONG_SUCCESS,False,0.0002460511668402887,0.6,0.4
expanding,2015,2015-03-10T00:00:00Z,32423,NORMAL,0.37097737651571583,0.32267914142582493,0.0,0.47773337570775326,0.4751211176707369,0.0,25,True,,,LONG_SUCCESS,False,-0.0005624313512037071,0.4,0.6
expanding,2015,2015-03-11T00:00:00Z,32447,VOLATILITY_CONTRACTION,0.3674693305013468,0.3192017093428971,0.0,0.5649222760239557,0.3939645942510578,0.0,25,True,,,SHORT_SUCCESS,False,-0.00019368003165110004,0.44,0.56
expanding,2015,2015-03-12T00:00:00Z,32471,NORMAL,0.35105158742424125,0.3287270878888484,0.0,0.5188188739758508,0.4811811260241494,0.0,25,True,,,SHORT_SUCCESS,False,-0.00025112203619936935,0.4,0.6
expanding,2015,2015-03-13T00:00:00Z,32495,LOW_VOLATILITY_RANGE,0.3296638503130204,0.34095591977539125,0.0,0.47132458218765144,0.4894002784149593,0.0,25,True,,,SHORT_SUCCESS,False,-0.00017509235441171,0.48,0.52
expanding,2015,2015-03-14T00:00:00Z,32519,NORMAL,0.31208328654413076,0.3568605544738701,0.0,0.3845074989047161,0.6154925010952838,0.0,25,True,,,SHORT_SUCCESS,False,0.00028135583100863393,0.68,0.32
expanding,2015,2015-03-17T00:00:00Z,32543,NORMAL,0.3185241939724092,0.349572812643439,0.0,0.610021881350472,0.38997811864952797,0.0,25,True,,,LONG_SUCCESS,False,-0.0003345612893544958,0.4,0.6
expanding,2015,2015-03-18T00:00:00Z,32567,NORMAL,0.35441548509600246,0.3265478541178935,0.0,0.4724165574628735,0.44271217030564913,0.0,25,True,,,SHORT_SUCCESS,False,-0.0004262778511432419,0.36,0.64
expanding,2015,2015-03-19T00:00:00Z,32591,NORMAL,0.3365920689309892,0.33542937855847516,0.0,0.47347610032608817,0.4491641953090346,0.0,25,True,,,SHORT_SUCCESS,False,0.00032732473134688966,0.6,0.4
expanding,2015,2015-03-20T00:00:00Z,32615,NORMAL,0.3146865342975284,0.35201078615167936,0.0,0.4401252793584008,0.5199212784555567,0.0,25,True,,,LONG_SUCCESS,False,0.00032587085037305563,0.6,0.4
expanding,2015,2015-03-21T00:00:00Z,32639,NORMAL,0.33600428505448315,0.3343645387831706,0.0,0.36220079122125715,0.5889621207404335,0.0,25,True,,,SHORT_SUCCESS,False,6.922491051208901e-05,0.56,0.44
expanding,2015,2015-03-24T00:00:00Z,32663,VOLATILITY_CONTRACTION,0.319416751820988,0.3445411646491214,0.0,0.3683491231032268,0.5505370870995234,0.0,25,True,,,LONG_SUCCESS,False,0.00032732473134688966,0.68,0.32
expanding,2015,2015-03-25T00:00:00Z,32687,NORMAL,0.32847925523540533,0.3307787198634288,0.0,0.4397583273772106,0.5187849183084264,0.0,25,True,,,SHORT_SUCCESS,False,0.00032732473134688966,0.72,0.28
expanding,2015,2015-03-26T00:00:00Z,32711,NORMAL,0.3079348359157062,0.344388716165503,0.0,0.3806007171428922,0.5190710593859448,0.0,25,True,,,SHORT_SUCCESS,False,0.00025099227713831773,0.52,0.48
expanding,2015,2015-03-27T00:00:00Z,32735,NORMAL,0.32364693581394605,0.33483877738474965,0.0,0.597276568880841,0.3658288538295844,0.0,25,True,,,LONG_SUCCESS,False,0.0011995498207422184,0.68,0.32
expanding,2015,2015-03-28T00:00:00Z,32759,NORMAL,0.3318624254289575,0.328381033875269,0.0,0.4742747313271475,0.48560260464089894,0.0,25,True,,,LONG_SUCCESS,False,0.0002303160279004679,0.56,0.44
expanding,2015,2015-03-31T00:00:00Z,32783,TRENDING,0.34193598138398035,0.33321712814939836,0.0,0.42773561261109144,0.5340566386309334,0.0,25,True,,,SHORT_SUCCESS,False,0.00022036475167452885,0.56,0.44
expanding,2015,2015-04-01T00:00:00Z,32807,NORMAL,0.3477385259403869,0.328095275357094,0.0,0.566206807037904,0.43379319296209606,0.0,25,True,,,SHORT_SUCCESS,False,0.00047045984439320065,0.52,0.48
expanding,2015,2015-04-02T00:00:00Z,32831,NORMAL,0.336552963478037,0.32884185684657585,0.0,0.5674063736722305,0.39346325888610123,0.0,25,True,,,LONG_SUCCESS,False,0.0004459612120633061,0.64,0.36
expanding,2015,2015-04-03T00:00:00Z,32855,NORMAL,0.3549802360379722,0.31703314310152975,0.0,0.47874465398064225,0.5212553460193576,0.0,25,True,,,SHORT_SUCCESS,False,0.0011986552397715844,0.64,0.36
expanding,2015,2015-04-04T00:00:00Z,32879,TRENDING,0.3403020786800215,0.3244362254190941,0.0,0.3868761558382359,0.5755667624662424,0.0,25,True,,,SHORT_SUCCESS,False,4.577454271359471e-05,0.52,0.48
expanding,2015,2015-04-07T00:00:00Z,32903,HIGH_VOLATILITY,0.3289675225481044,0.3398863395782483,0.0,0.6785686583333261,0.321431341666674,0.0,25,True,,,LONG_SUCCESS,False,0.000751147801504759,0.6,0.4
expanding,2015,2015-04-08T00:00:00Z,32927,NORMAL,0.3518180365329571,0.32948017875960395,0.0,0.5990174683682783,0.3632330402584421,0.0,25,True,,,SHORT_SUCCESS,False,-0.0006224031481252279,0.36,0.64
expanding,2015,2015-04-09T00:00:00Z,32951,NORMAL,0.3377023463123676,0.3260596493458373,0.0,0.4436117437256081,0.4801996895429948,0.0,25,True,,,SHORT_SUCCESS,False,-0.00018665374645387978,0.48,0.52
expanding,2015,2015-04-10T00:00:00Z,32975,VOLATILITY_EXPANSION,0.3352008040798557,0.3295895213062073,0.0,0.5179438484519346,0.44434314329455626,0.0,25,True,,,SHORT_SUCCESS,False,0.0004606061653862348,0.6,0.4
expanding,2015,2015-04-11T00:00:00Z,32999,HIGH_VOLATILITY,0.3594403865913869,0.3187090899503407,0.0,0.5734123523766662,0.4265876476233341,0.0,25,True,,,LONG_SUCCESS,False,4.577454271359471e-05,0.52,0.48
expanding,2015,2015-04-14T00:00:00Z,33023,NORMAL,0.3470877288802321,0.33095826119258265,0.0,0.36910808844859117,0.5880387796100829,0.0,25,True,,,SHORT_SUCCESS,False,-0.00012526418013325546,0.48,0.52
expanding,2015,2015-04-15T00:00:00Z,33047,VOLATILITY_CONTRACTION,0.3505311585776946,0.3211329909722421,0.0,0.43522904452487204,0.5267237341030495,0.0,25,True,,,LONG_SUCCESS,False,-1.0448980872435065e-05,0.48,0.52
expanding,2015,2015-04-16T00:00:00Z,33071,NORMAL,0.3223438953338525,0.348749432813231,0.0,0.3938920717984007,0.5248007984927004,0.0,25,True,,,SHORT_SUCCESS,False,0.000751147801504759,0.64,0.36
expanding,2015,2015-04-17T00:00:00Z,33095,NORMAL,0.3295372754182035,0.3378664650876731,0.0,0.49191396596329773,0.4690781795626778,0.0,25,True,,,LONG_SUCCESS,False,0.0007679492326313486,0.64,0.36
expanding,2015,2015-04-18T00:00:00Z,33119,NORMAL,0.3214933283500817,0.34305665295876464,0.0,0.5155332403050819,0.48446675969491826,0.0,25,True,,,LONG_SUCCESS,False,0.0013508506034374257,0.64,0.36
expanding,2015,2015-04-21T00:00:00Z,33143,NORMAL,0.3180451015501228,0.355182119067036,0.0,0.5683372283692238,0.43166277163077604,0.0,25,True,,,SHORT_SUCCESS,False,-0.0001798999492719222,0.4,0.6
expanding,2015,2015-04-22T00:00:00Z,33167,HIGH_VOLATILITY,0.360541779924161,0.3053437540773533,0.0,0.6387427074351195,0.3612572925648805,0.0,25,True,,,LONG_SUCCESS,False,0.0004065184011556866,0.68,0.32
expanding,2015,2015-04-23T00:00:00Z,33191,HIGH_VOLATILITY,0.36976990450701525,0.31070579385560926,0.0,0.7129295611545818,0.2870704388454181,0.0,25,True,,,SHORT_SUCCESS,False,0.0012741507780700267,0.76,0.24
expanding,2015,2015-04-24T00:00:00Z,33215,NORMAL,0.3417304829865551,0.3194335453511488,0.0,0.365583743715988,0.634416256284012,0.0,25,True,,,LONG_SUCCESS,False,0.00038373541761171914,0.6,0.4
expanding,2015,2015-04-25T00:00:00Z,33239,HIGH_VOLATILITY,0.3331641897033976,0.33180833215712685,0.0,0.4996920928553658,0.41392950651485516,0.0,25,True,,,SHORT_SUCCESS,False,6.877970538154976e-05,0.52,0.48
expanding,2015,2015-04-28T00:00:00Z,33263,HIGH_VOLATILITY,0.3543446705793407,0.32535229569632906,0.0,0.5732232614506761,0.4267767385493237,0.0,25,True,,,LONG_SUCCESS,False,0.0008865428925128871,0.6,0.4
expanding,2015,2015-04-29T00:00:00Z,33287,HIGH_VOLATILITY,0.3709502764511732,0.32503153989487216,0.0,0.5162824829341643,0.4837175170658357,0.0,25,True,,,SHORT_SUCCESS,False,0.0008815372095347662,0.56,0.44
expanding,2015,2015-04-30T00:00:00Z,33311,NORMAL,0.33428883234523765,0.34497572287662226,0.0,0.5997679890568497,0.36249143442778115,0.0,25,True,,,SHORT_SUCCESS,False,0.0007209696424714807,0.72,0.28
expanding,2015,2015-05-01T00:00:00Z,33335,NORMAL,0.31838938222220925,0.3488866813147669,0.0,0.40630681892180914,0.5160497770846947,0.0,25,True,,,LONG_SUCCESS,False,-0.00018183178412245482,0.48,0.52
expanding,2015,2015-05-02T00:00:00Z,33359,NORMAL,0.32226164242478494,0.3396522907919718,0.0,0.43397865835464733,0.48955695248447917,0.0,25,True,,,SHORT_SUCCESS,False,-0.00046137150158742646,0.48,0.52
expanding,2015,2015-05-05T00:00:00Z,33383,NORMAL,0.3533410463248438,0.3279673168150059,0.0,0.4526928791303446,0.5016895406329844,0.0,25,True,,,LONG_SUCCESS,False,-0.0004536699660329102,0.44,0.56
expanding,2015,2015-05-06T00:00:00Z,33407,NORMAL,0.33956836113199645,0.3341136791002794,0.0,0.49279152184188657,0.5072084781581134,0.0,25,True,,,LONG_SUCCESS,False,-0.0005142506539247416,0.32,0.68
expanding,2015,2015-05-07T00:00:00Z,33431,HIGH_VOLATILITY,0.3328554246488504,0.33677890487853573,0.0,0.5202286430673577,0.4015319374858848,0.0,25,True,,,LONG_SUCCESS,False,0.0004959171415570562,0.6,0.4
expanding,2015,2015-05-08T00:00:00Z,33455,NORMAL,0.31596441256403446,0.3539412395448909,0.0,0.4118188916345907,0.5424023401789053,0.0,25,True,,,SHORT_SUCCESS,False,-4.787318843613164e-05,0.48,0.52
expanding,2015,2015-05-09T00:00:00Z,33479,NORMAL,0.3141153229322224,0.3594057088031134,0.0,0.39712280415378626,0.5661492753300899,0.0,25,True,,,LONG_SUCCESS,False,0.00026030625123474316,0.56,0.44
expanding,2015,2015-05-12T00:00:00Z,33503,NORMAL,0.3547131666019722,0.3255806659757942,0.0,0.5170681777885873,0.44655234404467686,0.0,25,True,,,LONG_SUCCESS,False,0.0004730390190010869,0.64,0.36
expanding,2015,2015-05-13T00:00:00Z,33527,VOLATILITY_CONTRACTION,0.3260267279717118,0.3556331080185333,0.0,0.3624874029742306,0.6375125970257691,0.0,25,True,,,SHORT_SUCCESS,False,0.0005033030971650643,0.56,0.44
expanding,2015,2015-05-14T00:00:00Z,33551,VOLATILITY_CONTRACTION,0.3129677888032418,0.3464756605815448,0.0,0.4393067636119369,0.5228085340308223,0.0,25,True,,,SHORT_SUCCESS,False,-0.0001262744039511876,0.44,0.56
expanding,2015,2015-05-15T00:00:00Z,33575,NORMAL,0.3380995945541984,0.32911840177914586,0.0,0.3562751178493406,0.5667740551588534,0.0,25,True,,,SHORT_SUCCESS,False,0.00018290910789908743,0.52,0.48
expanding,2015,2015-05-16T00:00:00Z,33599,TRENDING,0.3507056112152982,0.327658068641956,0.0,0.426687677909722,0.5733123220902779,0.0,25,True,,,SHORT_SUCCESS,False,-0.00036231630418936955,0.4,0.6
expanding,2015,2015-05-19T00:00:00Z,33623,NORMAL,0.3680158609633739,0.32044100065384107,0.0,0.5179569694635366,0.482043030536463,0.0,25,True,,,LONG_SUCCESS,False,0.0001354704968541398,0.56,0.44
expanding,2015,2015-05-20T00:00:00Z,33647,NORMAL,0.3440821492859233,0.3186734206998855,0.0,0.3629847509541294,0.5549034147234531,0.0,25,True,,,SHORT_SUCCESS,False,0.0003072612849477352,0.52,0.48
expanding,2015,2015-05-21T00:00:00Z,33671,HIGH_VOLATILITY,0.3360867698319721,0.32798933006253145,0.0,0.36062778808216694,0.483384443643215,0.0,25,True,,,LONG_SUCCESS,False,0.00019058624153078796,0.52,0.48
expanding,2015,2015-05-22T00:00:00Z,33695,NORMAL,0.32749370670102246,0.3387845196761292,0.0,0.5522741666324855,0.36907380689225466,0.0,25,True,,,SHORT_SUCCESS,False,0.00023479197722187095,0.56,0.44
expanding,2015,2015-05-23T00:00:00Z,33719,NORMAL,0.3213989739440322,0.35199680251996696,0.0,0.189886768438127,0.8101132315618731,0.0,25,True,,,LONG_SUCCESS,False,-0.00010673965321761347,0.44,0.56
expanding,2015,2015-05-26T00:00:00Z,33743,NORMAL,0.34511915374163554,0.33252944271857193,0.0,0.6057692875015054,0.3511762778703097,0.0,25,True,,,SHORT_SUCCESS,False,0.0003841376168747246,0.52,0.48
expanding,2015,2015-05-27T00:00:00Z,33767,NORMAL,0.3563816827340849,0.32485293589611774,0.0,0.40107855455717945,0.5989214454428203,0.0,25,True,,,SHORT_SUCCESS,False,-0.0003068048408191304,0.48,0.52
expanding,2015,2015-05-28T00:00:00Z,33791,NORMAL,0.353814959970357,0.3311833032167589,0.0,0.6797210190553136,0.32027898094468643,0.0,25,True,,,LONG_SUCCESS,False,-0.00011221562162111454,0.48,0.52
expanding,2015,2015-05-29T00:00:00Z,33815,LOW_VOLATILITY_RANGE,0.32874752764457393,0.33223931669624207,0.0,0.5941881532224569,0.3686742656372678,0.0,25,True,,,LONG_SUCCESS,False,0.00026022355958454924,0.52,0.48
expanding,2015,2015-05-30T00:00:00Z,33839,NORMAL,0.3258628871910821,0.33484811718554586,0.0,0.4302161464272437,0.4881187779446595,0.0,25,True,,,SHORT_SUCCESS,False,0.000961508890139795,0.76,0.24
expanding,2015,2015-06-02T00:00:00Z,33863,NORMAL,0.32100390526934414,0.356707379466587,0.0,0.5295896160866935,0.43193712998796624,0.0,25,True,,,LONG_SUCCESS,False,0.000902458386778493,0.6,0.4
expanding,2015,2015-06-03T00:00:00Z,33887,NORMAL,0.32046157508515294,0.3460403393490903,0.0,0.24971204947600695,0.7088333577099692,0.0,25,True,,,SHORT_SUCCESS,False,-5.159454436765021e-05,0.48,0.52
expanding,2015,2015-06-04T00:00:00Z,33911,TRENDING,0.3790269762738559,0.303742059109634,0.0,0.6204240995871872,0.379575900412813,0.0,25,True,,,LONG_SUCCESS,False,0.0008018053055833807,0.68,0.32
expanding,2015,2015-06-05T00:00:00Z,33935,VOLATILITY_EXPANSION,0.3611680070763481,0.3102315729231139,0.0,0.7117005553071958,0.2882994446928043,0.0,25,True,,,SHORT_SUCCESS,False,0.0013070510345549735,0.76,0.24
expanding,2015,2015-06-06T00:00:00Z,33959,HIGH_VOLATILITY,0.32341070581398684,0.340762364774738,0.0,0.5147660233506178,0.44662511504388974,0.0,25,True,,,AMBIGUOUS_PATH,False,-4.998031447611684e-05,0.48,0.52
expanding,2015,2015-06-09T00:00:00Z,33983,HIGH_VOLATILITY,0.33708387964435654,0.33867025637168513,0.0,0.5541692564290579,0.40255399887415877,0.0,25,True,,,LONG_SUCCESS,False,0.0005973922773492291,0.56,0.44
expanding,2015,2015-06-10T00:00:00Z,34007,HIGH_VOLATILITY,0.34882940387157474,0.3309450932280115,0.0,0.5523483275977967,0.3641582053074172,0.0,25,True,,,SHORT_SUCCESS,False,0.00035217968525880217,0.68,0.32
expanding,2015,2015-06-11T00:00:00Z,34031,NORMAL,0.3476959692296601,0.3285232535402175,0.0,0.6746562620275138,0.2832833640553496,0.0,25,True,,,LONG_SUCCESS,False,0.0004459612120633061,0.64,0.36
expanding,2015,2015-06-12T00:00:00Z,34055,NORMAL,0.3248907689507437,0.3350434767831093,0.0,0.48693109274262214,0.47212849147399405,0.0,25,True,,,SHORT_SUCCESS,False,0.00013779135115332686,0.6,0.4
expanding,2015,2015-06-13T00:00:00Z,34079,HIGH_VOLATILITY,0.32918759169288053,0.34263085274689636,0.0,0.5905280297456474,0.4094719702543527,0.0,25,True,,,LONG_SUCCESS,False,0.0012287505038117708,0.8,0.2
expanding,2015,2015-06-16T00:00:00Z,34103,NORMAL,0.35300753457387174,0.3356396888364579,0.0,0.7262006271759444,0.27379937282405586,0.0,25,True,,,LONG_SUCCESS,False,-0.00015780086043093444,0.44,0.56
expanding,2015,2015-06-17T00:00:00Z,34127,HIGH_VOLATILITY,0.3581015484147209,0.33109040130279954,0.0,0.478844929084671,0.5211550709153292,0.0,25,True,,,SHORT_SUCCESS,False,-0.0007520451264428907,0.32,0.68
expanding,2015,2015-06-18T00:00:00Z,34151,VOLATILITY_CONTRACTION,0.33706598710549524,0.33666090924792763,0.0,0.4892776882101808,0.432141612563534,0.0,25,True,,,SHORT_SUCCESS,False,1.733241451118417e-05,0.52,0.48
expanding,2015,2015-06-19T00:00:00Z,34175,NORMAL,0.33750436995026095,0.3317391225088961,0.0,0.48884336374665266,0.3937158724114284,0.0,25,True,,,SHORT_SUCCESS,False,0.0004591117959000801,0.52,0.48
expanding,2015,2015-06-20T00:00:00Z,34199,NORMAL,0.31420764653443245,0.3548760770391454,0.0,0.41056560390233277,0.5894343960976673,0.0,25,True,,,LONG_SUCCESS,False,0.00017735381614558676,0.6,0.4
expanding,2015,2015-06-23T00:00:00Z,34223,LOW_VOLATILITY_RANGE,0.32637231841531683,0.3413696756286844,0.0,0.3177346809218943,0.6430458203001302,0.0,25,True,,,LONG_SUCCESS,False,-0.0006628815066084259,0.36,0.64
expanding,2015,2015-06-24T00:00:00Z,34247,NORMAL,0.3591064510879868,0.3174723809476239,0.0,0.5248220055117102,0.4751779944882899,0.0,25,True,,,SHORT_SUCCESS,False,0.0011986552397715844,0.68,0.32
expanding,2015,2015-06-25T00:00:00Z,34271,LOW_VOLATILITY_RANGE,0.3453626520726203,0.32711421681589464,0.0,0.6131488495017803,0.3484173024161413,0.0,25,True,,,AMBIGUOUS_PATH,False,-0.00041344562978329336,0.4,0.6
expanding,2015,2015-06-26T00:00:00Z,34295,NORMAL,0.3472815098572212,0.330929544271544,0.0,0.36771939349323424,0.5935101045188305,0.0,25,True,,,LONG_SUCCESS,False,-0.0002200354813828298,0.4,0.6
expanding,2015,2015-06-27T00:00:00Z,34319,NORMAL,0.3313230459016731,0.34282345069760517,0.0,0.4821671461181133,0.4777203778863322,0.0,25,True,,,SHORT_SUCCESS,False,0.0004959171415570562,0.64,0.36
expanding,2015,2015-06-30T00:00:00Z,34343,NORMAL,0.33777544752244293,0.3315392728207369,0.0,0.4125083638267724,0.5054973437345407,0.0,25,True,,,LONG_SUCCESS,False,5.647970600919372e-05,0.52,0.48
expanding,2015,2015-07-01T00:00:00Z,34367,NORMAL,0.3456927499080234,0.3289075887797314,0.0,0.4002459519689119,0.44486994857773754,0.0,25,True,,,SHORT_SUCCESS,False,0.0003072612849477352,0.56,0.44
expanding,2015,2015-07-02T00:00:00Z,34391,NORMAL,0.3541071181653772,0.3269547048183865,0.0,0.43464466976053584,0.5266399336684414,0.0,25,True,,,SHORT_SUCCESS,False,-0.0003068048408191304,0.4,0.6
expanding,2015,2015-07-03T00:00:00Z,34415,NORMAL,0.35025916487737,0.3212504689779709,0.0,0.4490211640679986,0.47234119643875855,0.0,25,True,,,LONG_SUCCESS,False,0.0004591117959000801,0.56,0.44
expanding,2015,2015-07-04T00:00:00Z,34439,NORMAL,0.3344263976978633,0.33833370353714126,0.0,0.5224260415869012,0.3608600161926508,0.0,25,True,,,SHORT_SUCCESS,False,0.0008053545807868989,0.64,0.36
expanding,2015,2015-07-07T00:00:00Z,34463,NORMAL,0.35674562438853163,0.3251935238310328,0.0,0.48518550702419694,0.4729960522063872,0.0,25,True,,,LONG_SUCCESS,False,-0.0007004050896672886,0.28,0.72
expanding,2015,2015-07-08T00:00:00Z,34487,NORMAL,0.3433844624073876,0.33710081101059297,0.0,0.5312678044316677,0.4316625128979048,0.0,25,True,,,LONG_SUCCESS,False,0.0013727484330883222,0.64,0.36
expanding,2015,2015-07-09T00:00:00Z,34511,CRISIS,0.32320730431076156,0.3489725697666858,0.0,0.3223926439410726,0.5539164965520956,0.0,25,True,,,SHORT_SUCCESS,False,0.00029434348824675105,0.6,0.4
expanding,2015,2015-07-10T00:00:00Z,34535,NORMAL,0.35166109264059053,0.31910284459825283,0.0,0.4763802863548872,0.48494156505322505,0.0,25,True,,,SHORT_SUCCESS,False,0.00030507957162773103,0.64,0.36
expanding,2015,2015-07-11T00:00:00Z,34559,NORMAL,0.31577938016383683,0.3624974372642377,0.0,0.5091281625725707,0.49087183742742907,0.0,25,True,,,SHORT_SUCCESS,False,0.00026030625123474316,0.6,0.4
expanding,2015,2015-07-14T00:00:00Z,34583,NORMAL,0.34238066616194734,0.34042542031120687,0.0,0.48536517308294774,0.4772985271526263,0.0,25,True,,,LONG_SUCCESS,False,-0.0007112265614848123,0.36,0.64
expanding,2015,2015-07-15T00:00:00Z,34607,NORMAL,0.3473432211536052,0.34033864724422647,0.0,0.3534878286313376,0.6465121713686626,0.0,25,True,,,SHORT_SUCCESS,False,-0.0003068048408191304,0.4,0.6
expanding,2015,2015-07-16T00:00:00Z,34631,NORMAL,0.3282499446508575,0.34859801269511603,0.0,0.48173645059834763,0.5182635494016522,0.0,25,True,,,SHORT_SUCCESS,False,0.0001259749411941513,0.56,0.44
expanding,2015,2015-07-17T00:00:00Z,34655,VOLATILITY_CONTRACTION,0.31728859257192554,0.34352351243728546,0.0,0.4491597999456238,0.51408182281357,0.0,25,True,,,SHORT_SUCCESS,False,-0.0004376546426425598,0.32,0.68
expanding,2015,2015-07-18T00:00:00Z,34679,NORMAL,0.32260170691122186,0.3361156577491185,0.0,0.41561757551687645,0.5019355130213841,0.0,25,True,,,SHORT_SUCCESS,False,-0.0005938520567116967,0.44,0.56
expanding,2015,2015-07-21T00:00:00Z,34703,NORMAL,0.33283162468245864,0.35130943041085083,0.0,0.5512796495430019,0.4487203504569982,0.0,25,True,,,AMBIGUOUS_PATH,False,-0.00020582983374750619,0.36,0.64
expanding,2015,2015-07-22T00:00:00Z,34727,NORMAL,0.3376108569746525,0.3334803867026085,0.0,0.46771412581000765,0.49046664186355887,0.0,25,True,,,SHORT_SUCCESS,False,-0.0003975559143609697,0.48,0.52
expanding,2015,2015-07-23T00:00:00Z,34751,NORMAL,0.31041855062564194,0.3447971793769955,0.0,0.3208626565735851,0.5538670957629169,0.0,25,True,,,LONG_SUCCESS,False,-0.0001262744039511876,0.48,0.52
expanding,2015,2015-07-24T00:00:00Z,34775,LOW_VOLATILITY_RANGE,0.31765851326803657,0.33955742907996805,0.0,0.32797035980365524,0.6300330037778664,0.0,25,True,,,LONG_SUCCESS,False,0.00013369091710924152,0.52,0.48
expanding,2015,2015-07-25T00:00:00Z,34799,NORMAL,0.32859943476672093,0.33809845434000224,0.0,0.6506190870977376,0.3493809129022624,0.0,25,True,,,SHORT_SUCCESS,False,0.0003622367361988399,0.56,0.44
expanding,2015,2015-07-28T00:00:00Z,34823,VOLATILITY_EXPANSION,0.3466660277910856,0.331211746076763,0.0,0.5595179721583267,0.4404820278416733,0.0,25,True,,,LONG_SUCCESS,False,0.0003841376168747246,0.52,0.48
expanding,2015,2015-07-29T00:00:00Z,34847,NORMAL,0.3305691391541206,0.3388860027395712,0.0,0.4403459119189407,0.5218720663817685,0.0,25,True,,,SHORT_SUCCESS,False,0.00026832313410407593,0.64,0.36
expanding,2015,2015-07-30T00:00:00Z,34871,NORMAL,0.334951834996263,0.335329662712278,0.0,0.4401288533079098,0.5088618807591729,0.0,25,True,,,LONG_SUCCESS,False,0.00019608519723024465,0.56,0.44
expanding,2015,2015-07-31T00:00:00Z,34895,HIGH_VOLATILITY,0.3756364525271496,0.3072460939842236,0.0,0.6029103893328731,0.39708961066712695,0.0,25,True,,,SHORT_SUCCESS,False,0.0009568887402853221,0.6,0.4
expanding,2015,2015-08-01T00:00:00Z,34919,NORMAL,0.3380919454347028,0.3264605547440344,0.0,0.47861279438254517,0.47904379723241325,0.0,25,True,,,LONG_SUCCESS,False,-9.495216065680268e-05,0.48,0.52
expanding,2015,2015-08-04T00:00:00Z,34943,HIGH_VOLATILITY,0.33237721520532276,0.34442826866502313,0.0,0.4802576720380321,0.5197423279619682,0.0,25,True,,,LONG_SUCCESS,False,0.0004630525002886632,0.56,0.44
expanding,2015,2015-08-05T00:00:00Z,34967,NORMAL,0.3450942438662763,0.340091772705658,0.0,0.5096200278414602,0.4119014875821297,0.0,25,True,,,SHORT_SUCCESS,False,0.0007081475131078818,0.72,0.28
expanding,2015,2015-08-06T00:00:00Z,34991,NORMAL,0.3338466607895219,0.3449003283469947,0.0,0.39854689813643573,0.5606003846301508,0.0,25,True,,,SHORT_SUCCESS,False,0.0005172653088365564,0.6,0.4
expanding,2015,2015-08-07T00:00:00Z,35015,VOLATILITY_CONTRACTION,0.34448724346709353,0.33406595931834276,0.0,0.7563601438951167,0.24363985610488326,0.0,25,True,,,LONG_SUCCESS,False,0.0002303160279004679,0.52,0.48
expanding,2015,2015-08-08T00:00:00Z,35039,NORMAL,0.3170631324107568,0.35368952440046236,0.0,0.4406880613626504,0.4856494814458312,0.0,25,True,,,SHORT_SUCCESS,False,0.00013369091710924152,0.56,0.44
expanding,2015,2015-08-11T00:00:00Z,35063,NORMAL,0.3131691929893659,0.3598309667456805,0.0,0.34009167292292064,0.5834861545185882,0.0,25,True,,,SHORT_SUCCESS,False,0.0001259749411941513,0.56,0.44
expanding,2015,2015-08-12T00:00:00Z,35087,NORMAL,0.33000592056805295,0.34255783025229136,0.0,0.5064484007196193,0.4029317615222898,0.0,25,True,,,SHORT_SUCCESS,False,0.0002304859850588148,0.6,0.4
expanding,2015,2015-08-13T00:00:00Z,35111,NORMAL,0.3360614771238549,0.33344421980605443,0.0,0.3508225453775289,0.6126435922825784,0.0,25,True,,,SHORT_SUCCESS,False,-0.00017546737152895897,0.4,0.6
expanding,2015,2015-08-14T00:00:00Z,35135,TRENDING,0.35195214586596024,0.3230109854837439,0.0,0.4383157684801658,0.5234875233069547,0.0,25,True,,,SHORT_SUCCESS,False,0.0012387970953391392,0.6,0.4
expanding,2015,2015-08-15T00:00:00Z,35159,NORMAL,0.3235696318306012,0.331789767877326,0.0,0.376371859447692,0.547097342538664,0.0,25,True,,,SHORT_SUCCESS,False,-0.0006107048177176333,0.44,0.56
expanding,2015,2015-08-18T00:00:00Z,35183,VOLATILITY_CONTRACTION,0.3111917296378233,0.353618590983383,0.0,0.31757740436410636,0.6437858743664515,0.0,25,True,,,LONG_SUCCESS,False,-0.00031132045470372294,0.36,0.64
expanding,2015,2015-08-19T00:00:00Z,35207,NORMAL,0.32039657031739216,0.35265266874075674,0.0,0.3262447830283027,0.6353330286030953,0.0,25,True,,,SHORT_SUCCESS,False,-0.0001929706745064097,0.4,0.6
expanding,2015,2015-08-20T00:00:00Z,35231,TRENDING,0.3502133932356058,0.32033094408320156,0.0,0.35106165193238,0.6094759257387743,0.0,25,True,,,AMBIGUOUS_PATH,False,0.000613266252226019,0.64,0.36
expanding,2015,2015-08-21T00:00:00Z,35255,NORMAL,0.32254709379966184,0.3474924418890213,0.0,0.44003380279701837,0.5599661972029815,0.0,25,True,,,LONG_SUCCESS,False,0.0006021799347002421,0.68,0.32
expanding,2015,2015-08-22T00:00:00Z,35279,NORMAL,0.3348200578565735,0.32084919308255605,0.0,0.4678388639665896,0.4539258355325412,0.0,25,True,,,LONG_SUCCESS,False,0.0002460511668402887,0.6,0.4
expanding,2015,2015-08-25T00:00:00Z,35303,NORMAL,0.3426021494489871,0.3337288034084777,0.0,0.6595677060637508,0.3404322939362489,0.0,25,True,,,LONG_SUCCESS,False,-0.00012526418013325546,0.48,0.52
expanding,2015,2015-08-26T00:00:00Z,35327,NORMAL,0.3333877691033218,0.3451468916068913,0.0,0.5259807592011594,0.43282220486249934,0.0,25,True,,,LONG_SUCCESS,False,0.0010219840428311588,0.72,0.28
expanding,2015,2015-08-27T00:00:00Z,35351,LOW_VOLATILITY_RANGE,0.3455740613211676,0.3375064882899752,0.0,0.6448372640929226,0.31702514191993536,0.0,25,True,,,LONG_SUCCESS,False,-0.00017546737152895897,0.44,0.56
expanding,2015,2015-08-28T00:00:00Z,35375,NORMAL,0.3317087673278406,0.3370650662900833,0.0,0.6476685015184711,0.19991928232111827,0.0,25,True,,,LONG_SUCCESS,False,0.000309971470401349,0.56,0.44
expanding,2015,2015-08-29T00:00:00Z,35399,NORMAL,0.31505710229899087,0.34695610821745704,0.0,0.35149128647060063,0.6116895254284243,0.0,25,True,,,SHORT_SUCCESS,False,-5.372875349374251e-05,0.44,0.56
expanding,2015,2015-09-01T00:00:00Z,35423,HIGH_VOLATILITY,0.33675993345143845,0.3442701207970089,0.0,0.718352625108373,0.28164737489162717,0.0,25,True,,,LONG_SUCCESS,False,-8.845940134138974e-05,0.48,0.52
expanding,2015,2015-09-02T00:00:00Z,35447,NORMAL,0.3226165396553824,0.3394233540802658,0.0,0.44397579583377844,0.5560242041662214,0.0,25,True,,,LONG_SUCCESS,False,-0.00024033772328102554,0.44,0.56
expanding,2015,2015-09-03T00:00:00Z,35471,TRENDING,0.35777847997422296,0.3152206526742307,0.0,0.4758266383142663,0.5241733616857336,0.0,25,True,,,LONG_SUCCESS,False,0.0010231759253847006,0.68,0.32
expanding,2015,2015-09-04T00:00:00Z,35495,TRENDING,0.355908154113234,0.3230216328908484,0.0,0.4433894987125603,0.5183171997928779,0.0,25,True,,,SHORT_SUCCESS,False,0.0005433696789154396,0.6,0.4
expanding,2015,2015-09-05T00:00:00Z,35519,NORMAL,0.3413624245135051,0.3341325973779646,0.0,0.5393504402641682,0.4173742208634839,0.0,25,True,,,LONG_SUCCESS,False,0.0008053545807868989,0.8,0.2
expanding,2015,2015-09-08T00:00:00Z,35543,TRENDING,0.39659992529061916,0.30307093211853264,0.0,0.6049045190108944,0.3565054478189555,0.0,25,True,,,LONG_SUCCESS,False,-0.00019368003165110004,0.48,0.52
expanding,2015,2015-09-09T00:00:00Z,35567,NORMAL,0.35032853755397947,0.32702194751535973,0.0,0.43148644535695824,0.5284506059628543,0.0,25,True,,,LONG_SUCCESS,False,-1.0448980872435065e-05,0.48,0.52
expanding,2015,2015-09-10T00:00:00Z,35591,NORMAL,0.34643931086982455,0.3272026090020225,0.0,0.591627066242439,0.2870994693053485,0.0,25,True,,,LONG_SUCCESS,False,0.0008984389135548998,0.72,0.28
expanding,2015,2015-09-11T00:00:00Z,35615,LOW_VOLATILITY_RANGE,0.32790589399517844,0.3488474767171245,0.0,0.4465410038730269,0.5534589961269731,0.0,25,True,,,LONG_SUCCESS,False,0.00013369091710924152,0.52,0.48
expanding,2015,2015-09-12T00:00:00Z,35639,LOW_VOLATILITY_RANGE,0.32578186791498936,0.3420690757037057,0.0,0.5624213567241386,0.3999049180010385,0.0,25,True,,,LONG_SUCCESS,False,0.000297773141310298,0.6,0.4
expanding,2015,2015-09-15T00:00:00Z,35663,NORMAL,0.3341116683753787,0.34311317502555766,0.0,0.20734757310131172,0.6769603659163156,0.0,25,True,,,AMBIGUOUS_PATH,False,-0.00012526418013325546,0.48,0.52
expanding,2015,2015-09-16T00:00:00Z,35687,NORMAL,0.3457780611183975,0.3217658828523076,0.0,0.5344926046947455,0.46550739530525453,0.0,25,True,,,SHORT_SUCCESS,False,-0.00015780086043093444,0.48,0.52
expanding,2015,2015-09-17T00:00:00Z,35711,NORMAL,0.35153440844342415,0.32049796807402114,0.0,0.5981473120163683,0.3623218830418316,0.0,25,True,,,LONG_SUCCESS,False,0.0006775364469977507,0.6,0.4
expanding,2015,2015-09-18T00:00:00Z,35735,HIGH_VOLATILITY,0.3274021498011719,0.33631148447945114,0.0,0.5620443708885344,0.3258017078156865,0.0,25,True,,,SHORT_SUCCESS,False,0.00019836542737738938,0.52,0.48
expanding,2015,2015-09-19T00:00:00Z,35759,NORMAL,0.3100208601750608,0.361745749491174,0.0,0.39644737485046194,0.6035526251495379,0.0,25,True,,,LONG_SUCCESS,False,0.00036371780127053555,0.64,0.36
expanding,2015,2015-09-22T00:00:00Z,35783,NORMAL,0.337797141580065,0.3143883577529262,0.0,0.5903218039342302,0.4096781960657698,0.0,25,True,,,SHORT_SUCCESS,False,0.0001354704968541398,0.56,0.44
expanding,2015,2015-09-23T00:00:00Z,35807,VOLATILITY_EXPANSION,0.3391022682303201,0.33104644992173077,0.0,0.5536023247807457,0.4463976752192544,0.0,25,True,,,SHORT_SUCCESS,False,-0.0003683471250260917,0.48,0.52
expanding,2015,2015-09-24T00:00:00Z,35831,VOLATILITY_EXPANSION,0.33905872092517003,0.33146801297933703,0.0,0.6418545768331441,0.2839134828207856,0.0,25,True,,,SHORT_SUCCESS,False,0.00023479197722187095,0.52,0.48
expanding,2015,2015-09-25T00:00:00Z,35855,HIGH_VOLATILITY,0.3344405968157876,0.34217193927227824,0.0,0.3986373422539251,0.5634771075755144,0.0,25,True,,,LONG_SUCCESS,False,0.00038325076088385757,0.6,0.4
expanding,2015,2015-09-26T00:00:00Z,35879,HIGH_VOLATILITY,0.34664171447493036,0.3305738909597384,0.0,0.5498994462121103,0.4097376579909209,0.0,25,True,,,LONG_SUCCESS,False,5.375069753266182e-05,0.52,0.48
expanding,2015,2015-09-29T00:00:00Z,35903,NORMAL,0.33853287635011725,0.3401222491116643,0.0,0.35971861746984196,0.6005113301067899,0.0,25,True,,,SHORT_SUCCESS,False,-0.0004455345729235116,0.44,0.56
expanding,2015,2015-09-30T00:00:00Z,35927,HIGH_VOLATILITY,0.35713777456773604,0.32987931475397864,0.0,0.4412341181935847,0.4741799350623029,0.0,25,True,,,SHORT_SUCCESS,False,-0.0003068048408191304,0.48,0.52
expanding,2015,2015-10-01T00:00:00Z,35951,NORMAL,0.342580041597352,0.3352512217747079,0.0,0.43863552970548403,0.5613644702945161,0.0,25,True,,,LONG_SUCCESS,False,0.0005142394585599952,0.64,0.36
expanding,2015,2015-10-02T00:00:00Z,35975,NORMAL,0.33145920063727924,0.34343992713495514,0.0,0.6154437365970615,0.31216233230570617,0.0,25,True,,,LONG_SUCCESS,False,0.0007209696424714807,0.64,0.36
expanding,2015,2015-10-03T00:00:00Z,35999,NORMAL,0.3279823198160612,0.3500417383581554,0.0,0.25034392820747015,0.6761495413512748,0.0,25,True,,,SHORT_SUCCESS,False,-8.802945950781016e-05,0.48,0.52
expanding,2015,2015-10-06T00:00:00Z,36023,VOLATILITY_CONTRACTION,0.3307488661934635,0.3488131614188034,0.0,0.2425586434002129,0.7154219651453508,0.0,25,True,,,LONG_SUCCESS,False,-0.0007541709257230522,0.32,0.68
expanding,2015,2015-10-07T00:00:00Z,36047,NORMAL,0.3452153055124565,0.3315368306591149,0.0,0.3909045887140149,0.49437053557655525,0.0,25,True,,,SHORT_SUCCESS,False,0.000735399017567584,0.6,0.4
expanding,2015,2015-10-08T00:00:00Z,36071,NORMAL,0.3305294266662404,0.3367323465506744,0.0,0.47665278013088946,0.5233472198691104,0.0,25,True,,,LONG_SUCCESS,False,0.0005343453261521525,0.6,0.4
expanding,2015,2015-10-09T00:00:00Z,36095,NORMAL,0.31480937868625863,0.33981931840869556,0.0,0.362163008979953,0.5971797154712495,0.0,25,True,,,LONG_SUCCESS,False,-0.00017290138957493095,0.48,0.52
expanding,2015,2015-10-10T00:00:00Z,36119,NORMAL,0.3192895695934782,0.34972575442010506,0.0,0.30908754478177836,0.6512370733861792,0.0,25,True,,,LONG_SUCCESS,False,0.00017735381614558676,0.52,0.48
expanding,2015,2015-10-13T00:00:00Z,36143,NORMAL,0.3239358961161118,0.35011336272923516,0.0,0.6202793232843911,0.37972067671560883,0.0,25,True,,,AMBIGUOUS_PATH,False,-0.0001798999492719222,0.48,0.52
expanding,2015,2015-10-14T00:00:00Z,36167,HIGH_VOLATILITY,0.3494952660129557,0.3283842785430813,0.0,0.5651216115217693,0.3972090053610603,0.0,25,True,,,LONG_SUCCESS,False,0.0009106536452792025,0.72,0.28
expanding,2015,2015-10-15T00:00:00Z,36191,VOLATILITY_CONTRACTION,0.31638996856208607,0.34805224173828503,0.0,0.38698142898525306,0.484569244139973,0.0,25,True,,,SHORT_SUCCESS,False,0.0001259749411941513,0.52,0.48
expanding,2015,2015-10-16T00:00:00Z,36215,NORMAL,0.34002373542370673,0.3311391368650234,0.0,0.47380105178129894,0.4848321092916778,0.0,25,True,,,LONG_SUCCESS,False,0.00028851991133294064,0.56,0.44
expanding,2015,2015-10-17T00:00:00Z,36239,VOLATILITY_CONTRACTION,0.33244904122108865,0.32578043531854994,0.0,0.49616423503030194,0.42615084857853713,0.0,25,True,,,LONG_SUCCESS,False,0.0005525061883504545,0.64,0.36
expanding,2015,2015-10-20T00:00:00Z,36263,NORMAL,0.3492684335665824,0.3311777315203338,0.0,0.47995825126523173,0.47885432440887826,0.0,25,True,,,SHORT_SUCCESS,False,-0.0005142506539247416,0.4,0.6
expanding,2015,2015-10-21T00:00:00Z,36287,NORMAL,0.3436671017746255,0.32784442736067987,0.0,0.4695151136162279,0.4874650340021297,0.0,25,True,,,LONG_SUCCESS,False,5.647970600919372e-05,0.52,0.48
expanding,2015,2015-10-22T00:00:00Z,36311,NORMAL,0.3225499975249487,0.3447555062001963,0.0,0.4408748421632515,0.48453659864078324,0.0,25,True,,,LONG_SUCCESS,False,0.00025099227713831773,0.52,0.48
expanding,2015,2015-10-23T00:00:00Z,36335,NORMAL,0.36251498821147965,0.31109538946663545,0.0,0.4082955457749179,0.5527449265278257,0.0,25,True,,,SHORT_SUCCESS,False,0.0010231759253847006,0.56,0.44
expanding,2015,2015-10-24T00:00:00Z,36359,VOLATILITY_CONTRACTION,0.30760725380400944,0.36480703611993137,0.0,0.479280378052654,0.5207196219473463,0.0,25,True,,,SHORT_SUCCESS,False,0.00011536421837887723,0.52,0.48
expanding,2015,2015-10-27T00:00:00Z,36383,VOLATILITY_CONTRACTION,0.32226439472499646,0.3453511422632804,0.0,0.31736986998865313,0.6450226009356397,0.0,25,True,,,SHORT_SUCCESS,False,-0.0003537718846209348,0.48,0.52
expanding,2015,2015-10-28T00:00:00Z,36407,NORMAL,0.3176083182852338,0.350557286148082,0.0,0.23709799918639224,0.7629020008136078,0.0,25,True,,,LONG_SUCCESS,False,-0.0006628815066084259,0.32,0.68
expanding,2015,2015-10-29T00:00:00Z,36431,LOW_VOLATILITY_RANGE,0.32518905084351607,0.3354231407374863,0.0,0.36573667673379,0.598116020499345,0.0,25,True,,,SHORT_SUCCESS,False,0.0006589023019032414,0.76,0.24
expanding,2015,2015-10-30T00:00:00Z,36455,NORMAL,0.3105051979218164,0.35580115402732254,0.0,0.28924684099350917,0.6342738185024167,0.0,25,True,,,LONG_SUCCESS,False,0.00017735381614558676,0.56,0.44
expanding,2015,2015-10-31T00:00:00Z,36479,NORMAL,0.31097751120008554,0.34434320479624,0.0,0.4901418438579056,0.42791340064470856,0.0,25,True,,,LONG_SUCCESS,False,-0.0003886956801254504,0.4,0.6
expanding,2015,2015-11-03T00:00:00Z,36503,NORMAL,0.3328233721233372,0.3338450814910761,0.0,0.39192111653080913,0.5280556697604706,0.0,25,True,,,SHORT_SUCCESS,False,-0.0002724938998812654,0.36,0.64
expanding,2015,2015-11-04T00:00:00Z,36527,NORMAL,0.32716414813508976,0.33881742409520477,0.0,0.4399708562839953,0.43232151871704944,0.0,25,True,,,LONG_SUCCESS,False,0.0005423132899582406,0.56,0.44
expanding,2015,2015-11-05T00:00:00Z,36551,NORMAL,0.33629172961196546,0.3285298916449891,0.0,0.5998012228296713,0.324070938710357,0.0,25,True,,,SHORT_SUCCESS,False,0.0004959171415570562,0.64,0.36
expanding,2015,2015-11-06T00:00:00Z,36575,NORMAL,0.3269367872377611,0.3327316391732289,0.0,0.31876002731235126,0.6812399726876488,0.0,25,True,,,LONG_SUCCESS,False,-0.0007424994783140626,0.4,0.6
expanding,2015,2015-11-07T00:00:00Z,36599,NORMAL,0.3495195556067833,0.3334266462865963,0.0,0.5578126108859602,0.44218738911403954,0.0,25,True,,,SHORT_SUCCESS,False,0.0003622367361988399,0.68,0.32
expanding,2015,2015-11-10T00:00:00Z,36623,NORMAL,0.34389621619571814,0.3344015646181298,0.0,0.4542678880306738,0.506189242268952,0.0,25,True,,,SHORT_SUCCESS,False,-0.00015780086043093444,0.44,0.56
expanding,2015,2015-11-11T00:00:00Z,36647,VOLATILITY_EXPANSION,0.3480701988956784,0.3245540933544755,0.0,0.6026712426694358,0.35591797936430947,0.0,25,True,,,SHORT_SUCCESS,False,0.0004959171415570562,0.6,0.4
expanding,2015,2015-11-12T00:00:00Z,36671,NORMAL,0.3399802857719327,0.32926545074405816,0.0,0.5585804418458137,0.39993994444010567,0.0,25,True,,,SHORT_SUCCESS,False,0.0007081475131078818,0.72,0.28
expanding,2015,2015-11-13T00:00:00Z,36695,NORMAL,0.34800944727757455,0.32517521145445427,0.0,0.402534635545848,0.5566203349671952,0.0,25,True,,,LONG_SUCCESS,False,0.0005142394585599952,0.64,0.36
expanding,2015,2015-11-14T00:00:00Z,36719,NORMAL,0.32593776685896736,0.3519541170338721,0.0,0.5202261583996365,0.47977384160036346,0.0,25,True,,,SHORT_SUCCESS,False,0.00011756467665580139,0.52,0.48
expanding,2015,2015-11-17T00:00:00Z,36743,VOLATILITY_CONTRACTION,0.36173419632127496,0.33256844951904846,0.0,0.44972621253586165,0.5030344196090787,0.0,25,True,,,LONG_SUCCESS,False,-0.00034341124451264804,0.44,0.56
expanding,2015,2015-11-18T00:00:00Z,36767,VOLATILITY_CONTRACTION,0.34131551925656306,0.34195701286388097,0.0,0.501729660374471,0.498270339625529,0.0,25,True,,,SHORT_SUCCESS,False,0.0002488929398196671,0.56,0.44
expanding,2015,2015-11-19T00:00:00Z,36791,LOW_VOLATILITY_RANGE,0.32500747460164403,0.33596311249010974,0.0,0.45083539222284724,0.4706613753714007,0.0,25,True,,,LONG_SUCCESS,False,-0.0001262744039511876,0.48,0.52
expanding,2015,2015-11-20T00:00:00Z,36815,NORMAL,0.34244028657219217,0.3297876749646891,0.0,0.4849441187089274,0.4772476798419509,0.0,25,True,,,SHORT_SUCCESS,False,-0.0002958047568897282,0.4,0.6
expanding,2015,2015-11-21T00:00:00Z,36839,NORMAL,0.3423141082861548,0.3154440658028693,0.0,0.4014535093220998,0.5554269252355505,0.0,25,True,,,LONG_SUCCESS,False,6.922491051208901e-05,0.56,0.44
expanding,2015,2015-11-24T00:00:00Z,36863,NORMAL,0.3306951614158457,0.3358863133330112,0.0,0.4436840983335809,0.5176238582432348,0.0,25,True,,,LONG_SUCCESS,False,-0.00015780086043093444,0.44,0.56
expanding,2015,2015-11-25T00:00:00Z,36887,NORMAL,0.34105512073720506,0.3233635508627597,0.0,0.562467049134431,0.3903929192583954,0.0,25,True,,,SHORT_SUCCESS,False,-0.00014103228864748019,0.48,0.52
expanding,2015,2015-11-26T00:00:00Z,36911,HIGH_VOLATILITY,0.3458580013146847,0.32713058272285406,0.0,0.7157331967524903,0.2000492476574065,0.0,25,True,,,SHORT_SUCCESS,False,0.0015172617775054409,0.64,0.36
expanding,2015,2015-11-27T00:00:00Z,36935,NORMAL,0.34076827370754087,0.3345198078160879,0.0,0.4493775549125266,0.5145028534694571,0.0,25,True,,,SHORT_SUCCESS,False,0.0003319349493717816,0.56,0.44
expanding,2015,2015-11-28T00:00:00Z,36959,HIGH_VOLATILITY,0.3200728503443594,0.35068196762448073,0.0,0.2624998922344152,0.6968752668778719,0.0,25,True,,,LONG_SUCCESS,False,-0.00017290138957493095,0.36,0.64
expanding,2015,2015-12-01T00:00:00Z,36983,VOLATILITY_CONTRACTION,0.34032512356456646,0.3444031524379393,0.0,0.3604704914954232,0.5614475627390125,0.0,25,True,,,SHORT_SUCCESS,False,-0.0003788763989753807,0.44,0.56
expanding,2015,2015-12-02T00:00:00Z,37007,VOLATILITY_CONTRACTION,0.3347490838244633,0.3325130680801083,0.0,0.4997338609482953,0.4646128714845902,0.0,25,True,,,LONG_SUCCESS,False,-0.00034111773198652884,0.48,0.52
expanding,2015,2015-12-03T00:00:00Z,37031,TRENDING,0.35188947491385203,0.32249268723925006,0.0,0.23171710452879038,0.691485626081324,0.0,25,True,,,LONG_SUCCESS,False,-0.000143853167721808,0.4,0.6
expanding,2015,2015-12-04T00:00:00Z,37055,VOLATILITY_EXPANSION,0.33237651622106174,0.3378286711958412,0.0,0.5623876456186526,0.4376123543813472,0.0,25,True,,,SHORT_SUCCESS,False,0.00017569234142689183,0.52,0.48
expanding,2015,2015-12-05T00:00:00Z,37079,VOLATILITY_EXPANSION,0.3339273504283613,0.33387044424843415,0.0,0.559610271635924,0.3974297240029978,0.0,25,True,,,SHORT_SUCCESS,False,1.7778193859285807e-06,0.52,0.48
expanding,2015,2015-12-08T00:00:00Z,37103,NORMAL,0.37493546122629706,0.31263847514732224,0.0,0.5588028078149075,0.4411971921850925,0.0,25,True,,,LONG_SUCCESS,False,0.0003123458459963757,0.6,0.4
expanding,2015,2015-12-09T00:00:00Z,37127,NORMAL,0.3455534660697348,0.33916906757731197,0.0,0.5619850575392953,0.3607587560672676,0.0,25,True,,,SHORT_SUCCESS,False,0.0003072612849477352,0.52,0.48
expanding,2015,2015-12-10T00:00:00Z,37151,NORMAL,0.31167152929191727,0.34327857855423993,0.0,0.2880053695539741,0.6744162601543209,0.0,25,True,,,LONG_SUCCESS,False,0.0003144009059248276,0.52,0.48
expanding,2015,2015-12-11T00:00:00Z,37175,HIGH_VOLATILITY,0.3331441924460567,0.33605550721756083,0.0,0.6261601570784969,0.3344964088153379,0.0,25,True,,,SHORT_SUCCESS,False,0.00019836542737738938,0.52,0.48
expanding,2015,2015-12-12T00:00:00Z,37199,NORMAL,0.3430886865620142,0.32408442626643,0.0,0.40116120341211703,0.5530275044322964,0.0,25,True,,,SHORT_SUCCESS,False,-0.0005592730615213704,0.4,0.6
expanding,2015,2015-12-15T00:00:00Z,37223,NORMAL,0.33865502215818066,0.34100709229392384,0.0,0.4747972743136406,0.44497674907222584,0.0,25,True,,,LONG_SUCCESS,False,-0.0004536699660329102,0.44,0.56
expanding,2015,2015-12-16T00:00:00Z,37247,NORMAL,0.3443587080807061,0.33088697658076155,0.0,0.5595050119392447,0.3544190492390325,0.0,25,True,,,LONG_SUCCESS,False,0.0006967332253773328,0.6,0.4
expanding,2015,2015-12-17T00:00:00Z,37271,NORMAL,0.3182102648785882,0.34608227800782465,0.0,0.314435054286984,0.5926973274638163,0.0,25,True,,,SHORT_SUCCESS,False,0.00044327481018191506,0.56,0.44
expanding,2015,2015-12-18T00:00:00Z,37295,NORMAL,0.3360266899676662,0.3303526393791405,0.0,0.3489556372426479,0.5718497753639276,0.0,25,True,,,LONG_SUCCESS,False,0.0007726993990868625,0.64,0.36
expanding,2015,2015-12-19T00:00:00Z,37319,NORMAL,0.31966699295045026,0.34353712088585603,0.0,0.4859718825548974,0.361630686066058,0.0,25,True,,,LONG_SUCCESS,False,-0.0001798999492719222,0.44,0.56
expanding,2015,2015-12-22T00:00:00Z,37343,NORMAL,0.3391847973648011,0.33825006252143336,0.0,0.6303562864754437,0.32781646634063283,0.0,25,True,,,LONG_SUCCESS,False,-0.00015780086043093444,0.48,0.52
expanding,2015,2015-12-23T00:00:00Z,37367,NORMAL,0.32663414900336757,0.34059161345507843,0.0,0.6020497258139551,0.32142449767592945,0.0,25,True,,,LONG_SUCCESS,False,0.0010219840428311588,0.56,0.44
expanding,2015,2015-12-24T00:00:00Z,37391,NORMAL,0.3317317380845407,0.33194535438746164,0.0,0.599433021039062,0.2837564249834486,0.0,25,True,,,LONG_SUCCESS,False,0.00019058624153078796,0.56,0.44
expanding,2015,2015-12-25T00:00:00Z,37415,NORMAL,0.32751588246658064,0.3497398059108328,0.0,0.3994179153763861,0.6005820846236143,0.0,25,True,,,LONG_SUCCESS,False,0.00026301698318142996,0.6,0.4
expanding,2015,2015-12-26T00:00:00Z,37439,VOLATILITY_CONTRACTION,0.3217858440028875,0.3502077991428677,0.0,0.6429970705517355,0.3168249807468206,0.0,25,True,,,LONG_SUCCESS,False,-0.00039174584712642346,0.4,0.6
expanding,2015,2015-12-29T00:00:00Z,37463,VOLATILITY_CONTRACTION,0.3247231081587757,0.3454667211929342,0.0,0.47468622144026257,0.5253137785597376,0.0,25,True,,,LONG_SUCCESS,False,0.00016870519197520473,0.64,0.36
expanding,2015,2015-12-30T00:00:00Z,37487,NORMAL,0.3252513676805083,0.3490671161288992,0.0,0.5150521933520482,0.4849478066479518,0.0,25,True,,,LONG_SUCCESS,False,-4.787318843613164e-05,0.48,0.52
expanding,2015,2015-12-31T00:00:00Z,37511,NORMAL,0.36359396733552873,0.3149363650400758,0.0,0.444409388528031,0.48108662074145664,0.0,25,True,,,LONG_SUCCESS,False,-0.00034341124451264804,0.36,0.64
rolling,2015,2015-01-01T00:00:00Z,31271,NORMAL,0.3219374544598091,0.3379615447792931,0.0,0.6905747111734732,0.1944573197076859,0.0,25,True,,,LONG_SUCCESS,False,0.00012915531987101048,0.52,0.48
rolling,2015,2015-01-02T00:00:00Z,31295,NORMAL,0.34495396218515595,0.32348070069613954,0.0,0.40271232286163816,0.5556045065225991,0.0,25,True,,,SHORT_SUCCESS,False,0.0007748419544564289,0.56,0.44
rolling,2015,2015-01-03T00:00:00Z,31319,NORMAL,0.3437339586538964,0.332630359392014,0.0,0.3546197556563067,0.6042391991920872,0.0,25,True,,,LONG_SUCCESS,False,0.00028851991133294064,0.64,0.36
rolling,2015,2015-01-06T00:00:00Z,31343,HIGH_VOLATILITY,0.34330819780396227,0.3369455992918117,0.0,0.5094293460115512,0.4905706539884492,0.0,25,True,,,SHORT_SUCCESS,False,0.0005973922773492291,0.56,0.44
rolling,2015,2015-01-07T00:00:00Z,31367,HIGH_VOLATILITY,0.3564846693162218,0.31099477628596506,0.0,0.5629961426238441,0.39697302590808187,0.0,25,True,,,SHORT_SUCCESS,False,0.0010563855799867738,0.72,0.28
rolling,2015,2015-01-08T00:00:00Z,31391,HIGH_VOLATILITY,0.3386409606526999,0.3303584837731874,0.0,0.5551700056810808,0.44482999431891934,0.0,25,True,,,SHORT_SUCCESS,False,0.00030507957162773103,0.6,0.4
rolling,2015,2015-01-09T00:00:00Z,31415,HIGH_VOLATILITY,0.33977551809703616,0.329344363009964,0.0,0.6502127723534599,0.2735371353244192,0.0,25,True,,,LONG_SUCCESS,False,0.0012553342017171953,0.76,0.24
rolling,2015,2015-01-10T00:00:00Z,31439,VOLATILITY_CONTRACTION,0.33126833257224986,0.33513504517316095,0.0,0.47781996784788056,0.4696313465606755,0.0,25,True,,,LONG_SUCCESS,False,0.00037732983848237645,0.64,0.36
rolling,2015,2015-01-13T00:00:00Z,31463,NORMAL,0.33522402733427803,0.34237069710068757,0.0,0.4427243587452113,0.5200797608737955,0.0,25,True,,,SHORT_SUCCESS,False,-0.0005484146366395715,0.4,0.6
rolling,2015,2015-01-14T00:00:00Z,31487,NORMAL,0.32689267410793804,0.3403470349818157,0.0,0.6094342986053185,0.35079990234207414,0.0,25,True,,,LONG_SUCCESS,False,6.143843152761619e-05,0.52,0.48
rolling,2015,2015-01-15T00:00:00Z,31511,NORMAL,0.34679265771596607,0.31638654552624706,0.0,0.47562379197846905,0.48696038093810373,0.0,25,True,,,LONG_SUCCESS,False,0.0009030398227869441,0.8,0.2
rolling,2015,2015-01-16T00:00:00Z,31535,NORMAL,0.3519041591263456,0.314396164528246,0.0,0.479846750108326,0.4811002996790251,0.0,25,True,,,LONG_SUCCESS,False,-0.0003246657241360307,0.48,0.52
rolling,2015,2015-01-17T00:00:00Z,31559,NORMAL,0.32168552411294044,0.34479671097073866,0.0,0.4735011526176226,0.48958440890702465,0.0,25,True,,,SHORT_SUCCESS,False,0.0005982294619693018,0.6,0.4
rolling,2015,2015-01-20T00:00:00Z,31583,VOLATILITY_CONTRACTION,0.3243883715336103,0.34748937245843003,0.0,0.2437533908649449,0.7190584589177552,0.0,25,True,,,SHORT_SUCCESS,False,-0.00031132045470372294,0.48,0.52
rolling,2015,2015-01-21T00:00:00Z,31607,NORMAL,0.3277615145587058,0.33985350607313375,0.0,0.5581339747909042,0.40446526674011357,0.0,25,True,,,SHORT_SUCCESS,False,0.0010049741535438361,0.6,0.4
rolling,2015,2015-01-22T00:00:00Z,31631,NORMAL,0.3328861812809954,0.32644132396084957,0.0,0.47349609270534543,0.5265039072946545,0.0,25,True,,,LONG_SUCCESS,False,0.0005834516085641006,0.72,0.28
rolling,2015,2015-01-23T00:00:00Z,31655,NORMAL,0.3289563683960267,0.3371184465700794,0.0,0.44713730782044514,0.46838574414107803,0.0,25,True,,,LONG_SUCCESS,False,0.00014580246433038013,0.52,0.48
rolling,2015,2015-01-24T00:00:00Z,31679,NORMAL,0.3272481326052549,0.33787807503865436,0.0,0.6442414262971691,0.35575857370283115,0.0,25,True,,,SHORT_SUCCESS,False,0.00028851991133294064,0.56,0.44
rolling,2015,2015-01-27T00:00:00Z,31703,VOLATILITY_EXPANSION,0.33331715737385503,0.3482545082719469,0.0,0.5612601124619503,0.39997773121919933,0.0,25,True,,,SHORT_SUCCESS,False,-8.845940134138974e-05,0.48,0.52
rolling,2015,2015-01-28T00:00:00Z,31727,NORMAL,0.3078021625399697,0.36324656816406076,0.0,0.3997478036151043,0.5539268882955778,0.0,25,True,,,LONG_SUCCESS,False,0.0005915807373604309,0.64,0.36
rolling,2015,2015-01-29T00:00:00Z,31751,VOLATILITY_CONTRACTION,0.3130320922032633,0.3515814635840074,0.0,0.2460860373898404,0.6336537603954313,0.0,25,True,,,AMBIGUOUS_PATH,False,-8.802945950781016e-05,0.44,0.56
rolling,2015,2015-01-30T00:00:00Z,31775,HIGH_VOLATILITY,0.3263374496779036,0.3390916167598491,0.0,0.5587680136415019,0.3667773653367126,0.0,25,True,,,LONG_SUCCESS,False,0.0014279770666185687,0.72,0.28
rolling,2015,2015-01-31T00:00:00Z,31799,NORMAL,0.32488611695114866,0.3279030676033252,0.0,0.484389333704582,0.3218738504055364,0.0,25,True,,,LONG_SUCCESS,False,0.0005940797982739721,0.64,0.36
rolling,2015,2015-02-03T00:00:00Z,31823,HIGH_VOLATILITY,0.3395647435936413,0.342352825449531,0.0,0.44696813186591333,0.5530318681340868,0.0,25,True,,,SHORT_SUCCESS,False,-0.0001798999492719222,0.44,0.56
rolling,2015,2015-02-04T00:00:00Z,31847,NORMAL,0.3494572310095442,0.3309757164257224,0.0,0.4350832210917547,0.5221157368932804,0.0,25,True,,,SHORT_SUCCESS,False,-7.257765660362292e-05,0.48,0.52
rolling,2015,2015-02-05T00:00:00Z,31871,NORMAL,0.34573300798018436,0.325809805337401,0.0,0.5004675751403425,0.4600917414714046,0.0,25,True,,,LONG_SUCCESS,False,0.0004974242917301641,0.56,0.44
rolling,2015,2015-02-06T00:00:00Z,31895,TRENDING,0.34478948378985164,0.31076683290629,0.0,0.5564761375861419,0.4030033226832187,0.0,25,True,,,SHORT_SUCCESS,False,0.001074804070557711,0.68,0.32
rolling,2015,2015-02-07T00:00:00Z,31919,VOLATILITY_EXPANSION,0.3477711593340968,0.3194932428041555,0.0,0.4327762765011323,0.5304831744418435,0.0,25,True,,,AMBIGUOUS_PATH,False,-0.00023256638101842864,0.48,0.52
rolling,2015,2015-02-10T00:00:00Z,31943,VOLATILITY_EXPANSION,0.3651155194255702,0.31479242268958596,0.0,0.6388718105613161,0.3611281894386844,0.0,25,True,,,SHORT_SUCCESS,False,0.0004065184011556866,0.6,0.4
rolling,2015,2015-02-11T00:00:00Z,31967,HIGH_VOLATILITY,0.33091974126422347,0.3450115628495481,0.0,0.41261946763742435,0.5485108573275631,0.0,25,True,,,LONG_SUCCESS,False,-0.0005540305535229884,0.4,0.6
rolling,2015,2015-02-12T00:00:00Z,31991,HIGH_VOLATILITY,0.3463453807150897,0.32558564578621374,0.0,0.5378167631871779,0.4251602299338061,0.0,25,True,,,LONG_SUCCESS,False,0.00047045984439320065,0.6,0.4
rolling,2015,2015-02-13T00:00:00Z,32015,HIGH_VOLATILITY,0.3513284589863588,0.32009013942456616,0.0,0.5542320773982102,0.4457679226017898,0.0,25,True,,,SHORT_SUCCESS,False,0.0005489639315567896,0.6,0.4
rolling,2015,2015-02-14T00:00:00Z,32039,NORMAL,0.32029647371776176,0.34342098961051515,0.0,0.3929924797417813,0.5276082049195577,0.0,25,True,,,SHORT_SUCCESS,False,-0.0005938520567116967,0.44,0.56
rolling,2015,2015-02-17T00:00:00Z,32063,NORMAL,0.32886712749453406,0.33968343622984426,0.0,0.5747052196586419,0.3489255086157399,0.0,25,True,,,AMBIGUOUS_PATH,False,4.6502168648432374e-05,0.52,0.48
rolling,2015,2015-02-18T00:00:00Z,32087,HIGH_VOLATILITY,0.35588612608975634,0.31634583099406993,0.0,0.6528969802189779,0.30817160709785935,0.0,25,True,,,SHORT_SUCCESS,False,0.0006514757230873247,0.68,0.32
rolling,2015,2015-02-19T00:00:00Z,32111,HIGH_VOLATILITY,0.34585160715047314,0.3257603359657994,0.0,0.570558900828608,0.42944109917139217,0.0,25,True,,,LONG_SUCCESS,False,0.00037083689241845796,0.64,0.36
rolling,2015,2015-02-20T00:00:00Z,32135,HIGH_VOLATILITY,0.33409713560045057,0.332551633713276,0.0,0.4750740136687604,0.4861828607064018,0.0,25,True,,,LONG_SUCCESS,False,-7.302209055959352e-05,0.48,0.52
rolling,2015,2015-02-21T00:00:00Z,32159,VOLATILITY_EXPANSION,0.3671688214960428,0.318196253640986,0.0,0.6178102247242374,0.38218977527576253,0.0,25,True,,,LONG_SUCCESS,False,-0.0001595624852080979,0.44,0.56
rolling,2015,2015-02-24T00:00:00Z,32183,NORMAL,0.3447174047821334,0.33346755508317405,0.0,0.5171538493992629,0.44416184741645653,0.0,25,True,,,LONG_SUCCESS,False,-0.0005918729782092846,0.28,0.72
rolling,2015,2015-02-25T00:00:00Z,32207,HIGH_VOLATILITY,0.377160777532628,0.31391769510372447,0.0,0.6737044768503938,0.28955049351254264,0.0,25,True,,,SHORT_SUCCESS,False,0.0011986552397715844,0.76,0.24
rolling,2015,2015-02-26T00:00:00Z,32231,NORMAL,0.34438410412455794,0.33061267809500733,0.0,0.5563737022874498,0.4049646693648528,0.0,25,True,,,LONG_SUCCESS,False,0.0007231330804042813,0.76,0.24
rolling,2015,2015-02-27T00:00:00Z,32255,NORMAL,0.3432424148157078,0.3338121053779919,0.0,0.6372551555562671,0.2846319106108036,0.0,25,True,,,SHORT_SUCCESS,False,0.0007482795622171245,0.64,0.36
rolling,2015,2015-02-28T00:00:00Z,32279,NORMAL,0.32493110262402264,0.355747012798091,0.0,0.23424807015011143,0.7262370306514528,0.0,25,True,,,SHORT_SUCCESS,False,0.00026030625123474316,0.52,0.48
rolling,2015,2015-03-03T00:00:00Z,32303,NORMAL,0.32262396262059134,0.3490614096992702,0.0,0.39361742459679105,0.5282835215203853,0.0,25,True,,,SHORT_SUCCESS,False,-0.00020582983374750619,0.44,0.56
rolling,2015,2015-03-04T00:00:00Z,32327,VOLATILITY_CONTRACTION,0.31822084069416173,0.3493272570579534,0.0,0.27810321025557333,0.7218967897444268,0.0,25,True,,,LONG_SUCCESS,False,-0.0005108647364961971,0.4,0.6
rolling,2015,2015-03-05T00:00:00Z,32351,TRENDING,0.3457882000177566,0.327259141423086,0.0,0.5227291172831794,0.4381555499832682,0.0,25,True,,,LONG_SUCCESS,False,-0.0001595624852080979,0.44,0.56
rolling,2015,2015-03-06T00:00:00Z,32375,NORMAL,0.36873072718049554,0.3092423894307187,0.0,0.564018587177938,0.43598141282206204,0.0,25,True,,,SHORT_SUCCESS,False,-0.000143853167721808,0.44,0.56
rolling,2015,2015-03-07T00:00:00Z,32399,NORMAL,0.33293761930188565,0.3361070444249971,0.0,0.4310058791047082,0.49062456321629005,0.0,25,True,,,LONG_SUCCESS,False,0.0002460511668402887,0.6,0.4
rolling,2015,2015-03-10T00:00:00Z,32423,NORMAL,0.37097737651571583,0.32267914142582493,0.0,0.47773337570775326,0.4751211176707369,0.0,25,True,,,LONG_SUCCESS,False,-0.0005624313512037071,0.4,0.6
rolling,2015,2015-03-11T00:00:00Z,32447,VOLATILITY_CONTRACTION,0.3674693305013468,0.3192017093428971,0.0,0.5649222760239557,0.3939645942510578,0.0,25,True,,,SHORT_SUCCESS,False,-0.00019368003165110004,0.44,0.56
rolling,2015,2015-03-12T00:00:00Z,32471,NORMAL,0.35105158742424125,0.3287270878888484,0.0,0.5188188739758508,0.4811811260241494,0.0,25,True,,,SHORT_SUCCESS,False,-0.00025112203619936935,0.4,0.6
rolling,2015,2015-03-13T00:00:00Z,32495,LOW_VOLATILITY_RANGE,0.3296638503130204,0.34095591977539125,0.0,0.47132458218765144,0.4894002784149593,0.0,25,True,,,SHORT_SUCCESS,False,-0.00017509235441171,0.48,0.52
rolling,2015,2015-03-14T00:00:00Z,32519,NORMAL,0.31208328654413076,0.3568605544738701,0.0,0.3845074989047161,0.6154925010952838,0.0,25,True,,,SHORT_SUCCESS,False,0.00028135583100863393,0.68,0.32
rolling,2015,2015-03-17T00:00:00Z,32543,NORMAL,0.3185241939724092,0.349572812643439,0.0,0.610021881350472,0.38997811864952797,0.0,25,True,,,LONG_SUCCESS,False,-0.0003345612893544958,0.4,0.6
rolling,2015,2015-03-18T00:00:00Z,32567,NORMAL,0.35441548509600246,0.3265478541178935,0.0,0.4724165574628735,0.44271217030564913,0.0,25,True,,,SHORT_SUCCESS,False,-0.0004262778511432419,0.36,0.64
rolling,2015,2015-03-19T00:00:00Z,32591,NORMAL,0.3365920689309892,0.33542937855847516,0.0,0.47347610032608817,0.4491641953090346,0.0,25,True,,,SHORT_SUCCESS,False,0.00032732473134688966,0.6,0.4
rolling,2015,2015-03-20T00:00:00Z,32615,NORMAL,0.3146865342975284,0.35201078615167936,0.0,0.4401252793584008,0.5199212784555567,0.0,25,True,,,LONG_SUCCESS,False,0.00032587085037305563,0.6,0.4
rolling,2015,2015-03-21T00:00:00Z,32639,NORMAL,0.33600428505448315,0.3343645387831706,0.0,0.36220079122125715,0.5889621207404335,0.0,25,True,,,SHORT_SUCCESS,False,6.922491051208901e-05,0.56,0.44
rolling,2015,2015-03-24T00:00:00Z,32663,VOLATILITY_CONTRACTION,0.319416751820988,0.3445411646491214,0.0,0.3683491231032268,0.5505370870995234,0.0,25,True,,,LONG_SUCCESS,False,0.00032732473134688966,0.68,0.32
rolling,2015,2015-03-25T00:00:00Z,32687,NORMAL,0.32847925523540533,0.3307787198634288,0.0,0.4397583273772106,0.5187849183084264,0.0,25,True,,,SHORT_SUCCESS,False,0.00032732473134688966,0.72,0.28
rolling,2015,2015-03-26T00:00:00Z,32711,NORMAL,0.3079348359157062,0.344388716165503,0.0,0.3806007171428922,0.5190710593859448,0.0,25,True,,,SHORT_SUCCESS,False,0.00025099227713831773,0.52,0.48
rolling,2015,2015-03-27T00:00:00Z,32735,NORMAL,0.32364693581394605,0.33483877738474965,0.0,0.597276568880841,0.3658288538295844,0.0,25,True,,,LONG_SUCCESS,False,0.0011995498207422184,0.68,0.32
rolling,2015,2015-03-28T00:00:00Z,32759,NORMAL,0.3318624254289575,0.328381033875269,0.0,0.4742747313271475,0.48560260464089894,0.0,25,True,,,LONG_SUCCESS,False,0.0002303160279004679,0.56,0.44
rolling,2015,2015-03-31T00:00:00Z,32783,TRENDING,0.34193598138398035,0.33321712814939836,0.0,0.42773561261109144,0.5340566386309334,0.0,25,True,,,SHORT_SUCCESS,False,0.00022036475167452885,0.56,0.44
rolling,2015,2015-04-01T00:00:00Z,32807,NORMAL,0.3477385259403869,0.328095275357094,0.0,0.566206807037904,0.43379319296209606,0.0,25,True,,,SHORT_SUCCESS,False,0.00047045984439320065,0.52,0.48
rolling,2015,2015-04-02T00:00:00Z,32831,NORMAL,0.336552963478037,0.32884185684657585,0.0,0.5674063736722305,0.39346325888610123,0.0,25,True,,,LONG_SUCCESS,False,0.0004459612120633061,0.64,0.36
rolling,2015,2015-04-03T00:00:00Z,32855,NORMAL,0.3549802360379722,0.31703314310152975,0.0,0.47874465398064225,0.5212553460193576,0.0,25,True,,,SHORT_SUCCESS,False,0.0011986552397715844,0.64,0.36
rolling,2015,2015-04-04T00:00:00Z,32879,TRENDING,0.3403020786800215,0.3244362254190941,0.0,0.3868761558382359,0.5755667624662424,0.0,25,True,,,SHORT_SUCCESS,False,4.577454271359471e-05,0.52,0.48
rolling,2015,2015-04-07T00:00:00Z,32903,HIGH_VOLATILITY,0.3289675225481044,0.3398863395782483,0.0,0.6785686583333261,0.321431341666674,0.0,25,True,,,LONG_SUCCESS,False,0.000751147801504759,0.6,0.4
rolling,2015,2015-04-08T00:00:00Z,32927,NORMAL,0.3518180365329571,0.32948017875960395,0.0,0.5990174683682783,0.3632330402584421,0.0,25,True,,,SHORT_SUCCESS,False,-0.0006224031481252279,0.36,0.64
rolling,2015,2015-04-09T00:00:00Z,32951,NORMAL,0.3377023463123676,0.3260596493458373,0.0,0.4436117437256081,0.4801996895429948,0.0,25,True,,,SHORT_SUCCESS,False,-0.00018665374645387978,0.48,0.52
rolling,2015,2015-04-10T00:00:00Z,32975,VOLATILITY_EXPANSION,0.3352008040798557,0.3295895213062073,0.0,0.5179438484519346,0.44434314329455626,0.0,25,True,,,SHORT_SUCCESS,False,0.0004606061653862348,0.6,0.4
rolling,2015,2015-04-11T00:00:00Z,32999,HIGH_VOLATILITY,0.3594403865913869,0.3187090899503407,0.0,0.5734123523766662,0.4265876476233341,0.0,25,True,,,LONG_SUCCESS,False,4.577454271359471e-05,0.52,0.48
rolling,2015,2015-04-14T00:00:00Z,33023,NORMAL,0.3470877288802321,0.33095826119258265,0.0,0.36910808844859117,0.5880387796100829,0.0,25,True,,,SHORT_SUCCESS,False,-0.00012526418013325546,0.48,0.52
rolling,2015,2015-04-15T00:00:00Z,33047,VOLATILITY_CONTRACTION,0.3505311585776946,0.3211329909722421,0.0,0.43522904452487204,0.5267237341030495,0.0,25,True,,,LONG_SUCCESS,False,-1.0448980872435065e-05,0.48,0.52
rolling,2015,2015-04-16T00:00:00Z,33071,NORMAL,0.3223438953338525,0.348749432813231,0.0,0.3938920717984007,0.5248007984927004,0.0,25,True,,,SHORT_SUCCESS,False,0.000751147801504759,0.64,0.36
rolling,2015,2015-04-17T00:00:00Z,33095,NORMAL,0.3295372754182035,0.3378664650876731,0.0,0.49191396596329773,0.4690781795626778,0.0,25,True,,,LONG_SUCCESS,False,0.0007679492326313486,0.64,0.36
rolling,2015,2015-04-18T00:00:00Z,33119,NORMAL,0.3214933283500817,0.34305665295876464,0.0,0.5155332403050819,0.48446675969491826,0.0,25,True,,,LONG_SUCCESS,False,0.0013508506034374257,0.64,0.36
rolling,2015,2015-04-21T00:00:00Z,33143,NORMAL,0.3180451015501228,0.355182119067036,0.0,0.5683372283692238,0.43166277163077604,0.0,25,True,,,SHORT_SUCCESS,False,-0.0001798999492719222,0.4,0.6
rolling,2015,2015-04-22T00:00:00Z,33167,HIGH_VOLATILITY,0.360541779924161,0.3053437540773533,0.0,0.6387427074351195,0.3612572925648805,0.0,25,True,,,LONG_SUCCESS,False,0.0004065184011556866,0.68,0.32
rolling,2015,2015-04-23T00:00:00Z,33191,HIGH_VOLATILITY,0.36976990450701525,0.31070579385560926,0.0,0.7129295611545818,0.2870704388454181,0.0,25,True,,,SHORT_SUCCESS,False,0.0012741507780700267,0.76,0.24
rolling,2015,2015-04-24T00:00:00Z,33215,NORMAL,0.3417304829865551,0.3194335453511488,0.0,0.365583743715988,0.634416256284012,0.0,25,True,,,LONG_SUCCESS,False,0.00038373541761171914,0.6,0.4
rolling,2015,2015-04-25T00:00:00Z,33239,HIGH_VOLATILITY,0.3331641897033976,0.33180833215712685,0.0,0.4996920928553658,0.41392950651485516,0.0,25,True,,,SHORT_SUCCESS,False,6.877970538154976e-05,0.52,0.48
rolling,2015,2015-04-28T00:00:00Z,33263,HIGH_VOLATILITY,0.3543446705793407,0.32535229569632906,0.0,0.5732232614506761,0.4267767385493237,0.0,25,True,,,LONG_SUCCESS,False,0.0008865428925128871,0.6,0.4
rolling,2015,2015-04-29T00:00:00Z,33287,HIGH_VOLATILITY,0.3709502764511732,0.32503153989487216,0.0,0.5162824829341643,0.4837175170658357,0.0,25,True,,,SHORT_SUCCESS,False,0.0008815372095347662,0.56,0.44
rolling,2015,2015-04-30T00:00:00Z,33311,NORMAL,0.33428883234523765,0.34497572287662226,0.0,0.5997679890568497,0.36249143442778115,0.0,25,True,,,SHORT_SUCCESS,False,0.0007209696424714807,0.72,0.28
rolling,2015,2015-05-01T00:00:00Z,33335,NORMAL,0.31838938222220925,0.3488866813147669,0.0,0.40630681892180914,0.5160497770846947,0.0,25,True,,,LONG_SUCCESS,False,-0.00018183178412245482,0.48,0.52
rolling,2015,2015-05-02T00:00:00Z,33359,NORMAL,0.32226164242478494,0.3396522907919718,0.0,0.43397865835464733,0.48955695248447917,0.0,25,True,,,SHORT_SUCCESS,False,-0.00046137150158742646,0.48,0.52
rolling,2015,2015-05-05T00:00:00Z,33383,NORMAL,0.3533410463248438,0.3279673168150059,0.0,0.4526928791303446,0.5016895406329844,0.0,25,True,,,LONG_SUCCESS,False,-0.0004536699660329102,0.44,0.56
rolling,2015,2015-05-06T00:00:00Z,33407,NORMAL,0.33956836113199645,0.3341136791002794,0.0,0.49279152184188657,0.5072084781581134,0.0,25,True,,,LONG_SUCCESS,False,-0.0005142506539247416,0.32,0.68
rolling,2015,2015-05-07T00:00:00Z,33431,HIGH_VOLATILITY,0.3328554246488504,0.33677890487853573,0.0,0.5202286430673577,0.4015319374858848,0.0,25,True,,,LONG_SUCCESS,False,0.0004959171415570562,0.6,0.4
rolling,2015,2015-05-08T00:00:00Z,33455,NORMAL,0.31596441256403446,0.3539412395448909,0.0,0.4118188916345907,0.5424023401789053,0.0,25,True,,,SHORT_SUCCESS,False,-4.787318843613164e-05,0.48,0.52
rolling,2015,2015-05-09T00:00:00Z,33479,NORMAL,0.3141153229322224,0.3594057088031134,0.0,0.39712280415378626,0.5661492753300899,0.0,25,True,,,LONG_SUCCESS,False,0.00026030625123474316,0.56,0.44
rolling,2015,2015-05-12T00:00:00Z,33503,NORMAL,0.3547131666019722,0.3255806659757942,0.0,0.5170681777885873,0.44655234404467686,0.0,25,True,,,LONG_SUCCESS,False,0.0004730390190010869,0.64,0.36
rolling,2015,2015-05-13T00:00:00Z,33527,VOLATILITY_CONTRACTION,0.3260267279717118,0.3556331080185333,0.0,0.3624874029742306,0.6375125970257691,0.0,25,True,,,SHORT_SUCCESS,False,0.0005033030971650643,0.56,0.44
rolling,2015,2015-05-14T00:00:00Z,33551,VOLATILITY_CONTRACTION,0.3129677888032418,0.3464756605815448,0.0,0.4393067636119369,0.5228085340308223,0.0,25,True,,,SHORT_SUCCESS,False,-0.0001262744039511876,0.44,0.56
rolling,2015,2015-05-15T00:00:00Z,33575,NORMAL,0.3380995945541984,0.32911840177914586,0.0,0.3562751178493406,0.5667740551588534,0.0,25,True,,,SHORT_SUCCESS,False,0.00018290910789908743,0.52,0.48
rolling,2015,2015-05-16T00:00:00Z,33599,TRENDING,0.3507056112152982,0.327658068641956,0.0,0.426687677909722,0.5733123220902779,0.0,25,True,,,SHORT_SUCCESS,False,-0.00036231630418936955,0.4,0.6
rolling,2015,2015-05-19T00:00:00Z,33623,NORMAL,0.3680158609633739,0.32044100065384107,0.0,0.5179569694635366,0.482043030536463,0.0,25,True,,,LONG_SUCCESS,False,0.0001354704968541398,0.56,0.44
rolling,2015,2015-05-20T00:00:00Z,33647,NORMAL,0.3440821492859233,0.3186734206998855,0.0,0.3629847509541294,0.5549034147234531,0.0,25,True,,,SHORT_SUCCESS,False,0.0003072612849477352,0.52,0.48
rolling,2015,2015-05-21T00:00:00Z,33671,HIGH_VOLATILITY,0.3360867698319721,0.32798933006253145,0.0,0.36062778808216694,0.483384443643215,0.0,25,True,,,LONG_SUCCESS,False,0.00019058624153078796,0.52,0.48
rolling,2015,2015-05-22T00:00:00Z,33695,NORMAL,0.32749370670102246,0.3387845196761292,0.0,0.5522741666324855,0.36907380689225466,0.0,25,True,,,SHORT_SUCCESS,False,0.00023479197722187095,0.56,0.44
rolling,2015,2015-05-23T00:00:00Z,33719,NORMAL,0.3213989739440322,0.35199680251996696,0.0,0.189886768438127,0.8101132315618731,0.0,25,True,,,LONG_SUCCESS,False,-0.00010673965321761347,0.44,0.56
rolling,2015,2015-05-26T00:00:00Z,33743,NORMAL,0.34511915374163554,0.33252944271857193,0.0,0.6057692875015054,0.3511762778703097,0.0,25,True,,,SHORT_SUCCESS,False,0.0003841376168747246,0.52,0.48
rolling,2015,2015-05-27T00:00:00Z,33767,NORMAL,0.3563816827340849,0.32485293589611774,0.0,0.40107855455717945,0.5989214454428203,0.0,25,True,,,SHORT_SUCCESS,False,-0.0003068048408191304,0.48,0.52
rolling,2015,2015-05-28T00:00:00Z,33791,NORMAL,0.353814959970357,0.3311833032167589,0.0,0.6797210190553136,0.32027898094468643,0.0,25,True,,,LONG_SUCCESS,False,-0.00011221562162111454,0.48,0.52
rolling,2015,2015-05-29T00:00:00Z,33815,LOW_VOLATILITY_RANGE,0.32874752764457393,0.33223931669624207,0.0,0.5941881532224569,0.3686742656372678,0.0,25,True,,,LONG_SUCCESS,False,0.00026022355958454924,0.52,0.48
rolling,2015,2015-05-30T00:00:00Z,33839,NORMAL,0.3258628871910821,0.33484811718554586,0.0,0.4302161464272437,0.4881187779446595,0.0,25,True,,,SHORT_SUCCESS,False,0.000961508890139795,0.76,0.24
rolling,2015,2015-06-02T00:00:00Z,33863,NORMAL,0.32100390526934414,0.356707379466587,0.0,0.5295896160866935,0.43193712998796624,0.0,25,True,,,LONG_SUCCESS,False,0.000902458386778493,0.6,0.4
rolling,2015,2015-06-03T00:00:00Z,33887,NORMAL,0.32046157508515294,0.3460403393490903,0.0,0.24971204947600695,0.7088333577099692,0.0,25,True,,,SHORT_SUCCESS,False,-5.159454436765021e-05,0.48,0.52
rolling,2015,2015-06-04T00:00:00Z,33911,TRENDING,0.3790269762738559,0.303742059109634,0.0,0.6204240995871872,0.379575900412813,0.0,25,True,,,LONG_SUCCESS,False,0.0008018053055833807,0.68,0.32
rolling,2015,2015-06-05T00:00:00Z,33935,VOLATILITY_EXPANSION,0.3611680070763481,0.3102315729231139,0.0,0.7117005553071958,0.2882994446928043,0.0,25,True,,,SHORT_SUCCESS,False,0.0013070510345549735,0.76,0.24
rolling,2015,2015-06-06T00:00:00Z,33959,HIGH_VOLATILITY,0.32341070581398684,0.340762364774738,0.0,0.5147660233506178,0.44662511504388974,0.0,25,True,,,AMBIGUOUS_PATH,False,-4.998031447611684e-05,0.48,0.52
rolling,2015,2015-06-09T00:00:00Z,33983,HIGH_VOLATILITY,0.33708387964435654,0.33867025637168513,0.0,0.5541692564290579,0.40255399887415877,0.0,25,True,,,LONG_SUCCESS,False,0.0005973922773492291,0.56,0.44
rolling,2015,2015-06-10T00:00:00Z,34007,HIGH_VOLATILITY,0.34882940387157474,0.3309450932280115,0.0,0.5523483275977967,0.3641582053074172,0.0,25,True,,,SHORT_SUCCESS,False,0.00035217968525880217,0.68,0.32
rolling,2015,2015-06-11T00:00:00Z,34031,NORMAL,0.3476959692296601,0.3285232535402175,0.0,0.6746562620275138,0.2832833640553496,0.0,25,True,,,LONG_SUCCESS,False,0.0004459612120633061,0.64,0.36
rolling,2015,2015-06-12T00:00:00Z,34055,NORMAL,0.3248907689507437,0.3350434767831093,0.0,0.48693109274262214,0.47212849147399405,0.0,25,True,,,SHORT_SUCCESS,False,0.00013779135115332686,0.6,0.4
rolling,2015,2015-06-13T00:00:00Z,34079,HIGH_VOLATILITY,0.32918759169288053,0.34263085274689636,0.0,0.5905280297456474,0.4094719702543527,0.0,25,True,,,LONG_SUCCESS,False,0.0012287505038117708,0.8,0.2
rolling,2015,2015-06-16T00:00:00Z,34103,NORMAL,0.35300753457387174,0.3356396888364579,0.0,0.7262006271759444,0.27379937282405586,0.0,25,True,,,LONG_SUCCESS,False,-0.00015780086043093444,0.44,0.56
rolling,2015,2015-06-17T00:00:00Z,34127,HIGH_VOLATILITY,0.3581015484147209,0.33109040130279954,0.0,0.478844929084671,0.5211550709153292,0.0,25,True,,,SHORT_SUCCESS,False,-0.0007520451264428907,0.32,0.68
rolling,2015,2015-06-18T00:00:00Z,34151,VOLATILITY_CONTRACTION,0.33706598710549524,0.33666090924792763,0.0,0.4892776882101808,0.432141612563534,0.0,25,True,,,SHORT_SUCCESS,False,1.733241451118417e-05,0.52,0.48
rolling,2015,2015-06-19T00:00:00Z,34175,NORMAL,0.33750436995026095,0.3317391225088961,0.0,0.48884336374665266,0.3937158724114284,0.0,25,True,,,SHORT_SUCCESS,False,0.0004591117959000801,0.52,0.48
rolling,2015,2015-06-20T00:00:00Z,34199,NORMAL,0.31420764653443245,0.3548760770391454,0.0,0.41056560390233277,0.5894343960976673,0.0,25,True,,,LONG_SUCCESS,False,0.00017735381614558676,0.6,0.4
rolling,2015,2015-06-23T00:00:00Z,34223,LOW_VOLATILITY_RANGE,0.32637231841531683,0.3413696756286844,0.0,0.3177346809218943,0.6430458203001302,0.0,25,True,,,LONG_SUCCESS,False,-0.0006628815066084259,0.36,0.64
rolling,2015,2015-06-24T00:00:00Z,34247,NORMAL,0.3591064510879868,0.3174723809476239,0.0,0.5248220055117102,0.4751779944882899,0.0,25,True,,,SHORT_SUCCESS,False,0.0011986552397715844,0.68,0.32
rolling,2015,2015-06-25T00:00:00Z,34271,LOW_VOLATILITY_RANGE,0.3453626520726203,0.32711421681589464,0.0,0.6131488495017803,0.3484173024161413,0.0,25,True,,,AMBIGUOUS_PATH,False,-0.00041344562978329336,0.4,0.6
rolling,2015,2015-06-26T00:00:00Z,34295,NORMAL,0.3472815098572212,0.330929544271544,0.0,0.36771939349323424,0.5935101045188305,0.0,25,True,,,LONG_SUCCESS,False,-0.0002200354813828298,0.4,0.6
rolling,2015,2015-06-27T00:00:00Z,34319,NORMAL,0.3313230459016731,0.34282345069760517,0.0,0.4821671461181133,0.4777203778863322,0.0,25,True,,,SHORT_SUCCESS,False,0.0004959171415570562,0.64,0.36
rolling,2015,2015-06-30T00:00:00Z,34343,NORMAL,0.33777544752244293,0.3315392728207369,0.0,0.4125083638267724,0.5054973437345407,0.0,25,True,,,LONG_SUCCESS,False,5.647970600919372e-05,0.52,0.48
rolling,2015,2015-07-01T00:00:00Z,34367,NORMAL,0.3456927499080234,0.3289075887797314,0.0,0.4002459519689119,0.44486994857773754,0.0,25,True,,,SHORT_SUCCESS,False,0.0003072612849477352,0.56,0.44
rolling,2015,2015-07-02T00:00:00Z,34391,NORMAL,0.3541071181653772,0.3269547048183865,0.0,0.43464466976053584,0.5266399336684414,0.0,25,True,,,SHORT_SUCCESS,False,-0.0003068048408191304,0.4,0.6
rolling,2015,2015-07-03T00:00:00Z,34415,NORMAL,0.35025916487737,0.3212504689779709,0.0,0.4490211640679986,0.47234119643875855,0.0,25,True,,,LONG_SUCCESS,False,0.0004591117959000801,0.56,0.44
rolling,2015,2015-07-04T00:00:00Z,34439,NORMAL,0.3344263976978633,0.33833370353714126,0.0,0.5224260415869012,0.3608600161926508,0.0,25,True,,,SHORT_SUCCESS,False,0.0008053545807868989,0.64,0.36
rolling,2015,2015-07-07T00:00:00Z,34463,NORMAL,0.35674562438853163,0.3251935238310328,0.0,0.48518550702419694,0.4729960522063872,0.0,25,True,,,LONG_SUCCESS,False,-0.0007004050896672886,0.28,0.72
rolling,2015,2015-07-08T00:00:00Z,34487,NORMAL,0.3433844624073876,0.33710081101059297,0.0,0.5312678044316677,0.4316625128979048,0.0,25,True,,,LONG_SUCCESS,False,0.0013727484330883222,0.64,0.36
rolling,2015,2015-07-09T00:00:00Z,34511,CRISIS,0.32320730431076156,0.3489725697666858,0.0,0.3223926439410726,0.5539164965520956,0.0,25,True,,,SHORT_SUCCESS,False,0.00029434348824675105,0.6,0.4
rolling,2015,2015-07-10T00:00:00Z,34535,NORMAL,0.35166109264059053,0.31910284459825283,0.0,0.4763802863548872,0.48494156505322505,0.0,25,True,,,SHORT_SUCCESS,False,0.00030507957162773103,0.64,0.36
rolling,2015,2015-07-11T00:00:00Z,34559,NORMAL,0.31577938016383683,0.3624974372642377,0.0,0.5091281625725707,0.49087183742742907,0.0,25,True,,,SHORT_SUCCESS,False,0.00026030625123474316,0.6,0.4
rolling,2015,2015-07-14T00:00:00Z,34583,NORMAL,0.34238066616194734,0.34042542031120687,0.0,0.48536517308294774,0.4772985271526263,0.0,25,True,,,LONG_SUCCESS,False,-0.0007112265614848123,0.36,0.64
rolling,2015,2015-07-15T00:00:00Z,34607,NORMAL,0.3473432211536052,0.34033864724422647,0.0,0.3534878286313376,0.6465121713686626,0.0,25,True,,,SHORT_SUCCESS,False,-0.0003068048408191304,0.4,0.6
rolling,2015,2015-07-16T00:00:00Z,34631,NORMAL,0.3282499446508575,0.34859801269511603,0.0,0.48173645059834763,0.5182635494016522,0.0,25,True,,,SHORT_SUCCESS,False,0.0001259749411941513,0.56,0.44
rolling,2015,2015-07-17T00:00:00Z,34655,VOLATILITY_CONTRACTION,0.31728859257192554,0.34352351243728546,0.0,0.4491597999456238,0.51408182281357,0.0,25,True,,,SHORT_SUCCESS,False,-0.0004376546426425598,0.32,0.68
rolling,2015,2015-07-18T00:00:00Z,34679,NORMAL,0.32260170691122186,0.3361156577491185,0.0,0.41561757551687645,0.5019355130213841,0.0,25,True,,,SHORT_SUCCESS,False,-0.0005938520567116967,0.44,0.56
rolling,2015,2015-07-21T00:00:00Z,34703,NORMAL,0.33283162468245864,0.35130943041085083,0.0,0.5512796495430019,0.4487203504569982,0.0,25,True,,,AMBIGUOUS_PATH,False,-0.00020582983374750619,0.36,0.64
rolling,2015,2015-07-22T00:00:00Z,34727,NORMAL,0.3376108569746525,0.3334803867026085,0.0,0.46771412581000765,0.49046664186355887,0.0,25,True,,,SHORT_SUCCESS,False,-0.0003975559143609697,0.48,0.52
rolling,2015,2015-07-23T00:00:00Z,34751,NORMAL,0.31041855062564194,0.3447971793769955,0.0,0.3208626565735851,0.5538670957629169,0.0,25,True,,,LONG_SUCCESS,False,-0.0001262744039511876,0.48,0.52
rolling,2015,2015-07-24T00:00:00Z,34775,LOW_VOLATILITY_RANGE,0.31765851326803657,0.33955742907996805,0.0,0.32797035980365524,0.6300330037778664,0.0,25,True,,,LONG_SUCCESS,False,0.00013369091710924152,0.52,0.48
rolling,2015,2015-07-25T00:00:00Z,34799,NORMAL,0.32859943476672093,0.33809845434000224,0.0,0.6506190870977376,0.3493809129022624,0.0,25,True,,,SHORT_SUCCESS,False,0.0003622367361988399,0.56,0.44
rolling,2015,2015-07-28T00:00:00Z,34823,VOLATILITY_EXPANSION,0.3466660277910856,0.331211746076763,0.0,0.5595179721583267,0.4404820278416733,0.0,25,True,,,LONG_SUCCESS,False,0.0003841376168747246,0.52,0.48
rolling,2015,2015-07-29T00:00:00Z,34847,NORMAL,0.3305691391541206,0.3388860027395712,0.0,0.4403459119189407,0.5218720663817685,0.0,25,True,,,SHORT_SUCCESS,False,0.00026832313410407593,0.64,0.36
rolling,2015,2015-07-30T00:00:00Z,34871,NORMAL,0.334951834996263,0.335329662712278,0.0,0.4401288533079098,0.5088618807591729,0.0,25,True,,,LONG_SUCCESS,False,0.00019608519723024465,0.56,0.44
rolling,2015,2015-07-31T00:00:00Z,34895,HIGH_VOLATILITY,0.3756364525271496,0.3072460939842236,0.0,0.6029103893328731,0.39708961066712695,0.0,25,True,,,SHORT_SUCCESS,False,0.0009568887402853221,0.6,0.4
rolling,2015,2015-08-01T00:00:00Z,34919,NORMAL,0.3380919454347028,0.3264605547440344,0.0,0.47861279438254517,0.47904379723241325,0.0,25,True,,,LONG_SUCCESS,False,-9.495216065680268e-05,0.48,0.52
rolling,2015,2015-08-04T00:00:00Z,34943,HIGH_VOLATILITY,0.33237721520532276,0.34442826866502313,0.0,0.4802576720380321,0.5197423279619682,0.0,25,True,,,LONG_SUCCESS,False,0.0004630525002886632,0.56,0.44
rolling,2015,2015-08-05T00:00:00Z,34967,NORMAL,0.3450942438662763,0.340091772705658,0.0,0.5096200278414602,0.4119014875821297,0.0,25,True,,,SHORT_SUCCESS,False,0.0007081475131078818,0.72,0.28
rolling,2015,2015-08-06T00:00:00Z,34991,NORMAL,0.3338466607895219,0.3449003283469947,0.0,0.39854689813643573,0.5606003846301508,0.0,25,True,,,SHORT_SUCCESS,False,0.0005172653088365564,0.6,0.4
rolling,2015,2015-08-07T00:00:00Z,35015,VOLATILITY_CONTRACTION,0.34448724346709353,0.33406595931834276,0.0,0.7563601438951167,0.24363985610488326,0.0,25,True,,,LONG_SUCCESS,False,0.0002303160279004679,0.52,0.48
rolling,2015,2015-08-08T00:00:00Z,35039,NORMAL,0.3170631324107568,0.35368952440046236,0.0,0.4406880613626504,0.4856494814458312,0.0,25,True,,,SHORT_SUCCESS,False,0.00013369091710924152,0.56,0.44
rolling,2015,2015-08-11T00:00:00Z,35063,NORMAL,0.3131691929893659,0.3598309667456805,0.0,0.34009167292292064,0.5834861545185882,0.0,25,True,,,SHORT_SUCCESS,False,0.0001259749411941513,0.56,0.44
rolling,2015,2015-08-12T00:00:00Z,35087,NORMAL,0.33000592056805295,0.34255783025229136,0.0,0.5064484007196193,0.4029317615222898,0.0,25,True,,,SHORT_SUCCESS,False,0.0002304859850588148,0.6,0.4
rolling,2015,2015-08-13T00:00:00Z,35111,NORMAL,0.3360614771238549,0.33344421980605443,0.0,0.3508225453775289,0.6126435922825784,0.0,25,True,,,SHORT_SUCCESS,False,-0.00017546737152895897,0.4,0.6
rolling,2015,2015-08-14T00:00:00Z,35135,TRENDING,0.35195214586596024,0.3230109854837439,0.0,0.4383157684801658,0.5234875233069547,0.0,25,True,,,SHORT_SUCCESS,False,0.0012387970953391392,0.6,0.4
rolling,2015,2015-08-15T00:00:00Z,35159,NORMAL,0.3235696318306012,0.331789767877326,0.0,0.376371859447692,0.547097342538664,0.0,25,True,,,SHORT_SUCCESS,False,-0.0006107048177176333,0.44,0.56
rolling,2015,2015-08-18T00:00:00Z,35183,VOLATILITY_CONTRACTION,0.3111917296378233,0.353618590983383,0.0,0.31757740436410636,0.6437858743664515,0.0,25,True,,,LONG_SUCCESS,False,-0.00031132045470372294,0.36,0.64
rolling,2015,2015-08-19T00:00:00Z,35207,NORMAL,0.32039657031739216,0.35265266874075674,0.0,0.3262447830283027,0.6353330286030953,0.0,25,True,,,SHORT_SUCCESS,False,-0.0001929706745064097,0.4,0.6
rolling,2015,2015-08-20T00:00:00Z,35231,TRENDING,0.3502133932356058,0.32033094408320156,0.0,0.35106165193238,0.6094759257387743,0.0,25,True,,,AMBIGUOUS_PATH,False,0.000613266252226019,0.64,0.36
rolling,2015,2015-08-21T00:00:00Z,35255,NORMAL,0.32254709379966184,0.3474924418890213,0.0,0.44003380279701837,0.5599661972029815,0.0,25,True,,,LONG_SUCCESS,False,0.0006021799347002421,0.68,0.32
rolling,2015,2015-08-22T00:00:00Z,35279,NORMAL,0.3348200578565735,0.32084919308255605,0.0,0.4678388639665896,0.4539258355325412,0.0,25,True,,,LONG_SUCCESS,False,0.0002460511668402887,0.6,0.4
rolling,2015,2015-08-25T00:00:00Z,35303,NORMAL,0.3426021494489871,0.3337288034084777,0.0,0.6595677060637508,0.3404322939362489,0.0,25,True,,,LONG_SUCCESS,False,-0.00012526418013325546,0.48,0.52
rolling,2015,2015-08-26T00:00:00Z,35327,NORMAL,0.3333877691033218,0.3451468916068913,0.0,0.5259807592011594,0.43282220486249934,0.0,25,True,,,LONG_SUCCESS,False,0.0010219840428311588,0.72,0.28
rolling,2015,2015-08-27T00:00:00Z,35351,LOW_VOLATILITY_RANGE,0.3455740613211676,0.3375064882899752,0.0,0.6448372640929226,0.31702514191993536,0.0,25,True,,,LONG_SUCCESS,False,-0.00017546737152895897,0.44,0.56
rolling,2015,2015-08-28T00:00:00Z,35375,NORMAL,0.3317087673278406,0.3370650662900833,0.0,0.6476685015184711,0.19991928232111827,0.0,25,True,,,LONG_SUCCESS,False,0.000309971470401349,0.56,0.44
rolling,2015,2015-08-29T00:00:00Z,35399,NORMAL,0.31505710229899087,0.34695610821745704,0.0,0.35149128647060063,0.6116895254284243,0.0,25,True,,,SHORT_SUCCESS,False,-5.372875349374251e-05,0.44,0.56
rolling,2015,2015-09-01T00:00:00Z,35423,HIGH_VOLATILITY,0.33675993345143845,0.3442701207970089,0.0,0.718352625108373,0.28164737489162717,0.0,25,True,,,LONG_SUCCESS,False,-8.845940134138974e-05,0.48,0.52
rolling,2015,2015-09-02T00:00:00Z,35447,NORMAL,0.3226165396553824,0.3394233540802658,0.0,0.44397579583377844,0.5560242041662214,0.0,25,True,,,LONG_SUCCESS,False,-0.00024033772328102554,0.44,0.56
rolling,2015,2015-09-03T00:00:00Z,35471,TRENDING,0.35777847997422296,0.3152206526742307,0.0,0.4758266383142663,0.5241733616857336,0.0,25,True,,,LONG_SUCCESS,False,0.0010231759253847006,0.68,0.32
rolling,2015,2015-09-04T00:00:00Z,35495,TRENDING,0.355908154113234,0.3230216328908484,0.0,0.4433894987125603,0.5183171997928779,0.0,25,True,,,SHORT_SUCCESS,False,0.0005433696789154396,0.6,0.4
rolling,2015,2015-09-05T00:00:00Z,35519,NORMAL,0.3413624245135051,0.3341325973779646,0.0,0.5393504402641682,0.4173742208634839,0.0,25,True,,,LONG_SUCCESS,False,0.0008053545807868989,0.8,0.2
rolling,2015,2015-09-08T00:00:00Z,35543,TRENDING,0.39659992529061916,0.30307093211853264,0.0,0.6049045190108944,0.3565054478189555,0.0,25,True,,,LONG_SUCCESS,False,-0.00019368003165110004,0.48,0.52
rolling,2015,2015-09-09T00:00:00Z,35567,NORMAL,0.35032853755397947,0.32702194751535973,0.0,0.43148644535695824,0.5284506059628543,0.0,25,True,,,LONG_SUCCESS,False,-1.0448980872435065e-05,0.48,0.52
rolling,2015,2015-09-10T00:00:00Z,35591,NORMAL,0.34643931086982455,0.3272026090020225,0.0,0.591627066242439,0.2870994693053485,0.0,25,True,,,LONG_SUCCESS,False,0.0008984389135548998,0.72,0.28
rolling,2015,2015-09-11T00:00:00Z,35615,LOW_VOLATILITY_RANGE,0.32790589399517844,0.3488474767171245,0.0,0.4465410038730269,0.5534589961269731,0.0,25,True,,,LONG_SUCCESS,False,0.00013369091710924152,0.52,0.48
rolling,2015,2015-09-12T00:00:00Z,35639,LOW_VOLATILITY_RANGE,0.32578186791498936,0.3420690757037057,0.0,0.5624213567241386,0.3999049180010385,0.0,25,True,,,LONG_SUCCESS,False,0.000297773141310298,0.6,0.4
rolling,2015,2015-09-15T00:00:00Z,35663,NORMAL,0.3341116683753787,0.34311317502555766,0.0,0.20734757310131172,0.6769603659163156,0.0,25,True,,,AMBIGUOUS_PATH,False,-0.00012526418013325546,0.48,0.52
rolling,2015,2015-09-16T00:00:00Z,35687,NORMAL,0.3457780611183975,0.3217658828523076,0.0,0.5344926046947455,0.46550739530525453,0.0,25,True,,,SHORT_SUCCESS,False,-0.00015780086043093444,0.48,0.52
rolling,2015,2015-09-17T00:00:00Z,35711,NORMAL,0.35153440844342415,0.32049796807402114,0.0,0.5981473120163683,0.3623218830418316,0.0,25,True,,,LONG_SUCCESS,False,0.0006775364469977507,0.6,0.4
rolling,2015,2015-09-18T00:00:00Z,35735,HIGH_VOLATILITY,0.3274021498011719,0.33631148447945114,0.0,0.5620443708885344,0.3258017078156865,0.0,25,True,,,SHORT_SUCCESS,False,0.00019836542737738938,0.52,0.48
rolling,2015,2015-09-19T00:00:00Z,35759,NORMAL,0.3100208601750608,0.361745749491174,0.0,0.39644737485046194,0.6035526251495379,0.0,25,True,,,LONG_SUCCESS,False,0.00036371780127053555,0.64,0.36
rolling,2015,2015-09-22T00:00:00Z,35783,NORMAL,0.337797141580065,0.3143883577529262,0.0,0.5903218039342302,0.4096781960657698,0.0,25,True,,,SHORT_SUCCESS,False,0.0001354704968541398,0.56,0.44
rolling,2015,2015-09-23T00:00:00Z,35807,VOLATILITY_EXPANSION,0.3391022682303201,0.33104644992173077,0.0,0.5536023247807457,0.4463976752192544,0.0,25,True,,,SHORT_SUCCESS,False,-0.0003683471250260917,0.48,0.52
rolling,2015,2015-09-24T00:00:00Z,35831,VOLATILITY_EXPANSION,0.33905872092517003,0.33146801297933703,0.0,0.6418545768331441,0.2839134828207856,0.0,25,True,,,SHORT_SUCCESS,False,0.00023479197722187095,0.52,0.48
rolling,2015,2015-09-25T00:00:00Z,35855,HIGH_VOLATILITY,0.3344405968157876,0.34217193927227824,0.0,0.3986373422539251,0.5634771075755144,0.0,25,True,,,LONG_SUCCESS,False,0.00038325076088385757,0.6,0.4
rolling,2015,2015-09-26T00:00:00Z,35879,HIGH_VOLATILITY,0.34664171447493036,0.3305738909597384,0.0,0.5498994462121103,0.4097376579909209,0.0,25,True,,,LONG_SUCCESS,False,5.375069753266182e-05,0.52,0.48
rolling,2015,2015-09-29T00:00:00Z,35903,NORMAL,0.33853287635011725,0.3401222491116643,0.0,0.35971861746984196,0.6005113301067899,0.0,25,True,,,SHORT_SUCCESS,False,-0.0004455345729235116,0.44,0.56
rolling,2015,2015-09-30T00:00:00Z,35927,HIGH_VOLATILITY,0.35713777456773604,0.32987931475397864,0.0,0.4412341181935847,0.4741799350623029,0.0,25,True,,,SHORT_SUCCESS,False,-0.0003068048408191304,0.48,0.52
rolling,2015,2015-10-01T00:00:00Z,35951,NORMAL,0.342580041597352,0.3352512217747079,0.0,0.43863552970548403,0.5613644702945161,0.0,25,True,,,LONG_SUCCESS,False,0.0005142394585599952,0.64,0.36
rolling,2015,2015-10-02T00:00:00Z,35975,NORMAL,0.33145920063727924,0.34343992713495514,0.0,0.6154437365970615,0.31216233230570617,0.0,25,True,,,LONG_SUCCESS,False,0.0007209696424714807,0.64,0.36
rolling,2015,2015-10-03T00:00:00Z,35999,NORMAL,0.3279823198160612,0.3500417383581554,0.0,0.25034392820747015,0.6761495413512748,0.0,25,True,,,SHORT_SUCCESS,False,-8.802945950781016e-05,0.48,0.52
rolling,2015,2015-10-06T00:00:00Z,36023,VOLATILITY_CONTRACTION,0.3307488661934635,0.3488131614188034,0.0,0.2425586434002129,0.7154219651453508,0.0,25,True,,,LONG_SUCCESS,False,-0.0007541709257230522,0.32,0.68
rolling,2015,2015-10-07T00:00:00Z,36047,NORMAL,0.3452153055124565,0.3315368306591149,0.0,0.3909045887140149,0.49437053557655525,0.0,25,True,,,SHORT_SUCCESS,False,0.000735399017567584,0.6,0.4
rolling,2015,2015-10-08T00:00:00Z,36071,NORMAL,0.3305294266662404,0.3367323465506744,0.0,0.47665278013088946,0.5233472198691104,0.0,25,True,,,LONG_SUCCESS,False,0.0005343453261521525,0.6,0.4
rolling,2015,2015-10-09T00:00:00Z,36095,NORMAL,0.31480937868625863,0.33981931840869556,0.0,0.362163008979953,0.5971797154712495,0.0,25,True,,,LONG_SUCCESS,False,-0.00017290138957493095,0.48,0.52
rolling,2015,2015-10-10T00:00:00Z,36119,NORMAL,0.3192895695934782,0.34972575442010506,0.0,0.30908754478177836,0.6512370733861792,0.0,25,True,,,LONG_SUCCESS,False,0.00017735381614558676,0.52,0.48
rolling,2015,2015-10-13T00:00:00Z,36143,NORMAL,0.3239358961161118,0.35011336272923516,0.0,0.6202793232843911,0.37972067671560883,0.0,25,True,,,AMBIGUOUS_PATH,False,-0.0001798999492719222,0.48,0.52
rolling,2015,2015-10-14T00:00:00Z,36167,HIGH_VOLATILITY,0.3494952660129557,0.3283842785430813,0.0,0.5651216115217693,0.3972090053610603,0.0,25,True,,,LONG_SUCCESS,False,0.0009106536452792025,0.72,0.28
rolling,2015,2015-10-15T00:00:00Z,36191,VOLATILITY_CONTRACTION,0.31638996856208607,0.34805224173828503,0.0,0.38698142898525306,0.484569244139973,0.0,25,True,,,SHORT_SUCCESS,False,0.0001259749411941513,0.52,0.48
rolling,2015,2015-10-16T00:00:00Z,36215,NORMAL,0.34002373542370673,0.3311391368650234,0.0,0.47380105178129894,0.4848321092916778,0.0,25,True,,,LONG_SUCCESS,False,0.00028851991133294064,0.56,0.44
rolling,2015,2015-10-17T00:00:00Z,36239,VOLATILITY_CONTRACTION,0.33244904122108865,0.32578043531854994,0.0,0.49616423503030194,0.42615084857853713,0.0,25,True,,,LONG_SUCCESS,False,0.0005525061883504545,0.64,0.36
rolling,2015,2015-10-20T00:00:00Z,36263,NORMAL,0.3492684335665824,0.3311777315203338,0.0,0.47995825126523173,0.47885432440887826,0.0,25,True,,,SHORT_SUCCESS,False,-0.0005142506539247416,0.4,0.6
rolling,2015,2015-10-21T00:00:00Z,36287,NORMAL,0.3436671017746255,0.32784442736067987,0.0,0.4695151136162279,0.4874650340021297,0.0,25,True,,,LONG_SUCCESS,False,5.647970600919372e-05,0.52,0.48
rolling,2015,2015-10-22T00:00:00Z,36311,NORMAL,0.3225499975249487,0.3447555062001963,0.0,0.4408748421632515,0.48453659864078324,0.0,25,True,,,LONG_SUCCESS,False,0.00025099227713831773,0.52,0.48
rolling,2015,2015-10-23T00:00:00Z,36335,NORMAL,0.36251498821147965,0.31109538946663545,0.0,0.4082955457749179,0.5527449265278257,0.0,25,True,,,SHORT_SUCCESS,False,0.0010231759253847006,0.56,0.44
rolling,2015,2015-10-24T00:00:00Z,36359,VOLATILITY_CONTRACTION,0.30760725380400944,0.36480703611993137,0.0,0.479280378052654,0.5207196219473463,0.0,25,True,,,SHORT_SUCCESS,False,0.00011536421837887723,0.52,0.48
rolling,2015,2015-10-27T00:00:00Z,36383,VOLATILITY_CONTRACTION,0.32226439472499646,0.3453511422632804,0.0,0.31736986998865313,0.6450226009356397,0.0,25,True,,,SHORT_SUCCESS,False,-0.0003537718846209348,0.48,0.52
rolling,2015,2015-10-28T00:00:00Z,36407,NORMAL,0.3176083182852338,0.350557286148082,0.0,0.23709799918639224,0.7629020008136078,0.0,25,True,,,LONG_SUCCESS,False,-0.0006628815066084259,0.32,0.68
rolling,2015,2015-10-29T00:00:00Z,36431,LOW_VOLATILITY_RANGE,0.32518905084351607,0.3354231407374863,0.0,0.36573667673379,0.598116020499345,0.0,25,True,,,SHORT_SUCCESS,False,0.0006589023019032414,0.76,0.24
rolling,2015,2015-10-30T00:00:00Z,36455,NORMAL,0.3105051979218164,0.35580115402732254,0.0,0.28924684099350917,0.6342738185024167,0.0,25,True,,,LONG_SUCCESS,False,0.00017735381614558676,0.56,0.44
rolling,2015,2015-10-31T00:00:00Z,36479,NORMAL,0.31097751120008554,0.34434320479624,0.0,0.4901418438579056,0.42791340064470856,0.0,25,True,,,LONG_SUCCESS,False,-0.0003886956801254504,0.4,0.6
rolling,2015,2015-11-03T00:00:00Z,36503,NORMAL,0.3328233721233372,0.3338450814910761,0.0,0.39192111653080913,0.5280556697604706,0.0,25,True,,,SHORT_SUCCESS,False,-0.0002724938998812654,0.36,0.64
rolling,2015,2015-11-04T00:00:00Z,36527,NORMAL,0.32716414813508976,0.33881742409520477,0.0,0.4399708562839953,0.43232151871704944,0.0,25,True,,,LONG_SUCCESS,False,0.0005423132899582406,0.56,0.44
rolling,2015,2015-11-05T00:00:00Z,36551,NORMAL,0.33629172961196546,0.3285298916449891,0.0,0.5998012228296713,0.324070938710357,0.0,25,True,,,SHORT_SUCCESS,False,0.0004959171415570562,0.64,0.36
rolling,2015,2015-11-06T00:00:00Z,36575,NORMAL,0.3269367872377611,0.3327316391732289,0.0,0.31876002731235126,0.6812399726876488,0.0,25,True,,,LONG_SUCCESS,False,-0.0007424994783140626,0.4,0.6
rolling,2015,2015-11-07T00:00:00Z,36599,NORMAL,0.3495195556067833,0.3334266462865963,0.0,0.5578126108859602,0.44218738911403954,0.0,25,True,,,SHORT_SUCCESS,False,0.0003622367361988399,0.68,0.32
rolling,2015,2015-11-10T00:00:00Z,36623,NORMAL,0.34389621619571814,0.3344015646181298,0.0,0.4542678880306738,0.506189242268952,0.0,25,True,,,SHORT_SUCCESS,False,-0.00015780086043093444,0.44,0.56
rolling,2015,2015-11-11T00:00:00Z,36647,VOLATILITY_EXPANSION,0.3480701988956784,0.3245540933544755,0.0,0.6026712426694358,0.35591797936430947,0.0,25,True,,,SHORT_SUCCESS,False,0.0004959171415570562,0.6,0.4
rolling,2015,2015-11-12T00:00:00Z,36671,NORMAL,0.3399802857719327,0.32926545074405816,0.0,0.5585804418458137,0.39993994444010567,0.0,25,True,,,SHORT_SUCCESS,False,0.0007081475131078818,0.72,0.28
rolling,2015,2015-11-13T00:00:00Z,36695,NORMAL,0.34800944727757455,0.32517521145445427,0.0,0.402534635545848,0.5566203349671952,0.0,25,True,,,LONG_SUCCESS,False,0.0005142394585599952,0.64,0.36
rolling,2015,2015-11-14T00:00:00Z,36719,NORMAL,0.32593776685896736,0.3519541170338721,0.0,0.5202261583996365,0.47977384160036346,0.0,25,True,,,SHORT_SUCCESS,False,0.00011756467665580139,0.52,0.48
rolling,2015,2015-11-17T00:00:00Z,36743,VOLATILITY_CONTRACTION,0.36173419632127496,0.33256844951904846,0.0,0.44972621253586165,0.5030344196090787,0.0,25,True,,,LONG_SUCCESS,False,-0.00034341124451264804,0.44,0.56
rolling,2015,2015-11-18T00:00:00Z,36767,VOLATILITY_CONTRACTION,0.34131551925656306,0.34195701286388097,0.0,0.501729660374471,0.498270339625529,0.0,25,True,,,SHORT_SUCCESS,False,0.0002488929398196671,0.56,0.44
rolling,2015,2015-11-19T00:00:00Z,36791,LOW_VOLATILITY_RANGE,0.32500747460164403,0.33596311249010974,0.0,0.45083539222284724,0.4706613753714007,0.0,25,True,,,LONG_SUCCESS,False,-0.0001262744039511876,0.48,0.52
rolling,2015,2015-11-20T00:00:00Z,36815,NORMAL,0.34244028657219217,0.3297876749646891,0.0,0.4849441187089274,0.4772476798419509,0.0,25,True,,,SHORT_SUCCESS,False,-0.0002958047568897282,0.4,0.6
rolling,2015,2015-11-21T00:00:00Z,36839,NORMAL,0.3423141082861548,0.3154440658028693,0.0,0.4014535093220998,0.5554269252355505,0.0,25,True,,,LONG_SUCCESS,False,6.922491051208901e-05,0.56,0.44
rolling,2015,2015-11-24T00:00:00Z,36863,NORMAL,0.3306951614158457,0.3358863133330112,0.0,0.4436840983335809,0.5176238582432348,0.0,25,True,,,LONG_SUCCESS,False,-0.00015780086043093444,0.44,0.56
rolling,2015,2015-11-25T00:00:00Z,36887,NORMAL,0.34105512073720506,0.3233635508627597,0.0,0.562467049134431,0.3903929192583954,0.0,25,True,,,SHORT_SUCCESS,False,-0.00014103228864748019,0.48,0.52
rolling,2015,2015-11-26T00:00:00Z,36911,HIGH_VOLATILITY,0.3458580013146847,0.32713058272285406,0.0,0.7157331967524903,0.2000492476574065,0.0,25,True,,,SHORT_SUCCESS,False,0.0015172617775054409,0.64,0.36
rolling,2015,2015-11-27T00:00:00Z,36935,NORMAL,0.34076827370754087,0.3345198078160879,0.0,0.4493775549125266,0.5145028534694571,0.0,25,True,,,SHORT_SUCCESS,False,0.0003319349493717816,0.56,0.44
rolling,2015,2015-11-28T00:00:00Z,36959,HIGH_VOLATILITY,0.3200728503443594,0.35068196762448073,0.0,0.2624998922344152,0.6968752668778719,0.0,25,True,,,LONG_SUCCESS,False,-0.00017290138957493095,0.36,0.64
rolling,2015,2015-12-01T00:00:00Z,36983,VOLATILITY_CONTRACTION,0.34032512356456646,0.3444031524379393,0.0,0.3604704914954232,0.5614475627390125,0.0,25,True,,,SHORT_SUCCESS,False,-0.0003788763989753807,0.44,0.56
rolling,2015,2015-12-02T00:00:00Z,37007,VOLATILITY_CONTRACTION,0.3347490838244633,0.3325130680801083,0.0,0.4997338609482953,0.4646128714845902,0.0,25,True,,,LONG_SUCCESS,False,-0.00034111773198652884,0.48,0.52
rolling,2015,2015-12-03T00:00:00Z,37031,TRENDING,0.35188947491385203,0.32249268723925006,0.0,0.23171710452879038,0.691485626081324,0.0,25,True,,,LONG_SUCCESS,False,-0.000143853167721808,0.4,0.6
rolling,2015,2015-12-04T00:00:00Z,37055,VOLATILITY_EXPANSION,0.33237651622106174,0.3378286711958412,0.0,0.5623876456186526,0.4376123543813472,0.0,25,True,,,SHORT_SUCCESS,False,0.00017569234142689183,0.52,0.48
rolling,2015,2015-12-05T00:00:00Z,37079,VOLATILITY_EXPANSION,0.3339273504283613,0.33387044424843415,0.0,0.559610271635924,0.3974297240029978,0.0,25,True,,,SHORT_SUCCESS,False,1.7778193859285807e-06,0.52,0.48
rolling,2015,2015-12-08T00:00:00Z,37103,NORMAL,0.37493546122629706,0.31263847514732224,0.0,0.5588028078149075,0.4411971921850925,0.0,25,True,,,LONG_SUCCESS,False,0.0003123458459963757,0.6,0.4
rolling,2015,2015-12-09T00:00:00Z,37127,NORMAL,0.3455534660697348,0.33916906757731197,0.0,0.5619850575392953,0.3607587560672676,0.0,25,True,,,SHORT_SUCCESS,False,0.0003072612849477352,0.52,0.48
rolling,2015,2015-12-10T00:00:00Z,37151,NORMAL,0.31167152929191727,0.34327857855423993,0.0,0.2880053695539741,0.6744162601543209,0.0,25,True,,,LONG_SUCCESS,False,0.0003144009059248276,0.52,0.48
rolling,2015,2015-12-11T00:00:00Z,37175,HIGH_VOLATILITY,0.3331441924460567,0.33605550721756083,0.0,0.6261601570784969,0.3344964088153379,0.0,25,True,,,SHORT_SUCCESS,False,0.00019836542737738938,0.52,0.48
rolling,2015,2015-12-12T00:00:00Z,37199,NORMAL,0.3430886865620142,0.32408442626643,0.0,0.40116120341211703,0.5530275044322964,0.0,25,True,,,SHORT_SUCCESS,False,-0.0005592730615213704,0.4,0.6
rolling,2015,2015-12-15T00:00:00Z,37223,NORMAL,0.33865502215818066,0.34100709229392384,0.0,0.4747972743136406,0.44497674907222584,0.0,25,True,,,LONG_SUCCESS,False,-0.0004536699660329102,0.44,0.56
rolling,2015,2015-12-16T00:00:00Z,37247,NORMAL,0.3443587080807061,0.33088697658076155,0.0,0.5595050119392447,0.3544190492390325,0.0,25,True,,,LONG_SUCCESS,False,0.0006967332253773328,0.6,0.4
rolling,2015,2015-12-17T00:00:00Z,37271,NORMAL,0.3182102648785882,0.34608227800782465,0.0,0.314435054286984,0.5926973274638163,0.0,25,True,,,SHORT_SUCCESS,False,0.00044327481018191506,0.56,0.44
rolling,2015,2015-12-18T00:00:00Z,37295,NORMAL,0.3360266899676662,0.3303526393791405,0.0,0.3489556372426479,0.5718497753639276,0.0,25,True,,,LONG_SUCCESS,False,0.0007726993990868625,0.64,0.36
rolling,2015,2015-12-19T00:00:00Z,37319,NORMAL,0.31966699295045026,0.34353712088585603,0.0,0.4859718825548974,0.361630686066058,0.0,25,True,,,LONG_SUCCESS,False,-0.0001798999492719222,0.44,0.56
rolling,2015,2015-12-22T00:00:00Z,37343,NORMAL,0.3391847973648011,0.33825006252143336,0.0,0.6303562864754437,0.32781646634063283,0.0,25,True,,,LONG_SUCCESS,False,-0.00015780086043093444,0.48,0.52
rolling,2015,2015-12-23T00:00:00Z,37367,NORMAL,0.32663414900336757,0.34059161345507843,0.0,0.6020497258139551,0.32142449767592945,0.0,25,True,,,LONG_SUCCESS,False,0.0010219840428311588,0.56,0.44
rolling,2015,2015-12-24T00:00:00Z,37391,NORMAL,0.3317317380845407,0.33194535438746164,0.0,0.599433021039062,0.2837564249834486,0.0,25,True,,,LONG_SUCCESS,False,0.00019058624153078796,0.56,0.44
rolling,2015,2015-12-25T00:00:00Z,37415,NORMAL,0.32751588246658064,0.3497398059108328,0.0,0.3994179153763861,0.6005820846236143,0.0,25,True,,,LONG_SUCCESS,False,0.00026301698318142996,0.6,0.4
rolling,2015,2015-12-26T00:00:00Z,37439,VOLATILITY_CONTRACTION,0.3217858440028875,0.3502077991428677,0.0,0.6429970705517355,0.3168249807468206,0.0,25,True,,,LONG_SUCCESS,False,-0.00039174584712642346,0.4,0.6
rolling,2015,2015-12-29T00:00:00Z,37463,VOLATILITY_CONTRACTION,0.3247231081587757,0.3454667211929342,0.0,0.47468622144026257,0.5253137785597376,0.0,25,True,,,LONG_SUCCESS,False,0.00016870519197520473,0.64,0.36
rolling,2015,2015-12-30T00:00:00Z,37487,NORMAL,0.3252513676805083,0.3490671161288992,0.0,0.5150521933520482,0.4849478066479518,0.0,25,True,,,LONG_SUCCESS,False,-4.787318843613164e-05,0.48,0.52
rolling,2015,2015-12-31T00:00:00Z,37511,NORMAL,0.36359396733552873,0.3149363650400758,0.0,0.444409388528031,0.48108662074145664,0.0,25,True,,,LONG_SUCCESS,False,-0.00034341124451264804,0.36,0.64
expanding,2016,2016-01-01T00:00:00Z,37535,NORMAL,0.3462058492816057,0.33335391040590295,0.0,0.2868027119388367,0.6729235357688734,0.0,25,True,,,LONG_SUCCESS,False,-1.931882405259433e-05,0.48,0.52
expanding,2016,2016-01-02T00:00:00Z,37559,NORMAL,0.3311948393582329,0.33309438012087367,0.0,0.49196246507725444,0.4364262684087781,0.0,25,True,,,SHORT_SUCCESS,False,0.0007514638121508543,0.68,0.32
expanding,2016,2016-01-05T00:00:00Z,37583,NORMAL,0.3360750187375657,0.32882771990872145,0.0,0.5297706354478832,0.4247053359188021,0.0,25,True,,,SHORT_SUCCESS,False,5.647970600919372e-05,0.52,0.48
expanding,2016,2016-01-06T00:00:00Z,37607,NORMAL,0.3237959653188279,0.3436865895135632,0.0,0.35784939032969576,0.6019751510659909,0.0,25,True,,,SHORT_SUCCESS,False,6.695803203449202e-06,0.52,0.48
expanding,2016,2016-01-07T00:00:00Z,37631,TRENDING,0.34749148822013703,0.3278421158623335,0.0,0.47312736486351475,0.412826990047976,0.0,25,True,,,SHORT_SUCCESS,False,0.0003610521953341106,0.52,0.48
expanding,2016,2016-01-08T00:00:00Z,37655,NORMAL,0.3407325781363628,0.32792865961982615,0.0,0.6058011545335691,0.39419884546643075,0.0,25,True,,,LONG_SUCCESS,False,0.00026022355958454924,0.52,0.48
expanding,2016,2016-01-09T00:00:00Z,37679,NORMAL,0.31779516932648144,0.3383113819358995,0.0,0.3766989576457447,0.6233010423542554,0.0,25,True,,,LONG_SUCCESS,False,-8.802945950781016e-05,0.48,0.52
expanding,2016,2016-01-12T00:00:00Z,37703,NORMAL,0.32393245131598414,0.3506740636367455,0.0,0.28396527617051737,0.716034723829483,0.0,25,True,,,LONG_SUCCESS,False,-0.0003537718846209348,0.36,0.64
expanding,2016,2016-01-13T00:00:00Z,37727,NORMAL,0.3407240207414339,0.3379561096218455,0.0,0.5854526400114554,0.4145473599885447,0.0,25,True,,,LONG_SUCCESS,False,2.5534697426943254e-05,0.52,0.48
expanding,2016,2016-01-14T00:00:00Z,37751,NORMAL,0.3554268507508327,0.3284412611341694,0.0,0.4915141331884512,0.5084858668115485,0.0,25,True,,,SHORT_SUCCESS,False,0.0006341681956405498,0.52,0.48
expanding,2016,2016-01-15T00:00:00Z,37775,HIGH_VOLATILITY,0.34199317606693613,0.3371121390981889,0.0,0.4744827478676603,0.4827889263572452,0.0,25,True,,,LONG_SUCCESS,False,0.00011432336045746894,0.56,0.44
expanding,2016,2016-01-16T00:00:00Z,37799,VOLATILITY_CONTRACTION,0.3509482843611235,0.33259831887938823,0.0,0.4739672212938304,0.4889236843762899,0.0,25,True,,,SHORT_SUCCESS,False,0.000524993511235694,0.6,0.4
expanding,2016,2016-01-19T00:00:00Z,37823,NORMAL,0.3130491482476874,0.3429268394261794,0.0,0.3154170067209727,0.6845829932790274,0.0,25,True,,,LONG_SUCCESS,False,-0.0001929706745064097,0.36,0.64
expanding,2016,2016-01-20T00:00:00Z,37847,VOLATILITY_CONTRACTION,0.31398627601719026,0.3446478910419731,0.0,0.3140697167056257,0.569387617579089,0.0,25,True,,,AMBIGUOUS_PATH,False,-0.0004939534705841186,0.36,0.64
expanding,2016,2016-01-21T00:00:00Z,37871,NORMAL,0.3383584002286831,0.33044171788017834,0.0,0.49300203882615856,0.46701274413363875,0.0,25,True,,,SHORT_SUCCESS,False,0.00026022355958454924,0.52,0.48
expanding,2016,2016-01-22T00:00:00Z,37895,VOLATILITY_CONTRACTION,0.3072775658577218,0.3356898691700673,0.0,0.519558050795547,0.44433345716067923,0.0,25,True,,,SHORT_SUCCESS,False,-5.0319556070932414e-05,0.44,0.56
expanding,2016,2016-01-23T00:00:00Z,37919,TRENDING,0.3481037190156633,0.3244770896514533,0.0,0.40416717366263555,0.5561430407332537,0.0,25,True,,,LONG_SUCCESS,False,0.00033440606629864256,0.6,0.4
expanding,2016,2016-01-26T00:00:00Z,37943,NORMAL,0.3187712242942503,0.3325484503601715,0.0,0.6017309531415923,0.35926502304290503,0.0,25,True,,,SHORT_SUCCESS,False,-0.0007136284421541683,0.32,0.68
expanding,2016,2016-01-27T00:00:00Z,37967,LOW_VOLATILITY_RANGE,0.32891608423741764,0.3417055587908611,0.0,0.36706582100682306,0.6329341789931769,0.0,25,True,,,SHORT_SUCCESS,False,-0.0003537718846209348,0.4,0.6
expanding,2016,2016-01-28T00:00:00Z,37991,NORMAL,0.3093611800908482,0.343350346490327,0.0,0.3980521442139696,0.4478971890272274,0.0,25,True,,,LONG_SUCCESS,False,-5.0319556070932414e-05,0.48,0.52
expanding,2016,2016-01-29T00:00:00Z,38015,NORMAL,0.3443789416776389,0.3288486502054599,0.0,0.471072750786537,0.49062713115193046,0.0,25,True,,,SHORT_SUCCESS,False,-1.0448980872435065e-05,0.48,0.52
expanding,2016,2016-01-30T00:00:00Z,38039,VOLATILITY_EXPANSION,0.33818765469635614,0.333697890379152,0.0,0.6123994984500668,0.38760050154993303,0.0,25,True,,,SHORT_SUCCESS,False,0.0009106536452792025,0.72,0.28
expanding,2016,2016-02-02T00:00:00Z,38063,NORMAL,0.33221985594168707,0.3331927771523198,0.0,0.16636206674842735,0.7161787139190527,0.0,25,True,,,LONG_SUCCESS,False,-0.0003537718846209348,0.4,0.6
expanding,2016,2016-02-03T00:00:00Z,38087,HIGH_VOLATILITY,0.3207453079201608,0.3440101629182841,0.0,0.5580468368981711,0.3216319819777303,0.0,25,True,,,SHORT_SUCCESS,False,-4.787318843613164e-05,0.48,0.52
expanding,2016,2016-02-04T00:00:00Z,38111,NORMAL,0.3351165655365375,0.3273679194531971,0.0,0.4813423161925671,0.47955127782007523,0.0,25,True,,,LONG_SUCCESS,False,0.0007151726034695383,0.6,0.4
expanding,2016,2016-02-05T00:00:00Z,38135,NORMAL,0.35376755497252027,0.3245960678052334,0.0,0.520084085129508,0.47991591487049196,0.0,25,True,,,LONG_SUCCESS,False,0.0012721656397762793,0.64,0.36
expanding,2016,2016-02-06T00:00:00Z,38159,NORMAL,0.3373149682535446,0.32914252383407344,0.0,0.4613301427108456,0.5386698572891543,0.0,25,True,,,SHORT_SUCCESS,False,-0.0002838638071603894,0.44,0.56
expanding,2016,2016-02-09T00:00:00Z,38183,NORMAL,0.33813993626928096,0.33837000822444474,0.0,0.5084620075776595,0.4548243797793533,0.0,25,True,,,SHORT_SUCCESS,False,-0.00015780086043093444,0.48,0.52
expanding,2016,2016-02-10T00:00:00Z,38207,NORMAL,0.3276276591426662,0.34648340739992856,0.0,0.4026054156759377,0.5598719449397641,0.0,25,True,,,SHORT_SUCCESS,False,0.0006525340925507273,0.56,0.44
expanding,2016,2016-02-11T00:00:00Z,38231,HIGH_VOLATILITY,0.3279398531717241,0.3311106873093934,0.0,0.7634701261986365,0.12319173175083241,0.0,25,True,,,SHORT_SUCCESS,False,0.00022167713838627812,0.6,0.4
expanding,2016,2016-02-12T00:00:00Z,38255,NORMAL,0.3235935710663156,0.34213365436289617,0.0,0.4514821270203375,0.5048771434118835,0.0,25,True,,,SHORT_SUCCESS,False,-0.0007550736091511689,0.32,0.68
expanding,2016,2016-02-13T00:00:00Z,38279,NORMAL,0.3271175859686779,0.3345670184482097,0.0,0.500390827767041,0.46147862440258136,0.0,25,True,,,LONG_SUCCESS,False,7.396622555866372e-05,0.52,0.48
expanding,2016,2016-02-16T00:00:00Z,38303,NORMAL,0.33147483705106146,0.33782281308401474,0.0,0.5252770443229674,0.43278361599119813,0.0,25,True,,,LONG_SUCCESS,False,-0.0002724938998812654,0.44,0.56
expanding,2016,2016-02-17T00:00:00Z,38327,NORMAL,0.339773760788812,0.3318531910042027,0.0,0.4397064128672766,0.5219205018227046,0.0,25,True,,,LONG_SUCCESS,False,0.0007081475131078818,0.6,0.4
expanding,2016,2016-02-18T00:00:00Z,38351,NORMAL,0.34285657381591594,0.33372303407627846,0.0,0.6343112901960152,0.28470612794361955,0.0,25,True,,,LONG_SUCCESS,False,0.00037083689241845796,0.6,0.4
expanding,2016,2016-02-19T00:00:00Z,38375,LOW_VOLATILITY_RANGE,0.34474510799608127,0.34136107928109793,0.0,0.7262913296731717,0.2737086703268283,0.0,25,True,,,SHORT_SUCCESS,False,0.0006202340513712379,0.6,0.4
expanding,2016,2016-02-20T00:00:00Z,38399,NORMAL,0.33453547842635617,0.3407126903160463,0.0,0.3876389473313393,0.5325650729948128,0.0,25,True,,,SHORT_SUCCESS,False,0.00011756467665580139,0.52,0.48
expanding,2016,2016-02-23T00:00:00Z,38423,NORMAL,0.33530400846910485,0.33958425541879605,0.0,0.35431326442074074,0.6079396330930938,0.0,25,True,,,SHORT_SUCCESS,False,-0.0003537718846209348,0.4,0.6
expanding,2016,2016-02-24T00:00:00Z,38447,NORMAL,0.34241387926546485,0.32043040168688763,0.0,0.4677283753184198,0.5322716246815801,0.0,25,True,,,SHORT_SUCCESS,False,0.0007278330627715768,0.64,0.36
expanding,2016,2016-02-25T00:00:00Z,38471,NORMAL,0.3342843200046493,0.33117258632823066,0.0,0.5607403175169599,0.35319125772273613,0.0,25,True,,,LONG_SUCCESS,False,0.0006775364469977507,0.64,0.36
expanding,2016,2016-02-26T00:00:00Z,38495,NORMAL,0.3280881516678607,0.3357478096954687,0.0,0.5635075888424792,0.43649241115752085,0.0,25,True,,,LONG_SUCCESS,False,-0.0008504542945991789,0.44,0.56
expanding,2016,2016-02-27T00:00:00Z,38519,NORMAL,0.33315920729122445,0.33719993172713375,0.0,0.36269468226310836,0.5967886684351681,0.0,25,True,,,AMBIGUOUS_PATH,False,0.00011756467665580139,0.52,0.48
expanding,2016,2016-03-01T00:00:00Z,38543,NORMAL,0.31251079248560365,0.3323039900018472,0.0,0.4403451313906681,0.4811924699892552,0.0,25,True,,,AMBIGUOUS_PATH,False,-0.00024033772328102554,0.48,0.52
expanding,2016,2016-03-02T00:00:00Z,38567,NORMAL,0.35010448508018877,0.3188513456122115,0.0,0.4885662527477722,0.473520721834905,0.0,25,True,,,SHORT_SUCCESS,False,0.0008018053055833807,0.68,0.32
expanding,2016,2016-03-03T00:00:00Z,38591,HIGH_VOLATILITY,0.3461092512200316,0.3299396755588937,0.0,0.42500301588684036,0.4823635956885105,0.0,25,True,,,SHORT_SUCCESS,False,0.0010535313197714835,0.6,0.4
expanding,2016,2016-03-04T00:00:00Z,38615,HIGH_VOLATILITY,0.32438601523551563,0.3369690699858138,0.0,0.2829268425889197,0.6776064136905009,0.0,25,True,,,SHORT_SUCCESS,False,-0.0007550736091511689,0.24,0.76
expanding,2016,2016-03-05T00:00:00Z,38639,NORMAL,0.3431911503935072,0.3260640945014864,0.0,0.4293955330746558,0.5308599940034054,0.0,25,True,,,SHORT_SUCCESS,False,0.0004591117959000801,0.68,0.32
expanding,2016,2016-03-08T00:00:00Z,38663,VOLATILITY_CONTRACTION,0.3052478965859467,0.34699125925588875,0.0,0.38739325088473053,0.6126067491152695,0.0,25,True,,,SHORT_SUCCESS,False,0.00011575868383251198,0.52,0.48
expanding,2016,2016-03-09T00:00:00Z,38687,HIGH_VOLATILITY,0.3533731145059274,0.3299937376131802,0.0,0.5974539846248975,0.36480719302541353,0.0,25,True,,,SHORT_SUCCESS,False,0.0004065184011556866,0.52,0.48
expanding,2016,2016-03-10T00:00:00Z,38711,HIGH_VOLATILITY,0.3315857028777522,0.33180929810894677,0.0,0.4323170481366268,0.5272782627116269,0.0,25,True,,,SHORT_SUCCESS,False,-7.302209055959352e-05,0.48,0.52
expanding,2016,2016-03-11T00:00:00Z,38735,HIGH_VOLATILITY,0.34388864311628775,0.3255088390699966,0.0,0.5967388253193268,0.36541290939228854,0.0,25,True,,,SHORT_SUCCESS,False,0.00037083689241845796,0.56,0.44
expanding,2016,2016-03-12T00:00:00Z,38759,NORMAL,0.3463608854427656,0.32400789447987693,0.0,0.43640057156121,0.5265248284090682,0.0,25,True,,,SHORT_SUCCESS,False,-0.00048445584540757203,0.4,0.6
expanding,2016,2016-03-15T00:00:00Z,38783,HIGH_VOLATILITY,0.359835528115698,0.3273561431501195,0.0,0.5618499271496782,0.4381500728503217,0.0,25,True,,,LONG_SUCCESS,False,0.00039190124642063395,0.56,0.44
expanding,2016,2016-03-16T00:00:00Z,38807,NORMAL,0.3246178189576764,0.3415529775582943,0.0,0.19656673076223508,0.7668464402819722,0.0,25,True,,,LONG_SUCCESS,False,0.0004630525002886632,0.56,0.44
expanding,2016,2016-03-17T00:00:00Z,38831,NORMAL,0.3424262289901392,0.332048920144426,0.0,0.5123733914785104,0.44851494001143494,0.0,25,True,,,SHORT_SUCCESS,False,-7.257765660362292e-05,0.48,0.52
expanding,2016,2016-03-18T00:00:00Z,38855,NORMAL,0.33667012148363706,0.3329841745469731,0.0,0.5674705277533777,0.39368635085922327,0.0,25,True,,,AMBIGUOUS_PATH,False,0.0004606061653862348,0.64,0.36
expanding,2016,2016-03-19T00:00:00Z,38879,VOLATILITY_CONTRACTION,0.3406248461962821,0.32906884691238697,0.0,0.48878007118956035,0.470194329796306,0.0,25,True,,,LONG_SUCCESS,False,0.0009817036398200862,0.72,0.28
expanding,2016,2016-03-22T00:00:00Z,38903,NORMAL,0.34948381843762555,0.3357022275892401,0.0,0.3973812803030065,0.6026187196969933,0.0,25,True,,,SHORT_SUCCESS,False,3.242605558040346e-05,0.52,0.48
expanding,2016,2016-03-23T00:00:00Z,38927,HIGH_VOLATILITY,0.3434179871412508,0.32744276486099144,0.0,0.5582216455360359,0.3982847277427886,0.0,25,True,,,LONG_SUCCESS,False,0.00037083689241845796,0.56,0.44
expanding,2016,2016-03-24T00:00:00Z,38951,HIGH_VOLATILITY,0.32369058966752046,0.3388257117782049,0.0,0.46842063819319235,0.4555370409112169,0.0,25,True,,,LONG_SUCCESS,False,0.00026832313410407593,0.56,0.44
expanding,2016,2016-03-25T00:00:00Z,38975,NORMAL,0.3463601426414852,0.3293166737421057,0.0,0.5612421859498113,0.4387578140501885,0.0,25,True,,,LONG_SUCCESS,False,0.0005489639315567896,0.56,0.44
expanding,2016,2016-03-26T00:00:00Z,38999,TRENDING,0.3463160868516833,0.33164494387160653,0.0,0.37059988646367353,0.5142632002937895,0.0,25,True,,,LONG_SUCCESS,False,0.0002303160279004679,0.52,0.48
expanding,2016,2016-03-29T00:00:00Z,39023,NORMAL,0.3202637391396277,0.34413904890873537,0.0,0.47447718678785145,0.48041277233840013,0.0,25,True,,,SHORT_SUCCESS,False,0.0002304859850588148,0.52,0.48
expanding,2016,2016-03-30T00:00:00Z,39047,NORMAL,0.319498687745608,0.34617533816528345,0.0,0.4418768327404861,0.5581231672595137,0.0,25,True,,,SHORT_SUCCESS,False,0.00012432253052163666,0.52,0.48
expanding,2016,2016-03-31T00:00:00Z,39071,NORMAL,0.3361689302583133,0.3316586174584941,0.0,0.37015438328095124,0.5903770227028828,0.0,25,True,,,SHORT_SUCCESS,False,0.0007081475131078818,0.68,0.32
expanding,2016,2016-04-01T00:00:00Z,39095,NORMAL,0.33444527933314494,0.3414359686432584,0.0,0.523954116269981,0.43637444157386507,0.0,25,True,,,LONG_SUCCESS,False,0.00030143980038399576,0.56,0.44
expanding,2016,2016-04-02T00:00:00Z,39119,NORMAL,0.3166534382059774,0.339894240226356,0.0,0.40223777385884557,0.5564342069887146,0.0,25,True,,,SHORT_SUCCESS,False,-0.0004376546426425598,0.28,0.72
expanding,2016,2016-04-05T00:00:00Z,39143,LOW_VOLATILITY_RANGE,0.32638177090581844,0.3420320044361028,0.0,0.305310676625175,0.694689323374825,0.0,25,True,,,AMBIGUOUS_PATH,False,-0.0005215358156339667,0.4,0.6
expanding,2016,2016-04-06T00:00:00Z,39167,NORMAL,0.3435443207845974,0.3297544513845382,0.0,0.40368799414561085,0.5106427975295058,0.0,25,True,,,LONG_SUCCESS,False,0.0007081475131078818,0.64,0.36
expanding,2016,2016-04-07T00:00:00Z,39191,NORMAL,0.3058716785468043,0.34343779851566525,0.0,0.27704813796084454,0.6102671694781991,0.0,25,True,,,LONG_SUCCESS,False,-0.00018879117043957283,0.44,0.56
expanding,2016,2016-04-08T00:00:00Z,39215,HIGH_VOLATILITY,0.3385160567844633,0.32518919284839354,0.0,0.6801993129591749,0.31980068704082515,0.0,25,True,,,SHORT_SUCCESS,False,0.00047045984439320065,0.68,0.32
expanding,2016,2016-04-09T00:00:00Z,39239,NORMAL,0.31432554544269825,0.33810991816453184,0.0,0.37863267239531523,0.5797980514520165,0.0,25,True,,,SHORT_SUCCESS,False,-5.372875349374251e-05,0.44,0.56
expanding,2016,2016-04-12T00:00:00Z,39263,NORMAL,0.3193741705249379,0.33299676516052973,0.0,0.44452686483123804,0.5139289074022506,0.0,25,True,,,SHORT_SUCCESS,False,0.0008852716401488436,0.64,0.36
expanding,2016,2016-04-13T00:00:00Z,39287,LOW_VOLATILITY_RANGE,0.33292680276229897,0.33728206307092273,0.0,0.23463535342117992,0.7653646465788201,0.0,25,True,,,SHORT_SUCCESS,False,-0.0007678191572544346,0.44,0.56
expanding,2016,2016-04-14T00:00:00Z,39311,NORMAL,0.3222834393221386,0.33273302653609693,0.0,0.5160787547172637,0.3268520686402179,0.0,25,True,,,LONG_SUCCESS,False,0.000919302883322981,0.72,0.28
expanding,2016,2016-04-15T00:00:00Z,39335,VOLATILITY_CONTRACTION,0.3436305100430077,0.3336408382011784,0.0,0.44102506698062055,0.4632744197470905,0.0,25,True,,,LONG_SUCCESS,False,-7.257765660362292e-05,0.44,0.56
expanding,2016,2016-04-16T00:00:00Z,39359,NORMAL,0.34605554176067577,0.33227032075039936,0.0,0.3972506313686361,0.5596107418835956,0.0,25,True,,,SHORT_SUCCESS,False,6.922491051208901e-05,0.52,0.48
expanding,2016,2016-04-19T00:00:00Z,39383,VOLATILITY_CONTRACTION,0.336839045961982,0.3400443656783531,0.0,0.4358707164094372,0.5641292835905626,0.0,25,True,,,SHORT_SUCCESS,False,-0.00023825857798276395,0.48,0.52
expanding,2016,2016-04-20T00:00:00Z,39407,NORMAL,0.331802457567786,0.330376969788076,0.0,0.31857148448143774,0.6023919794146042,0.0,25,True,,,SHORT_SUCCESS,False,-0.000178844519928556,0.44,0.56
expanding,2016,2016-04-21T00:00:00Z,39431,NORMAL,0.32759941682493815,0.33185714114626835,0.0,0.36614308569236076,0.47402652731121997,0.0,25,True,,,SHORT_SUCCESS,False,0.00022167713838627812,0.64,0.36
expanding,2016,2016-04-22T00:00:00Z,39455,NORMAL,0.34346413833840844,0.33040540023360626,0.0,0.3585226286056939,0.5611831933575765,0.0,25,True,,,LONG_SUCCESS,False,4.577454271359471e-05,0.52,0.48
expanding,2016,2016-04-23T00:00:00Z,39479,NORMAL,0.31528309853334385,0.33714465565664287,0.0,0.5451091607334055,0.4096268221707956,0.0,25,True,,,SHORT_SUCCESS,False,-0.0007097273692554529,0.4,0.6
expanding,2016,2016-04-26T00:00:00Z,39503,LOW_VOLATILITY_RANGE,0.3310363196471004,0.33069617687410635,0.0,0.5076363191196317,0.4000096784500612,0.0,25,True,,,LONG_SUCCESS,False,-0.0007520451264428907,0.32,0.68
expanding,2016,2016-04-27T00:00:00Z,39527,NORMAL,0.34384444117365537,0.32758256040188294,0.0,0.6702092354601401,0.32979076453986,0.0,25,True,,,SHORT_SUCCESS,False,-0.00010990104051589178,0.48,0.52
expanding,2016,2016-04-28T00:00:00Z,39551,VOLATILITY_EXPANSION,0.3332264818827524,0.3335226177079366,0.0,0.4562932123750911,0.4610370993364921,0.0,25,True,,,SHORT_SUCCESS,False,-0.0003683471250260917,0.44,0.56
expanding,2016,2016-04-29T00:00:00Z,39575,HIGH_VOLATILITY,0.35535530682291017,0.3262322989542571,0.0,0.6417991673608713,0.35820083263912883,0.0,25,True,,,SHORT_SUCCESS,False,0.0011986552397715844,0.56,0.44
expanding,2016,2016-04-30T00:00:00Z,39599,HIGH_VOLATILITY,0.3333974477868244,0.3268471095826274,0.0,0.351169130215066,0.6118226290643045,0.0,25,True,,,SHORT_SUCCESS,False,-0.0005435211149895647,0.44,0.56
expanding,2016,2016-05-03T00:00:00Z,39623,HIGH_VOLATILITY,0.358000872642146,0.32944286672233586,0.0,0.6442676356575792,0.35573236434242056,0.0,25,True,,,SHORT_SUCCESS,False,-0.00031466010546710166,0.4,0.6
expanding,2016,2016-05-04T00:00:00Z,39647,HIGH_VOLATILITY,0.3323217282062957,0.348385434915529,0.0,0.5516872895841144,0.40813371945795424,0.0,25,True,,,LONG_SUCCESS,False,0.0006427324977584803,0.6,0.4
expanding,2016,2016-05-05T00:00:00Z,39671,NORMAL,0.34451049860314764,0.3291323153085146,0.0,0.4866190670918864,0.4760187226145687,0.0,25,True,,,SHORT_SUCCESS,False,0.0007151726034695383,0.64,0.36
expanding,2016,2016-05-06T00:00:00Z,39695,NORMAL,0.33775179391851395,0.33200368767048816,0.0,0.5216872252237835,0.3181172083883809,0.0,25,True,,,LONG_SUCCESS,False,0.0008984389135548998,0.68,0.32
expanding,2016,2016-05-07T00:00:00Z,39719,TRENDING,0.34701789327018234,0.32084270952291183,0.0,0.6286375092893378,0.37136249071066213,0.0,25,True,,,LONG_SUCCESS,False,0.0007787104500429631,0.72,0.28
expanding,2016,2016-05-10T00:00:00Z,39743,NORMAL,0.3198219535647864,0.3398829845645097,0.0,0.5227197504073238,0.4401569779023412,0.0,25,True,,,SHORT_SUCCESS,False,0.0010334603022241762,0.72,0.28
expanding,2016,2016-05-11T00:00:00Z,39767,VOLATILITY_EXPANSION,0.3418312670459783,0.3271803686082557,0.0,0.6000168685384369,0.3622458876068002,0.0,25,True,,,SHORT_SUCCESS,False,-2.4034666312955366e-05,0.48,0.52
expanding,2016,2016-05-12T00:00:00Z,39791,NORMAL,0.33282654449268373,0.32725644828902495,0.0,0.6879456736998392,0.23992009460249275,0.0,25,True,,,LONG_SUCCESS,False,0.0003599091341415228,0.6,0.4
expanding,2016,2016-05-13T00:00:00Z,39815,NORMAL,0.3352420498702361,0.3468265365548488,0.0,0.41616158358803607,0.542691022905113,0.0,25,True,,,LONG_SUCCESS,False,0.00046536959240817133,0.6,0.4
expanding,2016,2016-05-14T00:00:00Z,39839,NORMAL,0.3142612871583952,0.3423810927628896,0.0,0.4468325788141468,0.5103190028256145,0.0,25,True,,,LONG_SUCCESS,False,-0.00039174584712642346,0.4,0.6
expanding,2016,2016-05-17T00:00:00Z,39863,NORMAL,0.3204026066414161,0.3355893684785776,0.0,0.3931673091811563,0.5253844554786217,0.0,25,True,,,LONG_SUCCESS,False,0.000751147801504759,0.6,0.4
expanding,2016,2016-05-18T00:00:00Z,39887,HIGH_VOLATILITY,0.34743935762518513,0.32101504004295134,0.0,0.6047629682202942,0.3571725658686921,0.0,25,True,,,SHORT_SUCCESS,False,0.0011508260784915958,0.68,0.32
expanding,2016,2016-05-19T00:00:00Z,39911,NORMAL,0.3438284472151343,0.3360954178712463,0.0,0.4764791189656968,0.4454151977438996,0.0,25,True,,,LONG_SUCCESS,False,0.00037083689241845796,0.56,0.44
expanding,2016,2016-05-20T00:00:00Z,39935,NORMAL,0.32842263590369797,0.33425463063686006,0.0,0.5625104816562541,0.39826015514447366,0.0,25,True,,,LONG_SUCCESS,False,-4.998031447611684e-05,0.48,0.52
expanding,2016,2016-05-21T00:00:00Z,39959,NORMAL,0.329170700802972,0.34130196317665057,0.0,0.4835111851619425,0.5164888148380574,0.0,25,True,,,SHORT_SUCCESS,False,0.00011756467665580139,0.52,0.48
expanding,2016,2016-05-24T00:00:00Z,39983,NORMAL,0.35621651988216707,0.316294019582532,0.0,0.6475458216504139,0.3524541783495861,0.0,25,True,,,LONG_SUCCESS,False,0.0003170196647774848,0.6,0.4
expanding,2016,2016-05-25T00:00:00Z,40007,TRENDING,0.3450260540835293,0.33593408491186133,0.0,0.402560490199976,0.5974395098000237,0.0,25,True,,,SHORT_SUCCESS,False,5.647970600919372e-05,0.52,0.48
expanding,2016,2016-05-26T00:00:00Z,40031,HIGH_VOLATILITY,0.3627693990966841,0.32818223305764693,0.0,0.5163426661607087,0.4444458596929522,0.0,25,True,,,SHORT_SUCCESS,False,0.0008815372095347662,0.6,0.4
expanding,2016,2016-05-27T00:00:00Z,40055,TRENDING,0.35930961009337425,0.3198664512767849,0.0,0.5129927044351369,0.48700729556486305,0.0,25,True,,,SHORT_SUCCESS,False,0.0003610521953341106,0.52,0.48
expanding,2016,2016-05-28T00:00:00Z,40079,NORMAL,0.3163042894090671,0.33772971077531866,0.0,0.4492350096766507,0.5143203259517817,0.0,25,True,,,LONG_SUCCESS,False,0.0004591109752012379,0.56,0.44
expanding,2016,2016-05-31T00:00:00Z,40103,NORMAL,0.3380154332677196,0.3358646829612304,0.0,0.4323495690149125,0.5174446543373479,0.0,25,True,,,SHORT_SUCCESS,False,-0.0011198263621197135,0.28,0.72
expanding,2016,2016-06-01T00:00:00Z,40127,NORMAL,0.33339172475101425,0.33263574586379874,0.0,0.2337817653070098,0.7268944897751409,0.0,25,True,,,LONG_SUCCESS,False,-0.001094186775477568,0.44,0.56
expanding,2016,2016-06-02T00:00:00Z,40151,NORMAL,0.35434030796275445,0.32352508063157864,0.0,0.5565093859449556,0.44349061405504453,0.0,25,True,,,AMBIGUOUS_PATH,False,0.000826489931596619,0.6,0.4
expanding,2016,2016-06-03T00:00:00Z,40175,NORMAL,0.3333299957622467,0.3345607105677039,0.0,0.5715069221204054,0.35200465962750604,0.0,25,True,,,LONG_SUCCESS,False,0.00017569234142689183,0.52,0.48
expanding,2016,2016-06-04T00:00:00Z,40199,VOLATILITY_EXPANSION,0.33043468761249833,0.33936048055740053,0.0,0.5616236989920546,0.39980899862207386,0.0,25,True,,,LONG_SUCCESS,False,0.0008897179781512943,0.52,0.48
expanding,2016,2016-06-07T00:00:00Z,40223,HIGH_VOLATILITY,0.33728855102843464,0.3273792555803418,0.0,0.44565577739373774,0.48331378933311864,0.0,25,True,,,SHORT_SUCCESS,False,0.00035499730727495127,0.56,0.44
expanding,2016,2016-06-08T00:00:00Z,40247,HIGH_VOLATILITY,0.34869613582711423,0.3346372439442474,0.0,0.4279589708094532,0.5720410291905467,0.0,25,True,,,SHORT_SUCCESS,False,0.0005142394585599952,0.6,0.4
expanding,2016,2016-06-09T00:00:00Z,40271,HIGH_VOLATILITY,0.3510087126732001,0.33500957230600137,0.0,0.6070752316308692,0.392924768369131,0.0,25,True,,,LONG_SUCCESS,False,-7.115640702437531e-06,0.48,0.52
expanding,2016,2016-06-10T00:00:00Z,40295,NORMAL,0.3105405096420711,0.34149745943255605,0.0,0.43823780672458,0.5213132608891424,0.0,25,True,,,AMBIGUOUS_PATH,False,0.00026030625123474316,0.56,0.44
expanding,2016,2016-06-11T00:00:00Z,40319,HIGH_VOLATILITY,0.32106969950543746,0.33897621884644275,0.0,0.3566921884438348,0.6072562190116665,0.0,25,True,,,SHORT_SUCCESS,False,-0.00042671776982516896,0.44,0.56
expanding,2016,2016-06-14T00:00:00Z,40343,NORMAL,0.32070410306854985,0.34271101609897214,0.0,0.5183039122547806,0.40454288830484214,0.0,25,True,,,SHORT_SUCCESS,False,0.00012432253052163666,0.56,0.44
expanding,2016,2016-06-15T00:00:00Z,40367,HIGH_VOLATILITY,0.33729511150243685,0.32433474461459133,0.0,0.36002387839110067,0.6005736850586069,0.0,25,True,,,SHORT_SUCCESS,False,-0.00015780086043093444,0.44,0.56
expanding,2016,2016-06-16T00:00:00Z,40391,HIGH_VOLATILITY,0.34875213721620035,0.3208361366695246,0.0,0.5590843195001446,0.4409156804998554,0.0,25,True,,,SHORT_SUCCESS,False,0.0005489639315567896,0.56,0.44
expanding,2016,2016-06-17T00:00:00Z,40415,HIGH_VOLATILITY,0.3257810701522846,0.3348568263224738,0.0,0.46831024578870684,0.5316897542112932,0.0,25,True,,,LONG_SUCCESS,False,-0.0014057779484970556,0.32,0.68
expanding,2016,2016-06-18T00:00:00Z,40439,NORMAL,0.3283708886851246,0.3444843985223869,0.0,0.4390378271499689,0.5609621728500308,0.0,25,True,,,SHORT_SUCCESS,False,0.0014279770666185687,0.68,0.32
expanding,2016,2016-06-21T00:00:00Z,40463,VOLATILITY_CONTRACTION,0.32341668557485576,0.33859070852930895,0.0,0.40192349543136846,0.5591047675689336,0.0,25,True,,,LONG_SUCCESS,False,-0.0005215358156339667,0.44,0.56
expanding,2016,2016-06-22T00:00:00Z,40487,HIGH_VOLATILITY,0.33529337377555885,0.3320220181436697,0.0,0.5966292892794466,0.36097441335652813,0.0,25,True,,,SHORT_SUCCESS,False,0.0003841376168747246,0.52,0.48
expanding,2016,2016-06-23T00:00:00Z,40511,NORMAL,0.33307086039680234,0.3277826971685587,0.0,0.5962436057126618,0.40375639428733856,0.0,25,True,,,SHORT_SUCCESS,False,0.0007081475131078818,0.6,0.4
expanding,2016,2016-06-24T00:00:00Z,40535,NORMAL,0.34486011373139075,0.3284086139023759,0.0,0.44565687618671,0.5143704297748957,0.0,25,True,,,SHORT_SUCCESS,False,-0.0003068048408191304,0.4,0.6
expanding,2016,2016-06-25T00:00:00Z,40559,VOLATILITY_EXPANSION,0.3478145837536516,0.31644307736223154,0.0,0.44423340423006463,0.5192323249806177,0.0,25,True,,,LONG_SUCCESS,False,-0.00043259607026602254,0.44,0.56
expanding,2016,2016-06-28T00:00:00Z,40583,NORMAL,0.32108507529582203,0.34502496844895153,0.0,0.4374007392492888,0.48324268750143845,0.0,25,True,,,LONG_SUCCESS,False,-0.0007541709257230522,0.44,0.56
expanding,2016,2016-06-29T00:00:00Z,40607,HIGH_VOLATILITY,0.3346044697051208,0.34686898228243845,0.0,0.515167448570383,0.4450625809978107,0.0,25,True,,,LONG_SUCCESS,False,0.0003152553297742777,0.64,0.36
expanding,2016,2016-06-30T00:00:00Z,40631,NORMAL,0.3325686974692826,0.3428217837753679,0.0,0.6414696219075516,0.28123697893954835,0.0,25,True,,,LONG_SUCCESS,False,0.0006332021502390983,0.64,0.36
expanding,2016,2016-07-01T00:00:00Z,40655,VOLATILITY_CONTRACTION,0.3320149415000045,0.344761259058895,0.0,0.43127057818476217,0.5284944629548861,0.0,25,True,,,SHORT_SUCCESS,False,0.0003319349493717816,0.56,0.44
expanding,2016,2016-07-02T00:00:00Z,40679,NORMAL,0.3224151020080544,0.34427865266345165,0.0,0.47378751672046376,0.49059035698940906,0.0,25,True,,,AMBIGUOUS_PATH,False,-0.00010673965321761347,0.48,0.52
expanding,2016,2016-07-05T00:00:00Z,40703,NORMAL,0.33003642780225817,0.33440143852113674,0.0,0.31187300556664677,0.6405207688609454,0.0,25,True,,,AMBIGUOUS_PATH,False,-0.00056995932926307,0.36,0.64
expanding,2016,2016-07-06T00:00:00Z,40727,HIGH_VOLATILITY,0.33842615879149857,0.3335208010874836,0.0,0.5947333317022707,0.4052666682977293,0.0,25,True,,,LONG_SUCCESS,False,0.00047045984439320065,0.64,0.36
expanding,2016,2016-07-07T00:00:00Z,40751,VOLATILITY_EXPANSION,0.33695114552614197,0.3246977719061072,0.0,0.48856243638838087,0.511437563611619,0.0,25,True,,,SHORT_SUCCESS,False,0.0004959171415570562,0.6,0.4
expanding,2016,2016-07-08T00:00:00Z,40775,HIGH_VOLATILITY,0.34097807290951526,0.33227179944263496,0.0,0.564598378861063,0.435401621138937,0.0,25,True,,,SHORT_SUCCESS,False,0.00023479197722187095,0.52,0.48
expanding,2016,2016-07-09T00:00:00Z,40799,HIGH_VOLATILITY,0.34411232393322466,0.3271163754159059,0.0,0.4730956925390451,0.49078009637109643,0.0,25,True,,,LONG_SUCCESS,False,6.877970538154976e-05,0.52,0.48
expanding,2016,2016-07-12T00:00:00Z,40823,NORMAL,0.33027819290713495,0.3395419278940924,0.0,0.4931286312506039,0.47013607499819515,0.0,25,True,,,SHORT_SUCCESS,False,0.0002352622308483543,0.52,0.48
expanding,2016,2016-07-13T00:00:00Z,40847,VOLATILITY_CONTRACTION,0.333738241302209,0.34044840971310397,0.0,0.33231540748290134,0.6676845925170986,0.0,25,True,,,LONG_SUCCESS,False,-0.00056995932926307,0.44,0.56
expanding,2016,2016-07-14T00:00:00Z,40871,TRENDING,0.3554568151179052,0.32758824201624537,0.0,0.3111472852123192,0.5663216568907825,0.0,25,True,,,LONG_SUCCESS,False,-0.000143853167721808,0.44,0.56
expanding,2016,2016-07-15T00:00:00Z,40895,NORMAL,0.3499283059838154,0.3253285129950295,0.0,0.4809227940166894,0.5190772059833105,0.0,25,True,,,SHORT_SUCCESS,False,0.0009568887402853221,0.64,0.36
expanding,2016,2016-07-16T00:00:00Z,40919,VOLATILITY_EXPANSION,0.33082732004776144,0.33371460898867683,0.0,0.30441430296690974,0.6123364776197845,0.0,25,True,,,LONG_SUCCESS,False,-9.42253311930763e-05,0.44,0.56
expanding,2016,2016-07-19T00:00:00Z,40943,HIGH_VOLATILITY,0.3316605216026149,0.3333934098666264,0.0,0.5380124463278382,0.46198755367216165,0.0,25,True,,,SHORT_SUCCESS,False,0.0001990704700554069,0.52,0.48
expanding,2016,2016-07-20T00:00:00Z,40967,HIGH_VOLATILITY,0.33407818583538457,0.3389093692000992,0.0,0.4058774716912546,0.5551543295698219,0.0,25,True,,,SHORT_SUCCESS,False,2.5534697426943254e-05,0.52,0.48
expanding,2016,2016-07-21T00:00:00Z,40991,NORMAL,0.3479899807724116,0.3303287825440864,0.0,0.49524943622530265,0.424615645232971,0.0,25,True,,,SHORT_SUCCESS,False,-6.0534631257658233e-05,0.44,0.56
expanding,2016,2016-07-22T00:00:00Z,41015,VOLATILITY_CONTRACTION,0.33248662375800425,0.3417903758329633,0.0,0.5946598824926884,0.3673265707569819,0.0,25,True,,,LONG_SUCCESS,False,0.0006589023019032414,0.6,0.4
expanding,2016,2016-07-23T00:00:00Z,41039,NORMAL,0.3134530107518053,0.3368692098423477,0.0,0.4368334355423585,0.4817732542667607,0.0,25,True,,,LONG_SUCCESS,False,-5.372875349374251e-05,0.48,0.52
expanding,2016,2016-07-26T00:00:00Z,41063,NORMAL,0.33071844053135324,0.33120901706909567,0.0,0.3948573251030469,0.5634963411082593,0.0,25,True,,,SHORT_SUCCESS,False,-0.0007541709257230522,0.36,0.64
expanding,2016,2016-07-27T00:00:00Z,41087,HIGH_VOLATILITY,0.32852637900545834,0.34154561569066366,0.0,0.5668908762648106,0.3588788917795558,0.0,25,True,,,LONG_SUCCESS,False,-0.00027521650975814715,0.44,0.56
expanding,2016,2016-07-28T00:00:00Z,41111,NORMAL,0.32464714356673385,0.3483754462866238,0.0,0.387512372178784,0.6124876278212161,0.0,25,True,,,SHORT_SUCCESS,False,-0.00010967987681131941,0.48,0.52
expanding,2016,2016-07-29T00:00:00Z,41135,VOLATILITY_CONTRACTION,0.32558133479066337,0.3392630432503271,0.0,0.4343498506613247,0.5164519311133037,0.0,25,True,,,SHORT_SUCCESS,False,-0.00031132045470372294,0.44,0.56
expanding,2016,2016-07-30T00:00:00Z,41159,NORMAL,0.3158756382357445,0.34168425994552015,0.0,0.3128954820499497,0.6451350231704863,0.0,25,True,,,LONG_SUCCESS,False,-0.00010673965321761347,0.4,0.6
expanding,2016,2016-08-02T00:00:00Z,41183,NORMAL,0.32908370765821765,0.3463939493476177,0.0,0.5359574116649889,0.464042588335011,0.0,25,True,,,SHORT_SUCCESS,False,-0.0007541709257230522,0.36,0.64
expanding,2016,2016-08-03T00:00:00Z,41207,NORMAL,0.3342133551148108,0.33172681630399503,0.0,0.6736672153104103,0.3263327846895896,0.0,25,True,,,SHORT_SUCCESS,False,0.00043247900316112364,0.56,0.44
expanding,2016,2016-08-04T00:00:00Z,41231,NORMAL,0.3383798984746226,0.34032518803835426,0.0,0.5553217550567874,0.4446782449432126,0.0,25,True,,,LONG_SUCCESS,False,-0.00038644880743055054,0.36,0.64
expanding,2016,2016-08-05T00:00:00Z,41255,VOLATILITY_EXPANSION,0.3389719227262966,0.32813410792574643,0.0,0.4403318450518371,0.5224439567722129,0.0,25,True,,,LONG_SUCCESS,False,0.0010535313197714835,0.68,0.32
expanding,2016,2016-08-06T00:00:00Z,41279,NORMAL,0.32588424859538623,0.33683082674548326,0.0,0.40094853480947396,0.561572112230074,0.0,25,True,,,LONG_SUCCESS,False,0.0008053545807868989,0.52,0.48
expanding,2016,2016-08-09T00:00:00Z,41303,NORMAL,0.34088430657046653,0.3376650038050162,0.0,0.48452089473936194,0.35137163524417975,0.0,25,True,,,LONG_SUCCESS,False,0.0006973860166197277,0.6,0.4
expanding,2016,2016-08-10T00:00:00Z,41327,NORMAL,0.3454096202777612,0.33245971192730106,0.0,0.6871172817639233,0.3128827182360768,0.0,25,True,,,LONG_SUCCESS,False,-0.0008972710590721134,0.36,0.64
expanding,2016,2016-08-11T00:00:00Z,41351,NORMAL,0.35003577330794233,0.3334739061853781,0.0,0.4874498800313427,0.5125501199686571,0.0,25,True,,,SHORT_SUCCESS,False,-0.0005142506539247416,0.4,0.6
expanding,2016,2016-08-12T00:00:00Z,41375,HIGH_VOLATILITY,0.34819050449712186,0.3288754352920109,0.0,0.44678646458495336,0.4748905951852948,0.0,25,True,,,SHORT_SUCCESS,False,-2.4034666312955366e-05,0.48,0.52
expanding,2016,2016-08-13T00:00:00Z,41399,VOLATILITY_CONTRACTION,0.3120577202513873,0.34934709146598725,0.0,0.4033278803533962,0.5610338657858361,0.0,25,True,,,SHORT_SUCCESS,False,0.00026030625123474316,0.56,0.44
expanding,2016,2016-08-16T00:00:00Z,41423,NORMAL,0.32771494062870316,0.3488134678121478,0.0,0.43752394257650656,0.5624760574234933,0.0,25,True,,,SHORT_SUCCESS,False,-0.0010912488210376159,0.44,0.56
expanding,2016,2016-08-17T00:00:00Z,41447,HIGH_VOLATILITY,0.3446946904525033,0.3199636815468494,0.0,0.5660286697117493,0.39622216593854104,0.0,25,True,,,SHORT_SUCCESS,False,0.0009425794165998092,0.76,0.24
expanding,2016,2016-08-18T00:00:00Z,41471,NORMAL,0.3352494331061995,0.3404819720218057,0.0,0.5073249266363078,0.41079491279978175,0.0,25,True,,,SHORT_SUCCESS,False,0.0004606061653862348,0.64,0.36
expanding,2016,2016-08-19T00:00:00Z,41495,NORMAL,0.31774301202921784,0.350734664168395,0.0,0.5314564898663776,0.431439857093189,0.0,25,True,,,LONG_SUCCESS,False,0.00025099227713831773,0.6,0.4
expanding,2016,2016-08-20T00:00:00Z,41519,TRENDING,0.3378807171320719,0.3208360284190621,0.0,0.3541469099586121,0.6063278808994367,0.0,25,True,,,AMBIGUOUS_PATH,False,-0.00023256638101842864,0.44,0.56
expanding,2016,2016-08-23T00:00:00Z,41543,VOLATILITY_EXPANSION,0.3305850621543305,0.3316674887372002,0.0,0.5968946066677355,0.4031053933322644,0.0,25,True,,,LONG_SUCCESS,False,-0.00043201802020664815,0.36,0.64
expanding,2016,2016-08-24T00:00:00Z,41567,HIGH_VOLATILITY,0.3328312779553142,0.331725327684229,0.0,0.7171223756375734,0.2449096750700951,0.0,25,True,,,LONG_SUCCESS,False,7.396622555866372e-05,0.56,0.44
expanding,2016,2016-08-25T00:00:00Z,41591,HIGH_VOLATILITY,0.3432498317247653,0.32921891072131637,0.0,0.4348558296258212,0.5262576568726408,0.0,25,True,,,SHORT_SUCCESS,False,0.0005489639315567896,0.6,0.4
expanding,2016,2016-08-26T00:00:00Z,41615,NORMAL,0.33133191075541046,0.33484544014689627,0.0,0.5598785828462838,0.4401214171537162,0.0,25,True,,,LONG_SUCCESS,False,0.0003319349493717816,0.56,0.44
expanding,2016,2016-08-27T00:00:00Z,41639,NORMAL,0.34593376932957864,0.33638504866807534,0.0,0.3679783905524758,0.6320216094475241,0.0,25,True,,,SHORT_SUCCESS,False,4.577454271359471e-05,0.52,0.48
expanding,2016,2016-08-30T00:00:00Z,41663,TRENDING,0.34656701404049634,0.3314452353885096,0.0,0.4432970454680809,0.5180821684276201,0.0,25,True,,,SHORT_SUCCESS,False,0.0003170196647774848,0.56,0.44
expanding,2016,2016-08-31T00:00:00Z,41687,NORMAL,0.35691320288832656,0.3339223680956966,0.0,0.5526156251583751,0.4473843748416249,0.0,25,True,,,SHORT_SUCCESS,False,0.00011432336045746894,0.52,0.48
expanding,2016,2016-09-01T00:00:00Z,41711,NORMAL,0.3416133855953434,0.3301474677772959,0.0,0.4464628033831219,0.5155353485288195,0.0,25,True,,,SHORT_SUCCESS,False,-6.0534631257658233e-05,0.48,0.52
expanding,2016,2016-09-02T00:00:00Z,41735,NORMAL,0.32459919543513926,0.3404717104487307,0.0,0.5955686353286566,0.36753525545727544,0.0,25,True,,,SHORT_SUCCESS,False,0.00075311962196567,0.64,0.36
expanding,2016,2016-09-03T00:00:00Z,41759,NORMAL,0.32480580264270614,0.3420137755219611,0.0,0.33034798237196555,0.629334840421894,0.0,25,True,,,LONG_SUCCESS,False,-0.00017965136295849948,0.48,0.52
expanding,2016,2016-09-06T00:00:00Z,41783,NORMAL,0.3393357730551049,0.3453664586478823,0.0,0.276501433080848,0.6848701628332432,0.0,25,True,,,LONG_SUCCESS,False,-0.0006674251280870402,0.32,0.68
expanding,2016,2016-09-07T00:00:00Z,41807,NORMAL,0.3371445196081753,0.34268383629912325,0.0,0.3369557603020672,0.6630442396979329,0.0,25,True,,,SHORT_SUCCESS,False,-0.0002724938998812654,0.44,0.56
expanding,2016,2016-09-08T00:00:00Z,41831,NORMAL,0.3347309359938481,0.3292642100343045,0.0,0.40873627409288815,0.5514031205171604,0.0,25,True,,,SHORT_SUCCESS,False,0.0003072612849477352,0.6,0.4
expanding,2016,2016-09-09T00:00:00Z,41855,TRENDING,0.34451371986117524,0.3306787725834858,0.0,0.3622793945109988,0.553668257874719,0.0,25,True,,,LONG_SUCCESS,False,0.0002460511668402887,0.6,0.4
expanding,2016,2016-09-10T00:00:00Z,41879,LOW_VOLATILITY_RANGE,0.32698552712592494,0.3301029110438979,0.0,0.5242376593656203,0.3513132462843787,0.0,25,True,,,LONG_SUCCESS,False,0.0005940797982739721,0.56,0.44
expanding,2016,2016-09-13T00:00:00Z,41903,NORMAL,0.32572671961674665,0.3404974855368155,0.0,0.5430143642776607,0.4216226565359798,0.0,25,True,,,SHORT_SUCCESS,False,4.6502168648432374e-05,0.52,0.48
expanding,2016,2016-09-14T00:00:00Z,41927,NORMAL,0.3494567970324979,0.33792676208165956,0.0,0.39461151450334797,0.605388485496652,0.0,25,True,,,LONG_SUCCESS,False,-0.0005830892476992311,0.4,0.6
expanding,2016,2016-09-15T00:00:00Z,41951,NORMAL,0.3374951160326387,0.33454178662771433,0.0,0.5603810377460737,0.4012794263617374,0.0,25,True,,,SHORT_SUCCESS,False,0.0003072612849477352,0.6,0.4
expanding,2016,2016-09-16T00:00:00Z,41975,VOLATILITY_CONTRACTION,0.33793114725026824,0.3328598630051843,0.0,0.5603263348805961,0.36129726559262376,0.0,25,True,,,AMBIGUOUS_PATH,False,0.00025462376873597314,0.52,0.48
expanding,2016,2016-09-17T00:00:00Z,41999,TRENDING,0.3518864787509935,0.3332912422387982,0.0,0.33241080200099665,0.6675891979990034,0.0,25,True,,,SHORT_SUCCESS,False,-0.0001306759783225031,0.48,0.52
expanding,2016,2016-09-20T00:00:00Z,42023,NORMAL,0.32574636510113036,0.35048464808463003,0.0,0.44339105104344634,0.5566089489565539,0.0,25,True,,,SHORT_SUCCESS,False,-0.0008627072368919686,0.36,0.64
expanding,2016,2016-09-21T00:00:00Z,42047,NORMAL,0.3322554446372504,0.33738542395561794,0.0,0.47712996532495217,0.4448510143094566,0.0,25,True,,,LONG_SUCCESS,False,0.0005343453261521525,0.64,0.36
expanding,2016,2016-09-22T00:00:00Z,42071,NORMAL,0.34104433326473493,0.34207667318517626,0.0,0.436247018007088,0.48856373311896056,0.0,25,True,,,SHORT_SUCCESS,False,-0.0003606970047065339,0.44,0.56
expanding,2016,2016-09-23T00:00:00Z,42095,NORMAL,0.30953524728435566,0.3484782001335221,0.0,0.5174051202408796,0.4460657340454668,0.0,25,True,,,SHORT_SUCCESS,False,0.00026030625123474316,0.56,0.44
expanding,2016,2016-09-24T00:00:00Z,42119,TRENDING,0.3372405993955502,0.32745188007744874,0.0,0.40375863709960036,0.47884382434871103,0.0,25,True,,,LONG_SUCCESS,False,4.577454271359471e-05,0.52,0.48
expanding,2016,2016-09-27T00:00:00Z,42143,NORMAL,0.3179042881787637,0.35163553403548325,0.0,0.44858496401061176,0.4722011783474335,0.0,25,True,,,LONG_SUCCESS,False,-0.00018879117043957283,0.44,0.56
expanding,2016,2016-09-28T00:00:00Z,42167,NORMAL,0.3305531268272971,0.34099883356326366,0.0,0.3970440638538832,0.5201332722929464,0.0,25,True,,,LONG_SUCCESS,False,0.00019058624153078796,0.56,0.44
expanding,2016,2016-09-29T00:00:00Z,42191,VOLATILITY_EXPANSION,0.3384088170521705,0.3287207930717629,0.0,0.4780480603105467,0.5219519396894533,0.0,25,True,,,SHORT_SUCCESS,False,4.321057633083214e-05,0.52,0.48
expanding,2016,2016-09-30T00:00:00Z,42215,HIGH_VOLATILITY,0.33477806729266546,0.32980873721549775,0.0,0.5071470927523525,0.44965868315810925,0.0,25,True,,,SHORT_SUCCESS,False,4.321057633083214e-05,0.52,0.48
expanding,2016,2016-10-01T00:00:00Z,42239,HIGH_VOLATILITY,0.3372520050987114,0.3316118275564202,0.0,0.43571305429835805,0.5642869457016418,0.0,25,True,,,LONG_SUCCESS,False,0.00028851991133294064,0.56,0.44
expanding,2016,2016-10-04T00:00:00Z,42263,TRENDING,0.35633025413273417,0.3346026979051008,0.0,0.3237042502722711,0.5982938622514176,0.0,25,True,,,LONG_SUCCESS,False,-0.00041344562978329336,0.32,0.68
expanding,2016,2016-10-05T00:00:00Z,42287,HIGH_VOLATILITY,0.34604241776944694,0.3410578124614754,0.0,0.5642904693276214,0.39540905271504134,0.0,25,True,,,LONG_SUCCESS,False,-0.0005879125999822543,0.4,0.6
expanding,2016,2016-10-06T00:00:00Z,42311,NORMAL,0.3478846281388551,0.33256702492560625,0.0,0.5257622643088372,0.4742377356911625,0.0,25,True,,,LONG_SUCCESS,False,-7.257765660362292e-05,0.44,0.56
expanding,2016,2016-10-07T00:00:00Z,42335,NORMAL,0.32945420847507184,0.34553214704021923,0.0,0.48660307665841035,0.5133969233415897,0.0,25,True,,,LONG_SUCCESS,False,-0.00046137150158742646,0.48,0.52
expanding,2016,2016-10-08T00:00:00Z,42359,NORMAL,0.3233964441440074,0.3272969289802754,0.0,0.43720824206152187,0.40835637889339244,0.0,25,True,,,SHORT_SUCCESS,False,-0.0004008656796812282,0.44,0.56
expanding,2016,2016-10-11T00:00:00Z,42383,NORMAL,0.3216646357212046,0.34902679096698186,0.0,0.5546370096134188,0.445362990386581,0.0,25,True,,,LONG_SUCCESS,False,0.0005415923924911858,0.52,0.48
expanding,2016,2016-10-12T00:00:00Z,42407,NORMAL,0.3311318097071805,0.34056698462639096,0.0,0.4277876739583963,0.45308719294521416,0.0,25,True,,,SHORT_SUCCESS,False,0.00019058624153078796,0.56,0.44
expanding,2016,2016-10-13T00:00:00Z,42431,NORMAL,0.32663003390227446,0.33621033444813986,0.0,0.5287306718855752,0.43341047924529547,0.0,25,True,,,LONG_SUCCESS,False,-0.0002438346212030318,0.44,0.56
expanding,2016,2016-10-14T00:00:00Z,42455,NORMAL,0.3170410044646634,0.3377703844619824,0.0,0.32828269825234535,0.5927731760340118,0.0,25,True,,,SHORT_SUCCESS,False,-0.00017290138957493095,0.48,0.52
expanding,2016,2016-10-15T00:00:00Z,42479,NORMAL,0.331223609440803,0.33812685365584855,0.0,0.5933364508316826,0.40666354916831726,0.0,25,True,,,SHORT_SUCCESS,False,-0.00027125018169993353,0.48,0.52
expanding,2016,2016-10-18T00:00:00Z,42503,NORMAL,0.33264382484152216,0.3421467664403668,0.0,0.6492066379246357,0.35079336207536405,0.0,25,True,,,LONG_SUCCESS,False,0.000713919746287095,0.68,0.32
expanding,2016,2016-10-19T00:00:00Z,42527,HIGH_VOLATILITY,0.3491082926235544,0.33101713612954425,0.0,0.24567472781828925,0.7150397037925512,0.0,25,True,,,SHORT_SUCCESS,False,-0.0007004050896672886,0.44,0.56
expanding,2016,2016-10-20T00:00:00Z,42551,NORMAL,0.3381001678437897,0.33024657183845485,0.0,0.5225096282331169,0.47749037176688325,0.0,25,True,,,LONG_SUCCESS,False,0.00017971686882001237,0.56,0.44
expanding,2016,2016-10-21T00:00:00Z,42575,NORMAL,0.33331619292151404,0.33888791019470554,0.0,0.43861723380309947,0.520921751324345,0.0,25,True,,,LONG_SUCCESS,False,0.00023479197722187095,0.56,0.44
expanding,2016,2016-10-22T00:00:00Z,42599,NORMAL,0.339085571803708,0.33632156047400635,0.0,0.6100048301005061,0.38999516989949384,0.0,25,True,,,SHORT_SUCCESS,False,0.000684133340635773,0.76,0.24
expanding,2016,2016-10-25T00:00:00Z,42623,NORMAL,0.34603181320211074,0.33569403102898726,0.0,0.5561699430131389,0.40580572742026977,0.0,25,True,,,LONG_SUCCESS,False,0.0003170196647774848,0.52,0.48
expanding,2016,2016-10-26T00:00:00Z,42647,NORMAL,0.3428533971407014,0.3276751886718814,0.0,0.4749736389048336,0.5250263610951664,0.0,25,True,,,LONG_SUCCESS,False,0.0006775364469977507,0.52,0.48
expanding,2016,2016-10-27T00:00:00Z,42671,NORMAL,0.3394256150534546,0.3448484084322786,0.0,0.47753558795969425,0.5224644120403057,0.0,25,True,,,SHORT_SUCCESS,False,0.00018290910789908743,0.52,0.48
expanding,2016,2016-10-28T00:00:00Z,42695,NORMAL,0.34181740470467487,0.3280783185310898,0.0,0.5195802141020733,0.43952412879694114,0.0,25,True,,,SHORT_SUCCESS,False,0.0007748419544564289,0.64,0.36
expanding,2016,2016-10-29T00:00:00Z,42719,NORMAL,0.32155589323531697,0.33652092449961973,0.0,0.28470516822163666,0.637873805303529,0.0,25,True,,,LONG_SUCCESS,False,-0.0004622824188342811,0.36,0.64
expanding,2016,2016-11-01T00:00:00Z,42743,NORMAL,0.3187639132136359,0.33800892315507913,0.0,0.47489565835335706,0.4853502805132864,0.0,25,True,,,LONG_SUCCESS,False,0.0006427324977584803,0.64,0.36
expanding,2016,2016-11-02T00:00:00Z,42767,NORMAL,0.34688448420190404,0.33512504501483076,0.0,0.5430138288313839,0.4569861711686161,0.0,25,True,,,LONG_SUCCESS,False,-0.00032765635697618034,0.44,0.56
expanding,2016,2016-11-03T00:00:00Z,42791,NORMAL,0.3270788353558149,0.34087054612462453,0.0,0.4731734305214891,0.5268265694785109,0.0,25,True,,,LONG_SUCCESS,False,0.0009494354064922828,0.64,0.36
expanding,2016,2016-11-04T00:00:00Z,42815,LOW_VOLATILITY_RANGE,0.32700066087205015,0.34280396243516614,0.0,0.5962948313981374,0.40370516860186245,0.0,25,True,,,LONG_SUCCESS,False,-0.00046137150158742646,0.44,0.56
expanding,2016,2016-11-05T00:00:00Z,42839,NORMAL,0.3272657668484794,0.3322172187937262,0.0,0.6026323797484735,0.39736762025152644,0.0,25,True,,,LONG_SUCCESS,False,0.0003622367361988399,0.64,0.36
expanding,2016,2016-11-08T00:00:00Z,42863,HIGH_VOLATILITY,0.32118023676196994,0.33945659855238275,0.0,0.3927527271194373,0.5611669398094024,0.0,25,True,,,SHORT_SUCCESS,False,0.00012432253052163666,0.52,0.48
expanding,2016,2016-11-09T00:00:00Z,42887,NORMAL,0.346022829288286,0.323119813857927,0.0,0.5274069314991421,0.3965342971673857,0.0,25,True,,,LONG_SUCCESS,False,0.00015201718068302839,0.56,0.44
expanding,2016,2016-11-10T00:00:00Z,42911,HIGH_VOLATILITY,0.34678833195588,0.335177829482143,0.0,0.5058166583220778,0.4941833416779223,0.0,25,True,,,SHORT_SUCCESS,False,-0.000422892952092635,0.4,0.6
expanding,2016,2016-11-11T00:00:00Z,42935,NORMAL,0.3324348720916656,0.3273234862062415,0.0,0.4347227900434605,0.5240083471591194,0.0,25,True,,,SHORT_SUCCESS,False,0.00023479197722187095,0.52,0.48
expanding,2016,2016-11-12T00:00:00Z,42959,HIGH_VOLATILITY,0.3272045516915864,0.33021551334072485,0.0,0.5164690277730034,0.48353097222699637,0.0,25,True,,,SHORT_SUCCESS,False,-4.998031447611684e-05,0.48,0.52
expanding,2016,2016-11-15T00:00:00Z,42983,HIGH_VOLATILITY,0.35723701583838186,0.3203237050635406,0.0,0.6888902399681175,0.3111097600318827,0.0,25,True,,,LONG_SUCCESS,False,0.0007441479932603912,0.64,0.36
expanding,2016,2016-11-16T00:00:00Z,43007,HIGH_VOLATILITY,0.33554412740911493,0.33706301434090336,0.0,0.6263792432289298,0.33406858987598886,0.0,25,True,,,SHORT_SUCCESS,False,0.0007209696424714807,0.72,0.28
expanding,2016,2016-11-17T00:00:00Z,43031,TRENDING,0.3580598700907571,0.33210166587533174,0.0,0.5246136302423533,0.47538636975764686,0.0,25,True,,,LONG_SUCCESS,False,0.0010348662103116801,0.64,0.36
expanding,2016,2016-11-18T00:00:00Z,43055,VOLATILITY_CONTRACTION,0.34184286194526753,0.33898200663496286,0.0,0.5667988095335343,0.3187964676605468,0.0,25,True,,,LONG_SUCCESS,False,-1.931882405259433e-05,0.48,0.52
expanding,2016,2016-11-19T00:00:00Z,43079,VOLATILITY_CONTRACTION,0.3359553982735829,0.3363386112433114,0.0,0.5058284999964118,0.4941715000035884,0.0,25,True,,,SHORT_SUCCESS,False,0.0009691044813580074,0.72,0.28
expanding,2016,2016-11-22T00:00:00Z,43103,NORMAL,0.3514783781397059,0.33902099735829544,0.0,0.4387442724986689,0.5233889490983544,0.0,25,True,,,SHORT_SUCCESS,False,-0.00012526418013325546,0.44,0.56
expanding,2016,2016-11-23T00:00:00Z,43127,VOLATILITY_CONTRACTION,0.3202209158771583,0.34669715280858904,0.0,0.3440504989100517,0.5796626702255046,0.0,25,True,,,LONG_SUCCESS,False,-0.00020582983374750619,0.32,0.68
expanding,2016,2016-11-24T00:00:00Z,43151,NORMAL,0.313976990036166,0.3393630307594382,0.0,0.2764062182393096,0.6089802570489213,0.0,25,True,,,SHORT_SUCCESS,False,-0.0006057516283082265,0.32,0.68
expanding,2016,2016-11-25T00:00:00Z,43175,NORMAL,0.32485350128518303,0.33366494865903656,0.0,0.4887245302616558,0.511275469738344,0.0,25,True,,,LONG_SUCCESS,False,0.00014580246433038013,0.52,0.48
expanding,2016,2016-11-26T00:00:00Z,43199,NORMAL,0.3375376826972755,0.3310961515173265,0.0,0.5298080100100993,0.4294926631215187,0.0,25,True,,,LONG_SUCCESS,False,0.0002303160279004679,0.6,0.4
expanding,2016,2016-11-29T00:00:00Z,43223,VOLATILITY_CONTRACTION,0.3429033836599617,0.327123156217928,0.0,0.544536734118288,0.3792324767882212,0.0,25,True,,,SHORT_SUCCESS,False,-0.00043064149114324657,0.4,0.6
expanding,2016,2016-11-30T00:00:00Z,43247,NORMAL,0.3562373876956512,0.3313969052894965,0.0,0.5550866233347697,0.4045291694831297,0.0,25,True,,,LONG_SUCCESS,False,-0.0001876499314537039,0.4,0.6
expanding,2016,2016-12-01T00:00:00Z,43271,NORMAL,0.35128483354384615,0.33110403734609456,0.0,0.5654758471742101,0.43452415282578993,0.0,25,True,,,SHORT_SUCCESS,False,0.0008018053055833807,0.56,0.44
expanding,2016,2016-12-02T00:00:00Z,43295,NORMAL,0.3186607991165069,0.3474564379831708,0.0,0.4025877490628002,0.5974122509371997,0.0,25,True,,,SHORT_SUCCESS,False,-5.0319556070932414e-05,0.48,0.52
expanding,2016,2016-12-03T00:00:00Z,43319,NORMAL,0.3049475582866578,0.34361988388057435,0.0,0.4848845651757489,0.5151154348242513,0.0,25,True,,,SHORT_SUCCESS,False,0.00026030625123474316,0.56,0.44
expanding,2016,2016-12-06T00:00:00Z,43343,NORMAL,0.34375207405533786,0.3293961332102916,0.0,0.4413494831194441,0.47579894595802563,0.0,25,True,,,SHORT_SUCCESS,False,-0.00023825857798276395,0.48,0.52
expanding,2016,2016-12-07T00:00:00Z,43367,NORMAL,0.34233884014488397,0.33447404934996233,0.0,0.3791582503464723,0.5723554582977971,0.0,25,True,,,LONG_SUCCESS,False,5.647970600919372e-05,0.56,0.44
expanding,2016,2016-12-08T00:00:00Z,43391,NORMAL,0.3243379469225105,0.33975119289001277,0.0,0.5245715130441816,0.4357609634186304,0.0,25,True,,,SHORT_SUCCESS,False,0.00019058624153078796,0.6,0.4
expanding,2016,2016-12-09T00:00:00Z,43415,LOW_VOLATILITY_RANGE,0.3260929040780509,0.3375731681917103,0.0,0.5034604384716793,0.4077777878511577,0.0,25,True,,,LONG_SUCCESS,False,0.00032732473134688966,0.64,0.36
expanding,2016,2016-12-10T00:00:00Z,43439,NORMAL,0.33992877940175,0.32087464231193796,0.0,0.4440902821516193,0.477361856681384,0.0,25,True,,,LONG_SUCCESS,False,0.000524993511235694,0.6,0.4
expanding,2016,2016-12-13T00:00:00Z,43463,VOLATILITY_EXPANSION,0.3274989430806726,0.3285892203038357,0.0,0.5658833719845882,0.43411662801541173,0.0,25,True,,,LONG_SUCCESS,False,-8.845940134138974e-05,0.48,0.52
expanding,2016,2016-12-14T00:00:00Z,43487,VOLATILITY_EXPANSION,0.34886162561565187,0.33252509094681754,0.0,0.5327404331457407,0.4302715539051465,0.0,25,True,,,SHORT_SUCCESS,False,0.0002575208419350883,0.52,0.48
expanding,2016,2016-12-15T00:00:00Z,43511,NORMAL,0.346643734348797,0.3433159771711724,0.0,0.4793614091951854,0.4815774141508061,0.0,25,True,,,LONG_SUCCESS,False,-0.0005830892476992311,0.44,0.56
expanding,2016,2016-12-16T00:00:00Z,43535,VOLATILITY_CONTRACTION,0.33093140458075637,0.33207495675076654,0.0,0.5327829287438821,0.38874921208243146,0.0,25,True,,,LONG_SUCCESS,False,0.00013779135115332686,0.56,0.44
expanding,2016,2016-12-17T00:00:00Z,43559,VOLATILITY_CONTRACTION,0.32425416405700963,0.3343079630307219,0.0,0.4910167711975337,0.43095028032217686,0.0,25,True,,,LONG_SUCCESS,False,0.00017971686882001237,0.6,0.4
expanding,2016,2016-12-20T00:00:00Z,43583,VOLATILITY_CONTRACTION,0.32465174462949287,0.3418872146506746,0.0,0.4040158301595864,0.5226317956966496,0.0,25,True,,,SHORT_SUCCESS,False,-0.0005215358156339667,0.32,0.68
expanding,2016,2016-12-21T00:00:00Z,43607,NORMAL,0.33836470764490256,0.33153574369538336,0.0,0.4974660102710174,0.4603370211475679,0.0,25,True,,,LONG_SUCCESS,False,8.543976183217339e-05,0.6,0.4
expanding,2016,2016-12-22T00:00:00Z,43631,NORMAL,0.3387117217448819,0.32170939181495883,0.0,0.5945204601482181,0.36720465740139524,0.0,25,True,,,LONG_SUCCESS,False,0.00038574342464370304,0.56,0.44
expanding,2016,2016-12-23T00:00:00Z,43655,LOW_VOLATILITY_RANGE,0.33147089437130073,0.3286769604367194,0.0,0.3958029904034753,0.5662673727989015,0.0,25,True,,,LONG_SUCCESS,False,0.0005343453261521525,0.72,0.28
expanding,2016,2016-12-24T00:00:00Z,43679,TRENDING,0.3419242810332374,0.32330282141735084,0.0,0.3109327779536267,0.6118976376387383,0.0,25,True,,,LONG_SUCCESS,False,0.000524993511235694,0.56,0.44
expanding,2016,2016-12-27T00:00:00Z,43703,NORMAL,0.3437006354179878,0.3348535447060863,0.0,0.47883215882243163,0.479950263144048,0.0,25,True,,,SHORT_SUCCESS,False,3.242605558040346e-05,0.52,0.48
expanding,2016,2016-12-28T00:00:00Z,43727,LOW_VOLATILITY_RANGE,0.326419864881201,0.3464962341372001,0.0,0.3141331726266618,0.6431760348153898,0.0,25,True,,,SHORT_SUCCESS,False,-0.00031132045470372294,0.44,0.56
expanding,2016,2016-12-29T00:00:00Z,43751,NORMAL,0.3341948175725883,0.34056956369315006,0.0,0.5111033370566617,0.48889666294333856,0.0,25,True,,,SHORT_SUCCESS,False,-0.000178844519928556,0.44,0.56
expanding,2016,2016-12-30T00:00:00Z,43775,NORMAL,0.3124739316712059,0.34456767280718786,0.0,0.46219470162422505,0.49509885993245123,0.0,25,True,,,SHORT_SUCCESS,False,0.0006907650954131039,0.56,0.44
expanding,2016,2016-12-31T00:00:00Z,43799,NORMAL,0.3279435896712471,0.3329381431774817,0.0,0.5646199385932794,0.313103495061669,0.0,25,True,,,SHORT_SUCCESS,False,0.000297773141310298,0.6,0.4
rolling,2016,2016-01-01T00:00:00Z,37535,NORMAL,0.34680682540424496,0.331400449947775,0.0,0.32868761286670733,0.6301652165351309,0.0,25,True,,,LONG_SUCCESS,False,0.0002303160279004679,0.64,0.36
rolling,2016,2016-01-02T00:00:00Z,37559,NORMAL,0.3332240363737883,0.32416466220588447,0.0,0.4591173679947916,0.4683877887855903,0.0,25,True,,,SHORT_SUCCESS,False,0.000961508890139795,0.72,0.28
rolling,2016,2016-01-05T00:00:00Z,37583,NORMAL,0.33502253837724255,0.3267679191991824,0.0,0.4943587587048878,0.45992232540390915,0.0,25,True,,,SHORT_SUCCESS,False,5.647970600919372e-05,0.52,0.48
rolling,2016,2016-01-06T00:00:00Z,37607,NORMAL,0.3222956044857114,0.34552109986089735,0.0,0.4342690054411245,0.5252266436264925,0.0,25,True,,,SHORT_SUCCESS,False,0.00032587085037305563,0.56,0.44
rolling,2016,2016-01-07T00:00:00Z,37631,TRENDING,0.3469649254456262,0.3271765841041786,0.0,0.4730853629007713,0.4120165322731318,0.0,25,True,,,SHORT_SUCCESS,False,0.0003610521953341106,0.52,0.48
rolling,2016,2016-01-08T00:00:00Z,37655,NORMAL,0.33815366125207924,0.3297358337209483,0.0,0.6041932696208024,0.3958067303791979,0.0,25,True,,,LONG_SUCCESS,False,-0.00023256638101842864,0.48,0.52
rolling,2016,2016-01-09T00:00:00Z,37679,NORMAL,0.31088676060619985,0.3405249916193548,0.0,0.40061337641851474,0.5628015234421967,0.0,25,True,,,LONG_SUCCESS,False,-0.00010673965321761347,0.44,0.56
rolling,2016,2016-01-12T00:00:00Z,37703,NORMAL,0.31943586959886966,0.35073870424385556,0.0,0.3583056792963539,0.6416943207036462,0.0,25,True,,,LONG_SUCCESS,False,-0.0005215358156339667,0.36,0.64
rolling,2016,2016-01-13T00:00:00Z,37727,NORMAL,0.3389012082814472,0.34189340242118904,0.0,0.6295125771684925,0.3704874228315073,0.0,25,True,,,LONG_SUCCESS,False,-0.00011221562162111454,0.44,0.56
rolling,2016,2016-01-14T00:00:00Z,37751,NORMAL,0.3581104804439571,0.3245241365858382,0.0,0.5001426153997155,0.49985738460028456,0.0,25,True,,,SHORT_SUCCESS,False,0.0005433696789154396,0.56,0.44
rolling,2016,2016-01-15T00:00:00Z,37775,HIGH_VOLATILITY,0.3443791069489512,0.33719350535657794,0.0,0.5118349472271444,0.48816505277285555,0.0,25,True,,,LONG_SUCCESS,False,0.00011432336045746894,0.56,0.44
rolling,2016,2016-01-16T00:00:00Z,37799,VOLATILITY_CONTRACTION,0.34893779050816676,0.32486280195790845,0.0,0.40030453151303447,0.5259891706969151,0.0,25,True,,,SHORT_SUCCESS,False,0.0004368077432013173,0.52,0.48
rolling,2016,2016-01-19T00:00:00Z,37823,NORMAL,0.30220285191373264,0.3516835742881819,0.0,0.2325553943960784,0.7674446056039211,0.0,25,True,,,LONG_SUCCESS,False,-0.0001929706745064097,0.36,0.64
rolling,2016,2016-01-20T00:00:00Z,37847,VOLATILITY_CONTRACTION,0.30476174926590477,0.3501310642537506,0.0,0.30836018743626914,0.6122778490729283,0.0,25,True,,,AMBIGUOUS_PATH,False,-0.0004939534705841186,0.36,0.64
rolling,2016,2016-01-21T00:00:00Z,37871,NORMAL,0.33514607013341136,0.33383597540736487,0.0,0.4930096828262588,0.46696628511431,0.0,25,True,,,SHORT_SUCCESS,False,-0.00011221562162111454,0.48,0.52
rolling,2016,2016-01-22T00:00:00Z,37895,VOLATILITY_CONTRACTION,0.29984792369158964,0.33937120061144344,0.0,0.5185783458282741,0.44502494791768227,0.0,25,True,,,SHORT_SUCCESS,False,-0.0001262744039511876,0.4,0.6
rolling,2016,2016-01-23T00:00:00Z,37919,TRENDING,0.3459928089967608,0.3205213513915663,0.0,0.2856400221095805,0.6740541860588742,0.0,25,True,,,LONG_SUCCESS,False,4.577454271359471e-05,0.52,0.48
rolling,2016,2016-01-26T00:00:00Z,37943,NORMAL,0.3158411997860118,0.33703600191202354,0.0,0.530521204208882,0.35483407882569895,0.0,25,True,,,SHORT_SUCCESS,False,-0.0007112265614848123,0.32,0.68
rolling,2016,2016-01-27T00:00:00Z,37967,LOW_VOLATILITY_RANGE,0.32680640151412893,0.3410187601983518,0.0,0.4019278355222026,0.5980721644777973,0.0,25,True,,,SHORT_SUCCESS,False,-0.00017583941578247497,0.44,0.56
rolling,2016,2016-01-28T00:00:00Z,37991,NORMAL,0.3036632755679521,0.35064541245941006,0.0,0.3244266583313232,0.5205591562842253,0.0,25,True,,,LONG_SUCCESS,False,-0.00018879117043957283,0.44,0.56
rolling,2016,2016-01-29T00:00:00Z,38015,NORMAL,0.344654880814969,0.32741849635726383,0.0,0.4328807465777477,0.49105950628995937,0.0,25,True,,,SHORT_SUCCESS,False,0.00026022355958454924,0.56,0.44
rolling,2016,2016-01-30T00:00:00Z,38039,VOLATILITY_EXPANSION,0.3385315209533844,0.3338963660463401,0.0,0.576276684864243,0.4237233151357573,0.0,25,True,,,SHORT_SUCCESS,False,0.0009106536452792025,0.72,0.28
rolling,2016,2016-02-02T00:00:00Z,38063,NORMAL,0.3344768932076301,0.3273022299313462,0.0,0.2038435275568843,0.6784163121938565,0.0,25,True,,,LONG_SUCCESS,False,-0.0004455345729235116,0.36,0.64
rolling,2016,2016-02-03T00:00:00Z,38087,HIGH_VOLATILITY,0.31710067066256203,0.3574312566690339,0.0,0.639028557605289,0.28308301686342935,0.0,25,True,,,SHORT_SUCCESS,False,0.0002705414455475008,0.56,0.44
rolling,2016,2016-02-04T00:00:00Z,38111,NORMAL,0.3380666539649165,0.324696319846905,0.0,0.5189928511590789,0.4418640415146561,0.0,25,True,,,LONG_SUCCESS,False,0.0007748419544564289,0.64,0.36
rolling,2016,2016-02-05T00:00:00Z,38135,NORMAL,0.35658599264811985,0.3219498538108717,0.0,0.6397496340657712,0.36025036593422854,0.0,25,True,,,LONG_SUCCESS,False,0.0010204100947368566,0.64,0.36
rolling,2016,2016-02-06T00:00:00Z,38159,NORMAL,0.3419653664738561,0.3195179094493613,0.0,0.4581146365770015,0.5418853634229981,0.0,25,True,,,SHORT_SUCCESS,False,-1.6212078462141122e-05,0.48,0.52
rolling,2016,2016-02-09T00:00:00Z,38183,NORMAL,0.33756825297583987,0.33712725466595755,0.0,0.4703798447981841,0.4923334821093625,0.0,25,True,,,SHORT_SUCCESS,False,-0.00015780086043093444,0.48,0.52
rolling,2016,2016-02-10T00:00:00Z,38207,NORMAL,0.325316460240486,0.3476666313774364,0.0,0.4402806864249663,0.4840125868409419,0.0,25,True,,,SHORT_SUCCESS,False,0.000713919746287095,0.64,0.36
rolling,2016,2016-02-11T00:00:00Z,38231,HIGH_VOLATILITY,0.33083556955481824,0.3359876468577649,0.0,0.7258935926425716,0.19755278258545558,0.0,25,True,,,SHORT_SUCCESS,False,0.00022167713838627812,0.56,0.44
rolling,2016,2016-02-12T00:00:00Z,38255,NORMAL,0.32093507703024565,0.3488463872733306,0.0,0.45025344607168155,0.506024138280094,0.0,25,True,,,SHORT_SUCCESS,False,-0.0007550736091511689,0.32,0.68
rolling,2016,2016-02-13T00:00:00Z,38279,NORMAL,0.3247091992691054,0.33809880332484143,0.0,0.4240691209865909,0.501204171911842,0.0,25,True,,,LONG_SUCCESS,False,-8.290614445427558e-05,0.48,0.52
rolling,2016,2016-02-16T00:00:00Z,38303,NORMAL,0.3286702233564897,0.33592686484022793,0.0,0.5282508576959329,0.42954472519597325,0.0,25,True,,,LONG_SUCCESS,False,-0.0005215358156339667,0.4,0.6
rolling,2016,2016-02-17T00:00:00Z,38327,NORMAL,0.3433027558595071,0.33202670736692724,0.0,0.4379851587852979,0.5620148412147021,0.0,25,True,,,LONG_SUCCESS,False,0.0008993918198287876,0.6,0.4
rolling,2016,2016-02-18T00:00:00Z,38351,NORMAL,0.34689897890218147,0.33160297618354856,0.0,0.6353244030833551,0.3260447610560329,0.0,25,True,,,LONG_SUCCESS,False,0.00037083689241845796,0.64,0.36
rolling,2016,2016-02-19T00:00:00Z,38375,LOW_VOLATILITY_RANGE,0.3405831224438483,0.33953592372596453,0.0,0.6525513398810039,0.3474486601189964,0.0,25,True,,,SHORT_SUCCESS,False,-0.00011221562162111454,0.48,0.52
rolling,2016,2016-02-20T00:00:00Z,38399,NORMAL,0.3340358364899502,0.33336271705826814,0.0,0.424514210847992,0.4956569072176469,0.0,25,True,,,SHORT_SUCCESS,False,0.00011756467665580139,0.52,0.48
rolling,2016,2016-02-23T00:00:00Z,38423,NORMAL,0.33140314757467193,0.3384116627964525,0.0,0.3572114338037522,0.6046959894138323,0.0,25,True,,,SHORT_SUCCESS,False,-0.0002724938998812654,0.44,0.56
rolling,2016,2016-02-24T00:00:00Z,38447,NORMAL,0.3481452656463724,0.31566850649797407,0.0,0.39014672633238257,0.6098532736676173,0.0,25,True,,,SHORT_SUCCESS,False,0.00015981158266864526,0.6,0.4
rolling,2016,2016-02-25T00:00:00Z,38471,NORMAL,0.3370816813598193,0.3294220990330029,0.0,0.601371481858009,0.31583297896885854,0.0,25,True,,,LONG_SUCCESS,False,0.0003319349493717816,0.6,0.4
rolling,2016,2016-02-26T00:00:00Z,38495,NORMAL,0.3264177063841753,0.33587096127000715,0.0,0.5645664118625349,0.435433588137465,0.0,25,True,,,LONG_SUCCESS,False,-0.00038644880743055054,0.48,0.52
rolling,2016,2016-02-27T00:00:00Z,38519,NORMAL,0.33164528499997703,0.33378443648831724,0.0,0.40130297866514614,0.5579365781788242,0.0,25,True,,,AMBIGUOUS_PATH,False,0.0003319349493717816,0.56,0.44
rolling,2016,2016-03-01T00:00:00Z,38543,NORMAL,0.3085568723505799,0.33625104973594844,0.0,0.4867586326998039,0.43338212119518954,0.0,25,True,,,AMBIGUOUS_PATH,False,0.00013833592473222467,0.52,0.48
rolling,2016,2016-03-02T00:00:00Z,38567,NORMAL,0.35557254016534295,0.31688562265660264,0.0,0.45095760438490273,0.549042395615097,0.0,25,True,,,SHORT_SUCCESS,False,0.00039190124642063395,0.6,0.4
rolling,2016,2016-03-03T00:00:00Z,38591,HIGH_VOLATILITY,0.35138226423431607,0.3323725588451721,0.0,0.46310967468141045,0.48278823598471815,0.0,25,True,,,SHORT_SUCCESS,False,0.0006124980315163064,0.6,0.4
rolling,2016,2016-03-04T00:00:00Z,38615,HIGH_VOLATILITY,0.32342303230033853,0.3429501246277598,0.0,0.2829188664325605,0.6775910040750583,0.0,25,True,,,SHORT_SUCCESS,False,-0.0007550736091511689,0.28,0.72
rolling,2016,2016-03-05T00:00:00Z,38639,NORMAL,0.34389064636018085,0.31866235892863437,0.0,0.4347064928097263,0.5250984002336578,0.0,25,True,,,SHORT_SUCCESS,False,0.0004591117959000801,0.68,0.32
rolling,2016,2016-03-08T00:00:00Z,38663,VOLATILITY_CONTRACTION,0.2933741340849766,0.3561936002197754,0.0,0.2782398253066438,0.7217601746933562,0.0,25,True,,,SHORT_SUCCESS,False,-0.00018879117043957283,0.44,0.56
rolling,2016,2016-03-09T00:00:00Z,38687,HIGH_VOLATILITY,0.3558839046383539,0.33146821225754974,0.0,0.5583306870931091,0.40374763210123515,0.0,25,True,,,SHORT_SUCCESS,False,-0.0003606970047065339,0.44,0.56
rolling,2016,2016-03-10T00:00:00Z,38711,HIGH_VOLATILITY,0.3369296843332112,0.3315348759537764,0.0,0.43148424658895856,0.5685157534110414,0.0,25,True,,,SHORT_SUCCESS,False,-0.0007020732586175971,0.44,0.56
rolling,2016,2016-03-11T00:00:00Z,38735,HIGH_VOLATILITY,0.3496807676144651,0.3241418532701314,0.0,0.5208900885913431,0.4409752961839219,0.0,25,True,,,SHORT_SUCCESS,False,0.00037083689241845796,0.52,0.48
rolling,2016,2016-03-12T00:00:00Z,38759,NORMAL,0.3521007237114228,0.31674679110043796,0.0,0.4723688966560761,0.48998055226113274,0.0,25,True,,,SHORT_SUCCESS,False,-0.0003246657241360307,0.48,0.52
rolling,2016,2016-03-15T00:00:00Z,38783,HIGH_VOLATILITY,0.36594316389091097,0.32108651904080004,0.0,0.527188272887193,0.4728117271128067,0.0,25,True,,,LONG_SUCCESS,False,6.043360684393484e-05,0.52,0.48
rolling,2016,2016-03-16T00:00:00Z,38807,NORMAL,0.321644010653839,0.3468306599527963,0.0,0.19357047082469758,0.7696083322029118,0.0,25,True,,,LONG_SUCCESS,False,0.00044327481018191506,0.6,0.4
rolling,2016,2016-03-17T00:00:00Z,38831,NORMAL,0.344994010939121,0.32968406914669185,0.0,0.4758616925368476,0.40827920296407183,0.0,25,True,,,SHORT_SUCCESS,False,0.00014580246433038013,0.52,0.48
rolling,2016,2016-03-18T00:00:00Z,38855,NORMAL,0.33436150753886457,0.33472861635788503,0.0,0.5649238873177153,0.3959637256834611,0.0,25,True,,,AMBIGUOUS_PATH,False,0.0005172653088365564,0.64,0.36
rolling,2016,2016-03-19T00:00:00Z,38879,VOLATILITY_CONTRACTION,0.3422458217159887,0.31844384179502827,0.0,0.5268520287054897,0.4319454880100897,0.0,25,True,,,LONG_SUCCESS,False,0.0009817036398200862,0.72,0.28
rolling,2016,2016-03-22T00:00:00Z,38903,NORMAL,0.3475341727210359,0.3299739124701265,0.0,0.34753404673217797,0.6524659532678221,0.0,25,True,,,SHORT_SUCCESS,False,3.242605558040346e-05,0.52,0.48
rolling,2016,2016-03-23T00:00:00Z,38927,HIGH_VOLATILITY,0.35098637837546837,0.32421464697249885,0.0,0.5965885484151043,0.35970904248001767,0.0,25,True,,,LONG_SUCCESS,False,0.00037083689241845796,0.56,0.44
rolling,2016,2016-03-24T00:00:00Z,38951,HIGH_VOLATILITY,0.32294870800524184,0.3508716563111484,0.0,0.5474942033252935,0.41357478968798445,0.0,25,True,,,LONG_SUCCESS,False,0.000309971470401349,0.64,0.36
rolling,2016,2016-03-25T00:00:00Z,38975,NORMAL,0.35079501228736076,0.32311945508046336,0.0,0.5239613057979711,0.4760386942020287,0.0,25,True,,,LONG_SUCCESS,False,0.0005489639315567896,0.6,0.4
rolling,2016,2016-03-26T00:00:00Z,38999,TRENDING,0.34556768374442753,0.32288730255591414,0.0,0.3717218236645699,0.5127861493947221,0.0,25,True,,,LONG_SUCCESS,False,0.0002303160279004679,0.52,0.48
rolling,2016,2016-03-29T00:00:00Z,39023,NORMAL,0.3146849429314508,0.34492554446410845,0.0,0.5120490203815198,0.442452160516385,0.0,25,True,,,SHORT_SUCCESS,False,0.000611351453806197,0.56,0.44
rolling,2016,2016-03-30T00:00:00Z,39047,NORMAL,0.31298054655937924,0.35563363402634285,0.0,0.44015401662638415,0.5598459833736159,0.0,25,True,,,SHORT_SUCCESS,False,0.00012432253052163666,0.52,0.48
rolling,2016,2016-03-31T00:00:00Z,39071,NORMAL,0.33721457182637504,0.3342708038241581,0.0,0.36566019902779623,0.5945749795145875,0.0,25,True,,,SHORT_SUCCESS,False,0.0007429782133565599,0.72,0.28
rolling,2016,2016-04-01T00:00:00Z,39095,NORMAL,0.3349967221178538,0.34280947863236644,0.0,0.48527934630842473,0.47492698089788743,0.0,25,True,,,LONG_SUCCESS,False,0.00030143980038399576,0.52,0.48
rolling,2016,2016-04-02T00:00:00Z,39119,NORMAL,0.31168706565965487,0.3401233190070508,0.0,0.43438309705641204,0.5238172539426635,0.0,25,True,,,SHORT_SUCCESS,False,-0.00039174584712642346,0.32,0.68
rolling,2016,2016-04-05T00:00:00Z,39143,LOW_VOLATILITY_RANGE,0.32394593977678887,0.33817847840655024,0.0,0.3450977100978517,0.6549022899021483,0.0,25,True,,,AMBIGUOUS_PATH,False,-0.0003537718846209348,0.44,0.56
rolling,2016,2016-04-06T00:00:00Z,39167,NORMAL,0.34949323641831737,0.32771104675161045,0.0,0.4437368347871189,0.46984854904340123,0.0,25,True,,,LONG_SUCCESS,False,0.000735399017567584,0.64,0.36
rolling,2016,2016-04-07T00:00:00Z,39191,NORMAL,0.2973458734660826,0.35262152947938746,0.0,0.23209967257702635,0.6537090272336068,0.0,25,True,,,LONG_SUCCESS,False,-0.00018879117043957283,0.44,0.56
rolling,2016,2016-04-08T00:00:00Z,39215,HIGH_VOLATILITY,0.3414555575031237,0.3284380795124584,0.0,0.6421966892459127,0.3578033107540872,0.0,25,True,,,SHORT_SUCCESS,False,0.00047045984439320065,0.68,0.32
rolling,2016,2016-04-09T00:00:00Z,39239,NORMAL,0.31069528117946726,0.34446291985355615,0.0,0.4151726102925965,0.5426576758203012,0.0,25,True,,,SHORT_SUCCESS,False,-0.0004622824188342811,0.4,0.6
rolling,2016,2016-04-12T00:00:00Z,39263,NORMAL,0.31595461484921433,0.3376032851524154,0.0,0.4858094398908326,0.4723100297812918,0.0,25,True,,,SHORT_SUCCESS,False,0.000713919746287095,0.6,0.4
rolling,2016,2016-04-13T00:00:00Z,39287,LOW_VOLATILITY_RANGE,0.3323909479436761,0.3362674950976142,0.0,0.23361827510277802,0.7663817248972219,0.0,25,True,,,SHORT_SUCCESS,False,-0.00031132045470372294,0.48,0.52
rolling,2016,2016-04-14T00:00:00Z,39311,NORMAL,0.3206071641479481,0.34093077815788664,0.0,0.5528543298521716,0.32988847763996376,0.0,25,True,,,LONG_SUCCESS,False,0.0007209696424714807,0.76,0.24
rolling,2016,2016-04-15T00:00:00Z,39335,VOLATILITY_CONTRACTION,0.34411341669509943,0.3260571418981537,0.0,0.44095934141765725,0.463320176946907,0.0,25,True,,,LONG_SUCCESS,False,-7.257765660362292e-05,0.44,0.56
rolling,2016,2016-04-16T00:00:00Z,39359,NORMAL,0.34519155772807397,0.3253165944608444,0.0,0.393551532425838,0.5630672077787108,0.0,25,True,,,SHORT_SUCCESS,False,0.0002303160279004679,0.52,0.48
rolling,2016,2016-04-19T00:00:00Z,39383,VOLATILITY_CONTRACTION,0.3319766228762469,0.33604129044880265,0.0,0.48092849778040236,0.5190715022195979,0.0,25,True,,,SHORT_SUCCESS,False,-0.0005484146366395715,0.44,0.56
rolling,2016,2016-04-20T00:00:00Z,39407,NORMAL,0.3317685399009466,0.3299275480955847,0.0,0.3569268973264798,0.6050321423947336,0.0,25,True,,,SHORT_SUCCESS,False,-0.000178844519928556,0.44,0.56
rolling,2016,2016-04-21T00:00:00Z,39431,NORMAL,0.3271754233197134,0.3366375788141792,0.0,0.40093615860787474,0.4740683205950453,0.0,25,True,,,SHORT_SUCCESS,False,0.00022167713838627812,0.6,0.4
rolling,2016,2016-04-22T00:00:00Z,39455,NORMAL,0.34646308197079945,0.32730824566331723,0.0,0.402102882816983,0.5164009193418203,0.0,25,True,,,LONG_SUCCESS,False,0.00030507957162773103,0.68,0.32
rolling,2016,2016-04-23T00:00:00Z,39479,NORMAL,0.3113661545205865,0.3383561464641834,0.0,0.5493959418035496,0.3665011604380307,0.0,25,True,,,SHORT_SUCCESS,False,-1.1081253953326708e-06,0.48,0.52
rolling,2016,2016-04-26T00:00:00Z,39503,LOW_VOLATILITY_RANGE,0.32453239819204255,0.3342550559876183,0.0,0.47074418323651,0.4353766613275216,0.0,25,True,,,LONG_SUCCESS,False,-0.0007520451264428907,0.32,0.68
rolling,2016,2016-04-27T00:00:00Z,39527,NORMAL,0.346434422616653,0.3256174165193911,0.0,0.7111025030640609,0.2888974969359394,0.0,25,True,,,SHORT_SUCCESS,False,-0.00010990104051589178,0.48,0.52
rolling,2016,2016-04-28T00:00:00Z,39551,VOLATILITY_EXPANSION,0.3383325260151806,0.33774096219250394,0.0,0.4905295586465578,0.4667333824867893,0.0,25,True,,,SHORT_SUCCESS,False,-0.0007211953219316003,0.4,0.6
rolling,2016,2016-04-29T00:00:00Z,39575,HIGH_VOLATILITY,0.3632419481035152,0.3225591898953288,0.0,0.5664721360779883,0.4335278639220117,0.0,25,True,,,SHORT_SUCCESS,False,0.0011986552397715844,0.6,0.4
rolling,2016,2016-04-30T00:00:00Z,39599,HIGH_VOLATILITY,0.3373189915880369,0.32500090365551954,0.0,0.352927951991671,0.6094023311067582,0.0,25,True,,,SHORT_SUCCESS,False,-9.42253311930763e-05,0.48,0.52
rolling,2016,2016-05-03T00:00:00Z,39623,HIGH_VOLATILITY,0.361947456381601,0.326857994373821,0.0,0.6430249308807313,0.3569750691192689,0.0,25,True,,,SHORT_SUCCESS,False,-0.00031466010546710166,0.4,0.6
rolling,2016,2016-05-04T00:00:00Z,39647,HIGH_VOLATILITY,0.33126438011651493,0.35153600240841,0.0,0.5524684016162194,0.4067770620781812,0.0,25,True,,,LONG_SUCCESS,False,0.0007209696424714807,0.64,0.36
rolling,2016,2016-05-05T00:00:00Z,39671,NORMAL,0.35118989617581603,0.3211146761368513,0.0,0.6001069436104889,0.36231726718699236,0.0,25,True,,,SHORT_SUCCESS,False,0.0007151726034695383,0.68,0.32
rolling,2016,2016-05-06T00:00:00Z,39695,NORMAL,0.3379862072860033,0.3278953622022751,0.0,0.5244389667373869,0.3132923071856151,0.0,25,True,,,LONG_SUCCESS,False,0.0009817036398200862,0.76,0.24
rolling,2016,2016-05-07T00:00:00Z,39719,TRENDING,0.34676167836595695,0.3146458016316951,0.0,0.6260151191476082,0.37398488085239207,0.0,25,True,,,LONG_SUCCESS,False,0.0007787104500429631,0.72,0.28
rolling,2016,2016-05-10T00:00:00Z,39743,NORMAL,0.3162786321424161,0.345067028912076,0.0,0.40070290288059185,0.5612841850142689,0.0,25,True,,,SHORT_SUCCESS,False,0.0010334603022241762,0.72,0.28
rolling,2016,2016-05-11T00:00:00Z,39767,VOLATILITY_EXPANSION,0.34893291445213886,0.32708072056819054,0.0,0.5617768678824143,0.4002687980762472,0.0,25,True,,,SHORT_SUCCESS,False,-2.4034666312955366e-05,0.48,0.52
rolling,2016,2016-05-12T00:00:00Z,39791,NORMAL,0.33468806262449824,0.33155682499262146,0.0,0.6130512151840739,0.3139733499712775,0.0,25,True,,,LONG_SUCCESS,False,0.00019058624153078796,0.56,0.44
rolling,2016,2016-05-13T00:00:00Z,39815,NORMAL,0.33447993671659737,0.342971051304883,0.0,0.3782982855247075,0.5805590838129165,0.0,25,True,,,LONG_SUCCESS,False,0.00046536959240817133,0.6,0.4
rolling,2016,2016-05-14T00:00:00Z,39839,NORMAL,0.3057804440730383,0.3463890714277524,0.0,0.35786363965488627,0.5979697454929586,0.0,25,True,,,LONG_SUCCESS,False,-5.0319556070932414e-05,0.48,0.52
rolling,2016,2016-05-17T00:00:00Z,39863,NORMAL,0.3169840134540494,0.3416828477289426,0.0,0.3174116389777241,0.600636944089563,0.0,25,True,,,LONG_SUCCESS,False,0.000751147801504759,0.68,0.32
rolling,2016,2016-05-18T00:00:00Z,39887,HIGH_VOLATILITY,0.35273347071687666,0.3211697121912221,0.0,0.6045106568339056,0.3954893431660947,0.0,25,True,,,SHORT_SUCCESS,False,0.001187162627005689,0.64,0.36
rolling,2016,2016-05-19T00:00:00Z,39911,NORMAL,0.3507009842975248,0.3318382626418766,0.0,0.436352460103448,0.4850282214371887,0.0,25,True,,,LONG_SUCCESS,False,0.0002904301905695128,0.52,0.48
rolling,2016,2016-05-20T00:00:00Z,39935,NORMAL,0.32790327132889485,0.33487690523365826,0.0,0.609044577077159,0.39095542292284113,0.0,25,True,,,LONG_SUCCESS,False,0.0004185619405807639,0.6,0.4
rolling,2016,2016-05-21T00:00:00Z,39959,NORMAL,0.32646428022558616,0.3404774178203441,0.0,0.483134503201007,0.5168654967989929,0.0,25,True,,,SHORT_SUCCESS,False,0.0004610878361548387,0.56,0.44
rolling,2016,2016-05-24T00:00:00Z,39983,NORMAL,0.36254983527472356,0.30893209514824693,0.0,0.6856092760322784,0.31439072396772194,0.0,25,True,,,LONG_SUCCESS,False,0.00028247413547677347,0.6,0.4
rolling,2016,2016-05-25T00:00:00Z,40007,TRENDING,0.3459524583711432,0.33024035340373153,0.0,0.3663228477689562,0.633677152231044,0.0,25,True,,,SHORT_SUCCESS,False,-7.257765660362292e-05,0.44,0.56
rolling,2016,2016-05-26T00:00:00Z,40031,HIGH_VOLATILITY,0.3654794834205845,0.32738469170794815,0.0,0.5621840186472988,0.3977447107248019,0.0,25,True,,,SHORT_SUCCESS,False,0.0005932768704861591,0.56,0.44
rolling,2016,2016-05-27T00:00:00Z,40055,TRENDING,0.3607395974407648,0.3120478922770442,0.0,0.4020311002092626,0.5612611059246524,0.0,25,True,,,SHORT_SUCCESS,False,0.0003610521953341106,0.52,0.48
rolling,2016,2016-05-28T00:00:00Z,40079,NORMAL,0.31016248672667285,0.342731285309564,0.0,0.40297909185135744,0.5596387626238373,0.0,25,True,,,LONG_SUCCESS,False,-0.00010673965321761347,0.48,0.52
rolling,2016,2016-05-31T00:00:00Z,40103,NORMAL,0.3328957436450064,0.33632850381352386,0.0,0.4354327986366522,0.5141957244655686,0.0,25,True,,,SHORT_SUCCESS,False,-0.0008826067342727617,0.28,0.72
rolling,2016,2016-06-01T00:00:00Z,40127,NORMAL,0.3343177295241222,0.32966011944797946,0.0,0.2729477063255686,0.6874491272015912,0.0,25,True,,,LONG_SUCCESS,False,0.0003072612849477352,0.52,0.48
rolling,2016,2016-06-02T00:00:00Z,40151,NORMAL,0.35778182027960603,0.323825814811538,0.0,0.5633103758048125,0.4366896241951874,0.0,25,True,,,AMBIGUOUS_PATH,False,0.0008815372095347662,0.64,0.36
rolling,2016,2016-06-03T00:00:00Z,40175,NORMAL,0.33485463073676996,0.331992187658678,0.0,0.5713974894147003,0.3522170776433391,0.0,25,True,,,LONG_SUCCESS,False,0.00017569234142689183,0.52,0.48
rolling,2016,2016-06-04T00:00:00Z,40199,VOLATILITY_EXPANSION,0.3301823369030012,0.34324013315415064,0.0,0.5206467796724613,0.440465579201989,0.0,25,True,,,LONG_SUCCESS,False,0.0008897179781512943,0.56,0.44
rolling,2016,2016-06-07T00:00:00Z,40223,HIGH_VOLATILITY,0.3421644051852615,0.3247822614977851,0.0,0.41252413051878706,0.5155365315194486,0.0,25,True,,,SHORT_SUCCESS,False,-0.00012526418013325546,0.48,0.52
rolling,2016,2016-06-08T00:00:00Z,40247,HIGH_VOLATILITY,0.35412974842713785,0.3358025972265579,0.0,0.4660951490418204,0.5339048509581794,0.0,25,True,,,SHORT_SUCCESS,False,0.0005142394585599952,0.6,0.4
rolling,2016,2016-06-09T00:00:00Z,40271,HIGH_VOLATILITY,0.3550142562860201,0.3324281325178846,0.0,0.5678137602428808,0.43218623975711923,0.0,25,True,,,LONG_SUCCESS,False,-0.00032765635697618034,0.44,0.56
rolling,2016,2016-06-10T00:00:00Z,40295,NORMAL,0.30475758937962166,0.3504513383583876,0.0,0.3961523941500572,0.5630123845534512,0.0,25,True,,,AMBIGUOUS_PATH,False,0.00026030625123474316,0.52,0.48
rolling,2016,2016-06-11T00:00:00Z,40319,HIGH_VOLATILITY,0.31578100828646694,0.34781661085366583,0.0,0.31894150272143934,0.6810584972785605,0.0,25,True,,,SHORT_SUCCESS,False,-0.0004622824188342811,0.4,0.6
rolling,2016,2016-06-14T00:00:00Z,40343,NORMAL,0.3162991310687493,0.3462814873629324,0.0,0.3247259543844703,0.5965602471601468,0.0,25,True,,,SHORT_SUCCESS,False,0.0001259749411941513,0.56,0.44
rolling,2016,2016-06-15T00:00:00Z,40367,HIGH_VOLATILITY,0.34049583459146465,0.3254301271239034,0.0,0.40167964442546605,0.598320355574534,0.0,25,True,,,SHORT_SUCCESS,False,-0.00015780086043093444,0.44,0.56
rolling,2016,2016-06-16T00:00:00Z,40391,HIGH_VOLATILITY,0.3602803699767314,0.31520332788673433,0.0,0.5611828297435292,0.4388171702564707,0.0,25,True,,,SHORT_SUCCESS,False,3.339208621833123e-05,0.52,0.48
rolling,2016,2016-06-17T00:00:00Z,40415,HIGH_VOLATILITY,0.32869658236216304,0.3387606804999628,0.0,0.4335158498566767,0.5664841501433232,0.0,25,True,,,LONG_SUCCESS,False,-0.0012469324694427408,0.4,0.6
rolling,2016,2016-06-18T00:00:00Z,40439,NORMAL,0.3231659683872338,0.3435908773661017,0.0,0.43766809212952246,0.5623319078704776,0.0,25,True,,,SHORT_SUCCESS,False,0.001378228378422719,0.68,0.32
rolling,2016,2016-06-21T00:00:00Z,40463,VOLATILITY_CONTRACTION,0.31835322438786035,0.3357379270981309,0.0,0.40268381439274664,0.5583462785955706,0.0,25,True,,,LONG_SUCCESS,False,-0.0003537718846209348,0.48,0.52
rolling,2016,2016-06-22T00:00:00Z,40487,HIGH_VOLATILITY,0.338708136251361,0.33430553570961635,0.0,0.5668212166434433,0.43317878335655635,0.0,25,True,,,SHORT_SUCCESS,False,0.0003841376168747246,0.52,0.48
rolling,2016,2016-06-23T00:00:00Z,40511,NORMAL,0.33881576743725433,0.32876232923144727,0.0,0.5213464599191762,0.4786535400808237,0.0,25,True,,,SHORT_SUCCESS,False,0.0006332021502390983,0.56,0.44
rolling,2016,2016-06-24T00:00:00Z,40535,NORMAL,0.3415682144846718,0.3312917174036289,0.0,0.4005115517681851,0.558978919806436,0.0,25,True,,,SHORT_SUCCESS,False,-0.0003068048408191304,0.44,0.56
rolling,2016,2016-06-25T00:00:00Z,40559,VOLATILITY_EXPANSION,0.3577484534881034,0.30937515545308525,0.0,0.47577322931920535,0.48642159720219186,0.0,25,True,,,LONG_SUCCESS,False,-0.0002514957532434581,0.48,0.52
rolling,2016,2016-06-28T00:00:00Z,40583,NORMAL,0.31660079353362547,0.34694705739687376,0.0,0.46965274472916496,0.44989531357628765,0.0,25,True,,,LONG_SUCCESS,False,0.0010219840428311588,0.6,0.4
rolling,2016,2016-06-29T00:00:00Z,40607,HIGH_VOLATILITY,0.33463804493845717,0.34954854596867335,0.0,0.5229517781216403,0.4400289495662956,0.0,25,True,,,LONG_SUCCESS,False,0.00035217968525880217,0.64,0.36
rolling,2016,2016-06-30T00:00:00Z,40631,NORMAL,0.33326416809539927,0.34480319767314194,0.0,0.562096580800731,0.35990348439591613,0.0,25,True,,,LONG_SUCCESS,False,0.0006332021502390983,0.68,0.32
rolling,2016,2016-07-01T00:00:00Z,40655,VOLATILITY_CONTRACTION,0.32946285904310485,0.3407239632069509,0.0,0.4710005791743732,0.4885695265845127,0.0,25,True,,,SHORT_SUCCESS,False,0.00025462376873597314,0.52,0.48
rolling,2016,2016-07-02T00:00:00Z,40679,NORMAL,0.31840110044167874,0.3475753447071778,0.0,0.3604943695175015,0.6034369374187432,0.0,25,True,,,AMBIGUOUS_PATH,False,-0.00010673965321761347,0.48,0.52
rolling,2016,2016-07-05T00:00:00Z,40703,NORMAL,0.3291864262419988,0.33291093802248356,0.0,0.2803891938834599,0.6710363014467062,0.0,25,True,,,AMBIGUOUS_PATH,False,-0.0005215358156339667,0.4,0.6
rolling,2016,2016-07-06T00:00:00Z,40727,HIGH_VOLATILITY,0.34144070677977034,0.33715776565534256,0.0,0.6309201923001697,0.3690798076998303,0.0,25,True,,,LONG_SUCCESS,False,0.00047045984439320065,0.6,0.4
rolling,2016,2016-07-07T00:00:00Z,40751,VOLATILITY_EXPANSION,0.3442527324716619,0.32754212142756284,0.0,0.4521329250441947,0.5478670749558052,0.0,25,True,,,SHORT_SUCCESS,False,0.0004959171415570562,0.6,0.4
rolling,2016,2016-07-08T00:00:00Z,40775,HIGH_VOLATILITY,0.3491079547231123,0.3278949936537842,0.0,0.5577141901664701,0.40524528544932215,0.0,25,True,,,SHORT_SUCCESS,False,0.00037083689241845796,0.52,0.48
rolling,2016,2016-07-09T00:00:00Z,40799,HIGH_VOLATILITY,0.3490259028057335,0.3241328263096509,0.0,0.4373724116503416,0.5263689604162741,0.0,25,True,,,LONG_SUCCESS,False,6.877970538154976e-05,0.52,0.48
rolling,2016,2016-07-12T00:00:00Z,40823,NORMAL,0.32945321045592507,0.3343946384299178,0.0,0.49464250084338207,0.46853315402643214,0.0,25,True,,,SHORT_SUCCESS,False,0.0002352622308483543,0.52,0.48
rolling,2016,2016-07-13T00:00:00Z,40847,VOLATILITY_CONTRACTION,0.3348845029676662,0.33463707395503006,0.0,0.4061978484466769,0.5584207705207807,0.0,25,True,,,LONG_SUCCESS,False,-0.00056995932926307,0.48,0.52
rolling,2016,2016-07-14T00:00:00Z,40871,TRENDING,0.35844518071504017,0.32116216311226276,0.0,0.34699275737333796,0.5301020053067689,0.0,25,True,,,LONG_SUCCESS,False,-0.000143853167721808,0.44,0.56
rolling,2016,2016-07-15T00:00:00Z,40895,NORMAL,0.3563879800778277,0.31693824651484853,0.0,0.5229341316397689,0.4403607163290061,0.0,25,True,,,SHORT_SUCCESS,False,0.0009568887402853221,0.72,0.28
rolling,2016,2016-07-16T00:00:00Z,40919,VOLATILITY_EXPANSION,0.3325108975374433,0.3349629896631044,0.0,0.2719970743495372,0.6835340345619088,0.0,25,True,,,LONG_SUCCESS,False,-0.0005435211149895647,0.44,0.56
rolling,2016,2016-07-19T00:00:00Z,40943,HIGH_VOLATILITY,0.3360420730958874,0.3313166462895944,0.0,0.5335719606003619,0.46642803939963806,0.0,25,True,,,SHORT_SUCCESS,False,-0.00015780086043093444,0.48,0.52
rolling,2016,2016-07-20T00:00:00Z,40967,HIGH_VOLATILITY,0.33355452919631734,0.34493475891143066,0.0,0.3373679306316601,0.6271187999572151,0.0,25,True,,,SHORT_SUCCESS,False,-5.159454436765021e-05,0.48,0.52
rolling,2016,2016-07-21T00:00:00Z,40991,NORMAL,0.3527955718778338,0.32569357670841503,0.0,0.5753409085186948,0.38615057399757907,0.0,25,True,,,SHORT_SUCCESS,False,-4.653690137523814e-05,0.44,0.56
rolling,2016,2016-07-22T00:00:00Z,41015,VOLATILITY_CONTRACTION,0.3291960857171082,0.3373122902800299,0.0,0.5978466435242058,0.3639636271391137,0.0,25,True,,,LONG_SUCCESS,False,0.00025462376873597314,0.52,0.48
rolling,2016,2016-07-23T00:00:00Z,41039,NORMAL,0.3085177098274061,0.3422164042722774,0.0,0.3966417742666886,0.4848470068850243,0.0,25,True,,,LONG_SUCCESS,False,-0.00010673965321761347,0.44,0.56
rolling,2016,2016-07-26T00:00:00Z,41063,NORMAL,0.3304774319481741,0.3288678506121829,0.0,0.3567705642849227,0.6014244283018517,0.0,25,True,,,SHORT_SUCCESS,False,-0.0009517330771691146,0.32,0.68
rolling,2016,2016-07-27T00:00:00Z,41087,HIGH_VOLATILITY,0.3280593318320654,0.34885773921161517,0.0,0.5726253843262484,0.35243595892300345,0.0,25,True,,,LONG_SUCCESS,False,-0.00027521650975814715,0.44,0.56
rolling,2016,2016-07-28T00:00:00Z,41111,NORMAL,0.3213382627245782,0.3503778950413428,0.0,0.3562432730549542,0.6437567269450458,0.0,25,True,,,SHORT_SUCCESS,False,0.0001259749411941513,0.52,0.48
rolling,2016,2016-07-29T00:00:00Z,41135,VOLATILITY_CONTRACTION,0.32059026058452544,0.33846195780755245,0.0,0.4328038534679695,0.5175326448206555,0.0,25,True,,,SHORT_SUCCESS,False,-0.00031132045470372294,0.44,0.56
rolling,2016,2016-07-30T00:00:00Z,41159,NORMAL,0.3089160750232018,0.3483145532206308,0.0,0.23682536121336245,0.684909215702028,0.0,25,True,,,LONG_SUCCESS,False,-0.0004008656796812282,0.32,0.68
rolling,2016,2016-08-02T00:00:00Z,41183,NORMAL,0.32522737474535884,0.3471901798066533,0.0,0.4613952467659273,0.5022520583751392,0.0,25,True,,,SHORT_SUCCESS,False,-0.0007906975313438647,0.32,0.68
rolling,2016,2016-08-03T00:00:00Z,41207,NORMAL,0.33741694937769806,0.33373247638824527,0.0,0.6359232772030785,0.36407672279692166,0.0,25,True,,,SHORT_SUCCESS,False,0.00043247900316112364,0.56,0.44
rolling,2016,2016-08-04T00:00:00Z,41231,NORMAL,0.33724226897521503,0.33999546397027436,0.0,0.5551563064064503,0.44484369359354964,0.0,25,True,,,LONG_SUCCESS,False,-0.00038644880743055054,0.36,0.64
rolling,2016,2016-08-05T00:00:00Z,41255,VOLATILITY_EXPANSION,0.3463385688902964,0.3296191806582553,0.0,0.4034920783783736,0.5589296150035746,0.0,25,True,,,LONG_SUCCESS,False,0.0014474610781001207,0.68,0.32
rolling,2016,2016-08-06T00:00:00Z,41279,NORMAL,0.32441466365051685,0.33519959226763857,0.0,0.359087801394609,0.6025384276200154,0.0,25,True,,,LONG_SUCCESS,False,0.0008053545807868989,0.56,0.44
rolling,2016,2016-08-09T00:00:00Z,41303,NORMAL,0.3415820011209442,0.3339831771300308,0.0,0.48454356841572216,0.3513465924683372,0.0,25,True,,,LONG_SUCCESS,False,0.0006973860166197277,0.6,0.4
rolling,2016,2016-08-10T00:00:00Z,41327,NORMAL,0.3487615830141204,0.33063296432385897,0.0,0.6863322163598068,0.31366778364019327,0.0,25,True,,,LONG_SUCCESS,False,-0.0007020732586175971,0.4,0.6
rolling,2016,2016-08-11T00:00:00Z,41351,NORMAL,0.35356069175815275,0.3312787757510912,0.0,0.566895540224653,0.4331044597753468,0.0,25,True,,,SHORT_SUCCESS,False,-0.0005142506539247416,0.4,0.6
rolling,2016,2016-08-12T00:00:00Z,41375,HIGH_VOLATILITY,0.3558144584876934,0.32403735536486006,0.0,0.4795617534443291,0.440984443902429,0.0,25,True,,,SHORT_SUCCESS,False,0.0001512851294616091,0.56,0.44
rolling,2016,2016-08-13T00:00:00Z,41399,VOLATILITY_CONTRACTION,0.3045847875530168,0.35367269204133783,0.0,0.3730617462654654,0.5908063199160792,0.0,25,True,,,SHORT_SUCCESS,False,-0.00010673965321761347,0.44,0.56
rolling,2016,2016-08-16T00:00:00Z,41423,NORMAL,0.32295756927661257,0.3489378476457347,0.0,0.47435053092730706,0.5256494690726929,0.0,25,True,,,SHORT_SUCCESS,False,-0.0010912488210376159,0.48,0.52
rolling,2016,2016-08-17T00:00:00Z,41447,HIGH_VOLATILITY,0.35237058390752746,0.3169310010469127,0.0,0.4916111751113628,0.47028495055891173,0.0,25,True,,,SHORT_SUCCESS,False,0.0008865428925128871,0.68,0.32
rolling,2016,2016-08-18T00:00:00Z,41471,NORMAL,0.3344274294408126,0.3435301481152599,0.0,0.4268971630740052,0.4901916191633902,0.0,25,True,,,SHORT_SUCCESS,False,0.0009494354064922828,0.6,0.4
rolling,2016,2016-08-19T00:00:00Z,41495,NORMAL,0.31088359112919717,0.35492375424024697,0.0,0.4981729366836113,0.46449745399036135,0.0,25,True,,,LONG_SUCCESS,False,0.00011536421837887723,0.56,0.44
rolling,2016,2016-08-20T00:00:00Z,41519,TRENDING,0.33524086968223654,0.32159372533751945,0.0,0.351438819925902,0.6087929170685559,0.0,25,True,,,AMBIGUOUS_PATH,False,-0.0001277730851337866,0.44,0.56
rolling,2016,2016-08-23T00:00:00Z,41543,VOLATILITY_EXPANSION,0.3344126959941134,0.33537224860007686,0.0,0.55502402103013,0.44497597896987023,0.0,25,True,,,LONG_SUCCESS,False,-0.00043201802020664815,0.36,0.64
rolling,2016,2016-08-24T00:00:00Z,41567,HIGH_VOLATILITY,0.3360018247285921,0.3401484948837767,0.0,0.7168899359211208,0.24517087805719395,0.0,25,True,,,LONG_SUCCESS,False,4.6502168648432374e-05,0.52,0.48
rolling,2016,2016-08-25T00:00:00Z,41591,HIGH_VOLATILITY,0.3497301110104071,0.32540441330614145,0.0,0.3995992953594057,0.5626260491687622,0.0,25,True,,,SHORT_SUCCESS,False,0.000574522608363548,0.6,0.4
rolling,2016,2016-08-26T00:00:00Z,41615,NORMAL,0.33363290148853353,0.33070784898731814,0.0,0.4456700899597984,0.5543299100402017,0.0,25,True,,,LONG_SUCCESS,False,-0.00027125018169993353,0.48,0.52
rolling,2016,2016-08-27T00:00:00Z,41639,NORMAL,0.3462657470875511,0.3309593896238022,0.0,0.4025909978693832,0.5605909804424598,0.0,25,True,,,SHORT_SUCCESS,False,4.577454271359471e-05,0.52,0.48
rolling,2016,2016-08-30T00:00:00Z,41663,TRENDING,0.3494972365337734,0.32381495085620254,0.0,0.479007802708869,0.4822235935842861,0.0,25,True,,,SHORT_SUCCESS,False,-1.524433735955455e-05,0.48,0.52
rolling,2016,2016-08-31T00:00:00Z,41687,NORMAL,0.36312505543992485,0.3296497661747518,0.0,0.5210480718488868,0.47895192815111337,0.0,25,True,,,SHORT_SUCCESS,False,-6.0534631257658233e-05,0.44,0.56
rolling,2016,2016-09-01T00:00:00Z,41711,NORMAL,0.34644896952991944,0.3255600597570952,0.0,0.4877584923113327,0.4739792257849509,0.0,25,True,,,SHORT_SUCCESS,False,0.0002523035986290445,0.56,0.44
rolling,2016,2016-09-02T00:00:00Z,41735,NORMAL,0.32158551184057094,0.3451500798507071,0.0,0.5172029841483939,0.446075449150567,0.0,25,True,,,SHORT_SUCCESS,False,0.0005172653088365564,0.56,0.44
rolling,2016,2016-09-03T00:00:00Z,41759,NORMAL,0.32105649121334356,0.34027537452901213,0.0,0.36288530579798467,0.59638570531733,0.0,25,True,,,LONG_SUCCESS,False,-0.00017965136295849948,0.44,0.56
rolling,2016,2016-09-06T00:00:00Z,41783,NORMAL,0.3354013814296314,0.34689917004061765,0.0,0.31072811707962306,0.6498474962148502,0.0,25,True,,,LONG_SUCCESS,False,-0.0005362880353056987,0.36,0.64
rolling,2016,2016-09-07T00:00:00Z,41807,NORMAL,0.33606513381246605,0.34186117921172265,0.0,0.3745097551012069,0.6254902448987935,0.0,25,True,,,SHORT_SUCCESS,False,-0.000178844519928556,0.48,0.52
rolling,2016,2016-09-08T00:00:00Z,41831,NORMAL,0.3372857430721995,0.32935089623052793,0.0,0.3720843650728658,0.5907925203150539,0.0,25,True,,,SHORT_SUCCESS,False,0.0003072612849477352,0.6,0.4
rolling,2016,2016-09-09T00:00:00Z,41855,TRENDING,0.34831596035485857,0.32478626579527753,0.0,0.3618409187543215,0.5156710168361605,0.0,25,True,,,LONG_SUCCESS,False,0.0005433696789154396,0.68,0.32
rolling,2016,2016-09-10T00:00:00Z,41879,LOW_VOLATILITY_RANGE,0.32787657730738656,0.32424195839868364,0.0,0.5237168989302273,0.35114471046263757,0.0,25,True,,,LONG_SUCCESS,False,0.001030147248339608,0.6,0.4
rolling,2016,2016-09-13T00:00:00Z,41903,NORMAL,0.3208488930904253,0.34941301735026603,0.0,0.46620574839536977,0.4979206870896853,0.0,25,True,,,SHORT_SUCCESS,False,0.0004630525002886632,0.56,0.44
rolling,2016,2016-09-14T00:00:00Z,41927,NORMAL,0.3524420034786831,0.3347658936937583,0.0,0.43432594818152814,0.5656740518184719,0.0,25,True,,,LONG_SUCCESS,False,-0.0005372399856700127,0.4,0.6
rolling,2016,2016-09-15T00:00:00Z,41951,NORMAL,0.3397412625807678,0.3331880812856719,0.0,0.5616790429230947,0.3998246359753403,0.0,25,True,,,SHORT_SUCCESS,False,0.0008984389135548998,0.68,0.32
rolling,2016,2016-09-16T00:00:00Z,41975,VOLATILITY_CONTRACTION,0.33630855915811003,0.32575704433887237,0.0,0.5601229020313702,0.3613568561831331,0.0,25,True,,,AMBIGUOUS_PATH,False,0.00025462376873597314,0.52,0.48
rolling,2016,2016-09-17T00:00:00Z,41999,TRENDING,0.349929472033616,0.32774951017810466,0.0,0.40808501722444,0.5919149827755598,0.0,25,True,,,SHORT_SUCCESS,False,0.0002303160279004679,0.52,0.48
rolling,2016,2016-09-20T00:00:00Z,42023,NORMAL,0.31996869985470644,0.3529175775947941,0.0,0.44249012728364906,0.5575098727163508,0.0,25,True,,,SHORT_SUCCESS,False,-0.0007737990095025848,0.44,0.56
rolling,2016,2016-09-21T00:00:00Z,42047,NORMAL,0.33617041122028685,0.33503533266074975,0.0,0.4375972584423315,0.483542833151535,0.0,25,True,,,LONG_SUCCESS,False,0.0005343453261521525,0.64,0.36
rolling,2016,2016-09-22T00:00:00Z,42071,NORMAL,0.345538905536741,0.3387022809568733,0.0,0.39909432119440424,0.5633813789698363,0.0,25,True,,,SHORT_SUCCESS,False,-0.0003606970047065339,0.44,0.56
rolling,2016,2016-09-23T00:00:00Z,42095,NORMAL,0.3004931281077665,0.36186331715306086,0.0,0.47398684638228883,0.48980685762636844,0.0,25,True,,,SHORT_SUCCESS,False,0.00026832313410407593,0.56,0.44
rolling,2016,2016-09-24T00:00:00Z,42119,TRENDING,0.33873320794450335,0.3244564338229537,0.0,0.4090060207291912,0.512971091444703,0.0,25,True,,,LONG_SUCCESS,False,4.577454271359471e-05,0.52,0.48
rolling,2016,2016-09-27T00:00:00Z,42143,NORMAL,0.3087968401078221,0.35607644384099196,0.0,0.36900025413919996,0.5505332190565038,0.0,25,True,,,LONG_SUCCESS,False,-0.00020582983374750619,0.36,0.64
rolling,2016,2016-09-28T00:00:00Z,42167,NORMAL,0.33048793980549535,0.34083592255008205,0.0,0.3639596957886259,0.5520854936949995,0.0,25,True,,,LONG_SUCCESS,False,0.00019058624153078796,0.6,0.4
rolling,2016,2016-09-29T00:00:00Z,42191,VOLATILITY_EXPANSION,0.34561184034291237,0.3301937501287778,0.0,0.5176770424674404,0.48232295753255966,0.0,25,True,,,SHORT_SUCCESS,False,4.321057633083214e-05,0.52,0.48
rolling,2016,2016-09-30T00:00:00Z,42215,HIGH_VOLATILITY,0.33745505331898606,0.32981249744019386,0.0,0.550154241883982,0.44984575811601785,0.0,25,True,,,SHORT_SUCCESS,False,0.0004185619405807639,0.64,0.36
rolling,2016,2016-10-01T00:00:00Z,42239,HIGH_VOLATILITY,0.34110901945269617,0.3299891584601677,0.0,0.395245188507091,0.6047548114929092,0.0,25,True,,,LONG_SUCCESS,False,0.0004185619405807639,0.6,0.4
rolling,2016,2016-10-04T00:00:00Z,42263,TRENDING,0.35395652501352887,0.33292558107222814,0.0,0.3234888734812208,0.5984337847885929,0.0,25,True,,,LONG_SUCCESS,False,-0.00036231630418936955,0.36,0.64
rolling,2016,2016-10-05T00:00:00Z,42287,HIGH_VOLATILITY,0.34854936042750756,0.3387764709433274,0.0,0.5633972096149791,0.39598547415801966,0.0,25,True,,,LONG_SUCCESS,False,-0.0003606970047065339,0.44,0.56
rolling,2016,2016-10-06T00:00:00Z,42311,NORMAL,0.350486807025571,0.3259741455231537,0.0,0.48664659123465726,0.5133534087653431,0.0,25,True,,,LONG_SUCCESS,False,-7.257765660362292e-05,0.44,0.56
rolling,2016,2016-10-07T00:00:00Z,42335,NORMAL,0.32757242347759197,0.3453998605719978,0.0,0.5294294847969008,0.47057051520309917,0.0,25,True,,,LONG_SUCCESS,False,0.00044327481018191506,0.6,0.4
rolling,2016,2016-10-08T00:00:00Z,42359,NORMAL,0.32306466023810454,0.33081735935973766,0.0,0.4023703626634389,0.48024636249717106,0.0,25,True,,,SHORT_SUCCESS,False,-0.00010673965321761347,0.44,0.56
rolling,2016,2016-10-11T00:00:00Z,42383,NORMAL,0.31534502585592195,0.3552256378418493,0.0,0.4355005449960821,0.5644994550039181,0.0,25,True,,,LONG_SUCCESS,False,0.0005415923924911858,0.56,0.44
rolling,2016,2016-10-12T00:00:00Z,42407,NORMAL,0.3305976670866094,0.34241069895513654,0.0,0.4276220059436349,0.45323832650407814,0.0,25,True,,,SHORT_SUCCESS,False,6.695803203449202e-06,0.52,0.48
rolling,2016,2016-10-13T00:00:00Z,42431,NORMAL,0.32660802344069356,0.33600291670403787,0.0,0.4934485967076006,0.46848309854255,0.0,25,True,,,LONG_SUCCESS,False,-0.0002438346212030318,0.44,0.56
rolling,2016,2016-10-14T00:00:00Z,42455,NORMAL,0.31576057229129095,0.34427436232651093,0.0,0.2920283009800034,0.5917698432195878,0.0,25,True,,,SHORT_SUCCESS,False,7.396622555866372e-05,0.52,0.48
rolling,2016,2016-10-15T00:00:00Z,42479,NORMAL,0.3328569470316965,0.3348399821055479,0.0,0.5537942665019359,0.4462057334980641,0.0,25,True,,,SHORT_SUCCESS,False,-0.00027125018169993353,0.48,0.52
rolling,2016,2016-10-18T00:00:00Z,42503,NORMAL,0.3324935428593107,0.3408643596129671,0.0,0.6826493542822385,0.3173506457177614,0.0,25,True,,,LONG_SUCCESS,False,0.0005973922773492291,0.6,0.4
rolling,2016,2016-10-19T00:00:00Z,42527,HIGH_VOLATILITY,0.3523932615163264,0.33257823437013045,0.0,0.2845249919835547,0.7154750080164453,0.0,25,True,,,SHORT_SUCCESS,False,-0.0005879125999822543,0.48,0.52
rolling,2016,2016-10-20T00:00:00Z,42551,NORMAL,0.3407889722249211,0.32507290402249994,0.0,0.5241191025646489,0.47588089743535084,0.0,25,True,,,LONG_SUCCESS,False,0.00017971686882001237,0.56,0.44
rolling,2016,2016-10-21T00:00:00Z,42575,NORMAL,0.33581743828953875,0.3349009442364905,0.0,0.3194194823036791,0.6397818817104955,0.0,25,True,,,LONG_SUCCESS,False,0.0003319349493717816,0.56,0.44
rolling,2016,2016-10-22T00:00:00Z,42599,NORMAL,0.3365297202600028,0.33553551604041126,0.0,0.6456758743516429,0.354324125648357,0.0,25,True,,,SHORT_SUCCESS,False,0.0006159897328510411,0.76,0.24
rolling,2016,2016-10-25T00:00:00Z,42623,NORMAL,0.34920225156908385,0.3291796260912217,0.0,0.55676112145351,0.40521290900496176,0.0,25,True,,,LONG_SUCCESS,False,0.0003170196647774848,0.52,0.48
rolling,2016,2016-10-26T00:00:00Z,42647,NORMAL,0.3449516261265958,0.32502227985196863,0.0,0.4758833205282986,0.5241166794717016,0.0,25,True,,,LONG_SUCCESS,False,0.0006775364469977507,0.52,0.48
rolling,2016,2016-10-27T00:00:00Z,42671,NORMAL,0.3392728444803147,0.3442970832320292,0.0,0.43872402657714166,0.5612759734228586,0.0,25,True,,,SHORT_SUCCESS,False,0.00018290910789908743,0.52,0.48
rolling,2016,2016-10-28T00:00:00Z,42695,NORMAL,0.34701976117903316,0.3228832993406696,0.0,0.5553167302807777,0.4035606101170946,0.0,25,True,,,SHORT_SUCCESS,False,0.0009030398227869441,0.68,0.32
rolling,2016,2016-10-29T00:00:00Z,42719,NORMAL,0.3181227881766168,0.3411270651762672,0.0,0.28418424478765186,0.6382839202303991,0.0,25,True,,,LONG_SUCCESS,False,-0.0004622824188342811,0.32,0.68
rolling,2016,2016-11-01T00:00:00Z,42743,NORMAL,0.31535814876028717,0.344352562990609,0.0,0.4353247086583914,0.5246927789764673,0.0,25,True,,,LONG_SUCCESS,False,0.0008852716401488436,0.64,0.36
rolling,2016,2016-11-02T00:00:00Z,42767,NORMAL,0.34779775132881574,0.3363216304677221,0.0,0.5829014735811977,0.41709852641880246,0.0,25,True,,,LONG_SUCCESS,False,-0.00032765635697618034,0.44,0.56
rolling,2016,2016-11-03T00:00:00Z,42791,NORMAL,0.3238541712421932,0.3460362171796247,0.0,0.47193857406313494,0.5280614259368653,0.0,25,True,,,LONG_SUCCESS,False,0.00075311962196567,0.64,0.36
rolling,2016,2016-11-04T00:00:00Z,42815,LOW_VOLATILITY_RANGE,0.3233420223085171,0.34282000257923295,0.0,0.5963735040035469,0.4036264959964534,0.0,25,True,,,LONG_SUCCESS,False,0.00046536959240817133,0.52,0.48
rolling,2016,2016-11-05T00:00:00Z,42839,NORMAL,0.32638332515758334,0.3347932722816297,0.0,0.5591005224754421,0.4408994775245578,0.0,25,True,,,LONG_SUCCESS,False,0.0010242665070185897,0.72,0.28
rolling,2016,2016-11-08T00:00:00Z,42863,HIGH_VOLATILITY,0.31892494195778687,0.3472442392013873,0.0,0.3117128344553072,0.6037593961165025,0.0,25,True,,,SHORT_SUCCESS,False,-4.787318843613164e-05,0.48,0.52
rolling,2016,2016-11-09T00:00:00Z,42887,NORMAL,0.35343025441920217,0.316606359173305,0.0,0.5335416317670639,0.4281861895735761,0.0,25,True,,,LONG_SUCCESS,False,-0.00014103228864748019,0.44,0.56
rolling,2016,2016-11-10T00:00:00Z,42911,HIGH_VOLATILITY,0.3507333930688673,0.3362080259068398,0.0,0.46642929182639337,0.5335707081736065,0.0,25,True,,,SHORT_SUCCESS,False,-0.00032765635697618034,0.48,0.52
rolling,2016,2016-11-11T00:00:00Z,42935,NORMAL,0.33398277518733477,0.3258640375646762,0.0,0.39524821050289205,0.563340200088587,0.0,25,True,,,SHORT_SUCCESS,False,0.0004459612120633061,0.52,0.48
rolling,2016,2016-11-12T00:00:00Z,42959,HIGH_VOLATILITY,0.32491847489132675,0.3359106512684163,0.0,0.4719933992444417,0.5280066007555582,0.0,25,True,,,SHORT_SUCCESS,False,8.18716433936828e-05,0.52,0.48
rolling,2016,2016-11-15T00:00:00Z,42983,HIGH_VOLATILITY,0.36482751250801926,0.3141719784359593,0.0,0.6592513272934023,0.34074867270659753,0.0,25,True,,,LONG_SUCCESS,False,0.0008938762564711933,0.64,0.36
rolling,2016,2016-11-16T00:00:00Z,43007,HIGH_VOLATILITY,0.33728946247867175,0.33988227985441954,0.0,0.5933317522248718,0.36944664488563517,0.0,25,True,,,SHORT_SUCCESS,False,0.0006332021502390983,0.72,0.28
rolling,2016,2016-11-17T00:00:00Z,43031,TRENDING,0.3617216527679539,0.3292641440272111,0.0,0.5702948339820902,0.392548098335709,0.0,25,True,,,LONG_SUCCESS,False,0.0005932768704861591,0.6,0.4
rolling,2016,2016-11-18T00:00:00Z,43055,VOLATILITY_CONTRACTION,0.34035322871317286,0.33317098631344905,0.0,0.5688563231864515,0.3151316620439855,0.0,25,True,,,LONG_SUCCESS,False,-1.931882405259433e-05,0.48,0.52
rolling,2016,2016-11-19T00:00:00Z,43079,VOLATILITY_CONTRACTION,0.3369480795742067,0.32696681837265124,0.0,0.5057025675072524,0.45739245896253994,0.0,25,True,,,SHORT_SUCCESS,False,0.000961508890139795,0.68,0.32
rolling,2016,2016-11-22T00:00:00Z,43103,NORMAL,0.3547204635650928,0.3302411846399214,0.0,0.4830490347830914,0.47973719424777833,0.0,25,True,,,SHORT_SUCCESS,False,-4.653690137523814e-05,0.48,0.52
rolling,2016,2016-11-23T00:00:00Z,43127,VOLATILITY_CONTRACTION,0.314538068157059,0.3486146981628703,0.0,0.3442824732438142,0.5792550513266528,0.0,25,True,,,LONG_SUCCESS,False,-0.00020582983374750619,0.36,0.64
rolling,2016,2016-11-24T00:00:00Z,43151,NORMAL,0.3080349044539174,0.34938707456758367,0.0,0.2765521723799738,0.6089420257005316,0.0,25,True,,,SHORT_SUCCESS,False,-0.0006057516283082265,0.32,0.68
rolling,2016,2016-11-25T00:00:00Z,43175,NORMAL,0.326277114683191,0.33365211297367686,0.0,0.3986457703464984,0.5633290600685671,0.0,25,True,,,LONG_SUCCESS,False,0.0003319349493717816,0.56,0.44
rolling,2016,2016-11-26T00:00:00Z,43199,NORMAL,0.33730923086229764,0.3269356073145083,0.0,0.49032956985709586,0.4307582641662686,0.0,25,True,,,LONG_SUCCESS,False,0.0013386853015218136,0.64,0.36
rolling,2016,2016-11-29T00:00:00Z,43223,VOLATILITY_CONTRACTION,0.3429268750224479,0.3179344312445968,0.0,0.4765966717218967,0.442902521208356,0.0,25,True,,,SHORT_SUCCESS,False,-0.0004828547003999928,0.32,0.68
rolling,2016,2016-11-30T00:00:00Z,43247,NORMAL,0.36127457030482674,0.32278053896932674,0.0,0.5763899132033335,0.42361008679666634,0.0,25,True,,,LONG_SUCCESS,False,-0.00012353457949909608,0.44,0.56
rolling,2016,2016-12-01T00:00:00Z,43271,NORMAL,0.35259355877823306,0.33052884401507754,0.0,0.6462227997268587,0.353777200273141,0.0,25,True,,,SHORT_SUCCESS,False,0.0008815372095347662,0.6,0.4
rolling,2016,2016-12-02T00:00:00Z,43295,NORMAL,0.3141050469050986,0.34928711611970253,0.0,0.4060952957093225,0.5939047042906777,0.0,25,True,,,SHORT_SUCCESS,False,-5.0319556070932414e-05,0.48,0.52
rolling,2016,2016-12-03T00:00:00Z,43319,NORMAL,0.29685104162131526,0.3514812410518245,0.0,0.437814350216861,0.5621856497831389,0.0,25,True,,,SHORT_SUCCESS,False,-0.0004622824188342811,0.44,0.56
rolling,2016,2016-12-06T00:00:00Z,43343,NORMAL,0.3447730553471607,0.3233558152899931,0.0,0.3677769346046699,0.5931813347304905,0.0,25,True,,,SHORT_SUCCESS,False,-0.00023825857798276395,0.48,0.52
rolling,2016,2016-12-07T00:00:00Z,43367,NORMAL,0.34261266900701787,0.3319409121971061,0.0,0.34190994869702906,0.6580900513029712,0.0,25,True,,,LONG_SUCCESS,False,-1.931882405259433e-05,0.48,0.52
rolling,2016,2016-12-08T00:00:00Z,43391,NORMAL,0.3210347596207979,0.3461616344321424,0.0,0.48016118869904073,0.47939154249499955,0.0,25,True,,,SHORT_SUCCESS,False,6.695803203449202e-06,0.52,0.48
rolling,2016,2016-12-09T00:00:00Z,43415,LOW_VOLATILITY_RANGE,0.324400055974095,0.33494578621631704,0.0,0.5018628964102215,0.3722710110723923,0.0,25,True,,,LONG_SUCCESS,False,0.00046536959240817133,0.72,0.28
rolling,2016,2016-12-10T00:00:00Z,43439,NORMAL,0.34101326403004856,0.31348791983268076,0.0,0.40690917677781174,0.5144195037743727,0.0,25,True,,,LONG_SUCCESS,False,0.000524993511235694,0.56,0.44
rolling,2016,2016-12-13T00:00:00Z,43463,VOLATILITY_EXPANSION,0.3312211042140162,0.33935343464306705,0.0,0.6020952429683848,0.3979047570316153,0.0,25,True,,,LONG_SUCCESS,False,-8.845940134138974e-05,0.48,0.52
rolling,2016,2016-12-14T00:00:00Z,43487,VOLATILITY_EXPANSION,0.3561467572989273,0.3323058202540951,0.0,0.4512567110148862,0.5487432889851137,0.0,25,True,,,SHORT_SUCCESS,False,0.0002575208419350883,0.52,0.48
rolling,2016,2016-12-15T00:00:00Z,43511,NORMAL,0.3482554496952414,0.33954486461594396,0.0,0.47714442733919055,0.4464840362753692,0.0,25,True,,,LONG_SUCCESS,False,-0.0002958047568897282,0.48,0.52
rolling,2016,2016-12-16T00:00:00Z,43535,VOLATILITY_CONTRACTION,0.32665509261822573,0.33089310761789714,0.0,0.4519435121143706,0.46853137756550617,0.0,25,True,,,LONG_SUCCESS,False,0.00013779135115332686,0.56,0.44
rolling,2016,2016-12-17T00:00:00Z,43559,VOLATILITY_CONTRACTION,0.3201812411519118,0.32625633076610977,0.0,0.4830720985521851,0.43596511924275533,0.0,25,True,,,LONG_SUCCESS,False,0.00015194448419086903,0.56,0.44
rolling,2016,2016-12-20T00:00:00Z,43583,VOLATILITY_CONTRACTION,0.31875887094362293,0.34082436454293386,0.0,0.4094015660118146,0.5162950439590661,0.0,25,True,,,SHORT_SUCCESS,False,-0.00038658380098699485,0.36,0.64
rolling,2016,2016-12-21T00:00:00Z,43607,NORMAL,0.33552574907891225,0.3292227534388789,0.0,0.4245250086905005,0.5754749913094995,0.0,25,True,,,LONG_SUCCESS,False,1.733241451118417e-05,0.52,0.48
rolling,2016,2016-12-22T00:00:00Z,43631,NORMAL,0.33499048859186703,0.3206848574627519,0.0,0.40305216419586326,0.520617332432069,0.0,25,True,,,LONG_SUCCESS,False,-1.0448980872435065e-05,0.48,0.52
rolling,2016,2016-12-23T00:00:00Z,43655,LOW_VOLATILITY_RANGE,0.3347291332645342,0.3259181996493178,0.0,0.39555792985787513,0.5287737387009667,0.0,25,True,,,LONG_SUCCESS,False,0.0005834516085641006,0.72,0.28
rolling,2016,2016-12-24T00:00:00Z,43679,TRENDING,0.3437561824067485,0.3153288896237786,0.0,0.31060163234515,0.612036404614644,0.0,25,True,,,LONG_SUCCESS,False,0.0004439369110831315,0.56,0.44
rolling,2016,2016-12-27T00:00:00Z,43703,NORMAL,0.3447481930090869,0.32873844570098953,0.0,0.5181678667378468,0.4818321332621531,0.0,25,True,,,SHORT_SUCCESS,False,5.647970600919372e-05,0.56,0.44
rolling,2016,2016-12-28T00:00:00Z,43727,LOW_VOLATILITY_RANGE,0.3201880410693304,0.3504503404872786,0.0,0.35580252737033613,0.6441974726296643,0.0,25,True,,,SHORT_SUCCESS,False,-0.00031132045470372294,0.48,0.52
rolling,2016,2016-12-29T00:00:00Z,43751,NORMAL,0.33310020901443055,0.3436857737685841,0.0,0.5501990232138677,0.4498009767861323,0.0,25,True,,,SHORT_SUCCESS,False,0.00014580246433038013,0.52,0.48
rolling,2016,2016-12-30T00:00:00Z,43775,NORMAL,0.30457420361808163,0.3532028848209457,0.0,0.3450559209357302,0.6115923462393326,0.0,25,True,,,SHORT_SUCCESS,False,-5.0319556070932414e-05,0.48,0.52
rolling,2016,2016-12-31T00:00:00Z,43799,NORMAL,0.325844571345836,0.333009894181758,0.0,0.6005718933381662,0.27493911995908954,0.0,25,True,,,SHORT_SUCCESS,False,0.000297773141310298,0.56,0.44
expanding,2017,2017-01-03T00:00:00Z,43823,VOLATILITY_CONTRACTION,0.31113062177719725,0.3178585475597916,0.0,0.4713822343560931,0.528617765643907,0.0,25,True,,,LONG_SUCCESS,False,-0.00034111773198652884,0.36,0.64
expanding,2017,2017-01-04T00:00:00Z,43847,NORMAL,0.31426321384866157,0.33581164391288787,0.0,0.48083819903278824,0.5191618009672117,0.0,25,True,,,SHORT_SUCCESS,False,-0.0002209219679466523,0.48,0.52
expanding,2017,2017-01-05T00:00:00Z,43871,VOLATILITY_EXPANSION,0.3400943281730954,0.32924076830850935,0.0,0.5125757273706271,0.3619731334023285,0.0,25,True,,,SHORT_SUCCESS,False,0.00024134224814620353,0.52,0.48
expanding,2017,2017-01-06T00:00:00Z,43895,NORMAL,0.31221212518754815,0.3331299533180494,0.0,0.45174113259863935,0.5084572107640387,0.0,25,True,,,SHORT_SUCCESS,False,0.00015937919743658213,0.52,0.48
expanding,2017,2017-01-07T00:00:00Z,43919,VOLATILITY_EXPANSION,0.32547405019810854,0.33936746523856587,0.0,0.5985405242855363,0.40145947571446366,0.0,25,True,,,LONG_SUCCESS,False,-0.0003152126278770373,0.36,0.64
expanding,2017,2017-01-10T00:00:00Z,43943,HIGH_VOLATILITY,0.34465444178152066,0.33815839849116647,0.0,0.5111847649437746,0.45004706496542013,0.0,25,True,,,LONG_SUCCESS,False,0.00043247900316112364,0.56,0.44
expanding,2017,2017-01-11T00:00:00Z,43967,NORMAL,0.33343869698718936,0.3398256705751735,0.0,0.60250270299418,0.39749729700582,0.0,25,True,,,LONG_SUCCESS,False,-0.0005848633775724643,0.36,0.64
expanding,2017,2017-01-12T00:00:00Z,43991,TRENDING,0.36233102322968386,0.33029879039222254,0.0,0.5221522640079584,0.43736565347323286,0.0,25,True,,,SHORT_SUCCESS,False,-0.00019368003165110004,0.44,0.56
expanding,2017,2017-01-13T00:00:00Z,44015,NORMAL,0.3621868038490867,0.3301567566404987,0.0,0.5483552039367571,0.451644796063243,0.0,25,True,,,SHORT_SUCCESS,False,0.0005433696789154396,0.56,0.44
expanding,2017,2017-01-14T00:00:00Z,44039,NORMAL,0.2909272298520665,0.33253408520876726,0.0,0.4441558574547799,0.47251725611355355,0.0,25,True,,,LONG_SUCCESS,False,0.00038325076088385757,0.56,0.44
expanding,2017,2017-01-17T00:00:00Z,44063,HIGH_VOLATILITY,0.3457682405369354,0.3247452768610231,0.0,0.5211979907106383,0.3961973881592981,0.0,25,True,,,SHORT_SUCCESS,False,-0.00023256638101842864,0.36,0.64
expanding,2017,2017-01-18T00:00:00Z,44087,VOLATILITY_EXPANSION,0.34898134356889526,0.341885247712495,0.0,0.31481764007731444,0.6415127598134973,0.0,25,True,,,LONG_SUCCESS,False,-1.53846673467406e-05,0.48,0.52
expanding,2017,2017-01-19T00:00:00Z,44111,HIGH_VOLATILITY,0.35345882703842035,0.3391602516411008,0.0,0.40234883075272393,0.5530808349541638,0.0,25,True,,,LONG_SUCCESS,False,-0.0002838638071603894,0.44,0.56
expanding,2017,2017-01-20T00:00:00Z,44135,HIGH_VOLATILITY,0.36301947503126303,0.3329549066714732,0.0,0.4527629029768257,0.5083247787828494,0.0,25,True,,,SHORT_SUCCESS,False,0.0005932768704861591,0.68,0.32
expanding,2017,2017-01-21T00:00:00Z,44159,NORMAL,0.3181134677396603,0.3472122805941775,0.0,0.5118347340096314,0.48816526599036847,0.0,25,True,,,LONG_SUCCESS,False,-0.00010818208529883577,0.44,0.56
expanding,2017,2017-01-24T00:00:00Z,44183,HIGH_VOLATILITY,0.3241106012475945,0.33986390839445535,0.0,0.5240980523271858,0.475901947672814,0.0,25,True,,,SHORT_SUCCESS,False,-5.159454436765021e-05,0.48,0.52
expanding,2017,2017-01-25T00:00:00Z,44207,NORMAL,0.34856216277473057,0.3348400634123565,0.0,0.6764282508027646,0.3235717491972354,0.0,25,True,,,LONG_SUCCESS,False,0.00037083689241845796,0.6,0.4
expanding,2017,2017-01-26T00:00:00Z,44231,NORMAL,0.34945865513391516,0.3384260143868923,0.0,0.4784832668623339,0.4797971139453998,0.0,25,True,,,SHORT_SUCCESS,False,-0.00010085411677018818,0.48,0.52
expanding,2017,2017-01-27T00:00:00Z,44255,NORMAL,0.35126035530903793,0.3359451601077702,0.0,0.476888382468475,0.5231116175315251,0.0,25,True,,,SHORT_SUCCESS,False,5.375069753266182e-05,0.52,0.48
expanding,2017,2017-01-28T00:00:00Z,44279,NORMAL,0.34159358269868184,0.3315335628255963,0.0,0.4851558310716225,0.4308432060273103,0.0,25,True,,,SHORT_SUCCESS,False,0.00028021281382728525,0.56,0.44
expanding,2017,2017-01-31T00:00:00Z,44303,NORMAL,0.32211921707009433,0.3471605507844262,0.0,0.5656297070992234,0.35060275779889377,0.0,25,True,,,SHORT_SUCCESS,False,0.00011575868383251198,0.52,0.48
expanding,2017,2017-02-01T00:00:00Z,44327,VOLATILITY_CONTRACTION,0.33273176272059324,0.32824141770633947,0.0,0.47943423383779504,0.5205657661622045,0.0,25,True,,,LONG_SUCCESS,False,1.733241451118417e-05,0.52,0.48
expanding,2017,2017-02-02T00:00:00Z,44351,VOLATILITY_CONTRACTION,0.3278894865849574,0.3361413585152193,0.0,0.3147250391556416,0.64614661133885,0.0,25,True,,,SHORT_SUCCESS,False,0.0003144009059248276,0.56,0.44
expanding,2017,2017-02-03T00:00:00Z,44375,NORMAL,0.29706011273787186,0.34018614320311275,0.0,0.38752513432090474,0.5748172069112736,0.0,25,True,,,LONG_SUCCESS,False,-1.1539258903181526e-05,0.48,0.52
expanding,2017,2017-02-04T00:00:00Z,44399,NORMAL,0.35142871946636234,0.32337640075639806,0.0,0.4202449811990845,0.5797550188009156,0.0,25,True,,,LONG_SUCCESS,False,0.00019759072468761296,0.52,0.48
expanding,2017,2017-02-07T00:00:00Z,44423,TRENDING,0.3498890832151374,0.3262185420172648,0.0,0.48942858266683004,0.5105714173331699,0.0,25,True,,,LONG_SUCCESS,False,-0.00012353457949909608,0.48,0.52
expanding,2017,2017-02-08T00:00:00Z,44447,LOW_VOLATILITY_RANGE,0.3252707971942081,0.3294949388639475,0.0,0.3673719589178911,0.5960329451840011,0.0,25,True,,,SHORT_SUCCESS,False,-0.00022283299101200083,0.48,0.52
expanding,2017,2017-02-09T00:00:00Z,44471,NORMAL,0.32071958693631986,0.3266553568215527,0.0,0.4003339498874444,0.47576530991028526,0.0,25,True,,,SHORT_SUCCESS,False,6.695803203449202e-06,0.52,0.48
expanding,2017,2017-02-10T00:00:00Z,44495,NORMAL,0.3300597995739874,0.33576517367642794,0.0,0.49427587036167675,0.42844300265019564,0.0,25,True,,,SHORT_SUCCESS,False,4.321057633083214e-05,0.52,0.48
expanding,2017,2017-02-11T00:00:00Z,44519,NORMAL,0.31521169024256485,0.33700889133615997,0.0,0.35320069398623344,0.6062817782379135,0.0,25,True,,,LONG_SUCCESS,False,-0.00028023375404417905,0.36,0.64
expanding,2017,2017-02-14T00:00:00Z,44543,NORMAL,0.3195412805221383,0.32950512094088796,0.0,0.3210649560986667,0.5594804680293196,0.0,25,True,,,LONG_SUCCESS,False,-0.0006186062660544778,0.24,0.76
expanding,2017,2017-02-15T00:00:00Z,44567,NORMAL,0.3440445075146834,0.3304603937282362,0.0,0.34835727303832437,0.607637683769701,0.0,25,True,,,SHORT_SUCCESS,False,0.00015981158266864526,0.52,0.48
expanding,2017,2017-02-16T00:00:00Z,44591,NORMAL,0.34550749021750365,0.33773807720598986,0.0,0.3598213519468846,0.5633314186125128,0.0,25,True,,,LONG_SUCCESS,False,0.0003072612849477352,0.64,0.36
expanding,2017,2017-02-17T00:00:00Z,44615,VOLATILITY_EXPANSION,0.3337942533675191,0.3464194289956757,0.0,0.6018432561378948,0.3547716490828785,0.0,25,True,,,LONG_SUCCESS,False,0.0009810369571303656,0.68,0.32
expanding,2017,2017-02-18T00:00:00Z,44639,NORMAL,0.32929679662387745,0.33239510175448367,0.0,0.3976222174929722,0.560455345848409,0.0,25,True,,,AMBIGUOUS_PATH,False,-4.998031447611684e-05,0.48,0.52
expanding,2017,2017-02-21T00:00:00Z,44663,NORMAL,0.33430803438945617,0.3360474988569166,0.0,0.5896886090647775,0.41031139093522245,0.0,25,True,,,AMBIGUOUS_PATH,False,0.0003841376168747246,0.6,0.4
expanding,2017,2017-02-22T00:00:00Z,44687,NORMAL,0.3296008670133699,0.33759189460005556,0.0,0.5609075260611328,0.40122120776273595,0.0,25,True,,,LONG_SUCCESS,False,0.000309971470401349,0.6,0.4
expanding,2017,2017-02-23T00:00:00Z,44711,NORMAL,0.34020650596953267,0.331187435169018,0.0,0.5758697448527215,0.3105606247054405,0.0,25,True,,,SHORT_SUCCESS,False,-0.0001277730851337866,0.48,0.52
expanding,2017,2017-02-24T00:00:00Z,44735,NORMAL,0.3315196560845734,0.33923159586167495,0.0,0.45404348483853463,0.5459565151614657,0.0,25,True,,,LONG_SUCCESS,False,0.00023479197722187095,0.56,0.44
expanding,2017,2017-02-25T00:00:00Z,44759,VOLATILITY_CONTRACTION,0.3346223610929125,0.33152453726118936,0.0,0.4904030979887108,0.3962909256789447,0.0,25,True,,,SHORT_SUCCESS,False,-0.00017509235441171,0.48,0.52
expanding,2017,2017-02-28T00:00:00Z,44783,NORMAL,0.32200448323269715,0.3279909800975373,0.0,0.463202509704709,0.5367974902952909,0.0,25,True,,,SHORT_SUCCESS,False,-3.444380794315194e-05,0.48,0.52
expanding,2017,2017-03-01T00:00:00Z,44807,NORMAL,0.3388787303010938,0.3277606695378353,0.0,0.5669303161347446,0.3933056706391456,0.0,25,True,,,SHORT_SUCCESS,False,5.647970600919372e-05,0.56,0.44
expanding,2017,2017-03-02T00:00:00Z,44831,NORMAL,0.3333802797350249,0.3410690248707724,0.0,0.3177969352375226,0.6822030647624772,0.0,25,True,,,LONG_SUCCESS,False,0.00014580246433038013,0.6,0.4
expanding,2017,2017-03-03T00:00:00Z,44855,NORMAL,0.3271473669465684,0.33210180099439296,0.0,0.5559960499624717,0.24397377996084166,0.0,25,True,,,SHORT_SUCCESS,False,0.0003599091341415228,0.64,0.36
expanding,2017,2017-03-04T00:00:00Z,44879,NORMAL,0.3086483451529734,0.3279171924677615,0.0,0.478248859155931,0.485597993106592,0.0,25,True,,,AMBIGUOUS_PATH,False,-2.6439982618420288e-05,0.48,0.52
expanding,2017,2017-03-07T00:00:00Z,44903,NORMAL,0.32615822455278015,0.3379411970262666,0.0,0.40058756344504587,0.599412436554954,0.0,25,True,,,SHORT_SUCCESS,False,-5.159454436765021e-05,0.48,0.52
expanding,2017,2017-03-08T00:00:00Z,44927,NORMAL,0.32887774136647896,0.3402041387980191,0.0,0.38905495061090345,0.6109450493890966,0.0,25,True,,,LONG_SUCCESS,False,2.5534697426943254e-05,0.52,0.48
expanding,2017,2017-03-09T00:00:00Z,44951,TRENDING,0.3763886677910248,0.31880531485003644,0.0,0.5252014544614276,0.4747985455385725,0.0,25,True,,,SHORT_SUCCESS,False,0.0005792532430923814,0.6,0.4
expanding,2017,2017-03-10T00:00:00Z,44975,NORMAL,0.341435131622642,0.33562684596014125,0.0,0.6046756635621258,0.39532433643787385,0.0,25,True,,,SHORT_SUCCESS,False,0.0007560332319409557,0.68,0.32
expanding,2017,2017-03-11T00:00:00Z,44999,NORMAL,0.3360054482090337,0.3372701914985478,0.0,0.40335287085656074,0.47592462040377204,0.0,25,True,,,SHORT_SUCCESS,False,0.00023479197722187095,0.52,0.48
expanding,2017,2017-03-14T00:00:00Z,45023,NORMAL,0.3260119555534305,0.34282585284714956,0.0,0.5258763653854875,0.40079587412123957,0.0,25,True,,,LONG_SUCCESS,False,-0.00016746382300458773,0.48,0.52
expanding,2017,2017-03-15T00:00:00Z,45047,NORMAL,0.33750932629961916,0.3406394754449271,0.0,0.4817220730288126,0.5182779269711876,0.0,25,True,,,SHORT_SUCCESS,False,-0.0005484146366395715,0.4,0.6
expanding,2017,2017-03-16T00:00:00Z,45071,NORMAL,0.3468675001792516,0.3261697753723771,0.0,0.3617085038220381,0.5989294236331579,0.0,25,True,,,LONG_SUCCESS,False,0.0007619175293098746,0.64,0.36
expanding,2017,2017-03-17T00:00:00Z,45095,NORMAL,0.3276336197813567,0.3308168635444666,0.0,0.4466122345387058,0.3948358872057037,0.0,25,True,,,SHORT_SUCCESS,False,-0.0003749393883432095,0.4,0.6
expanding,2017,2017-03-18T00:00:00Z,45119,NORMAL,0.34329679744600533,0.326636158334559,0.0,0.39404515521098515,0.6059548447890151,0.0,25,True,,,SHORT_SUCCESS,False,0.0001512851294616091,0.56,0.44
expanding,2017,2017-03-21T00:00:00Z,45143,NORMAL,0.31327539880357513,0.34888438217501605,0.0,0.3632187248512495,0.6367812751487508,0.0,25,True,,,SHORT_SUCCESS,False,-6.17308097188296e-05,0.48,0.52
expanding,2017,2017-03-22T00:00:00Z,45167,NORMAL,0.33076736038401533,0.34514939091254737,0.0,0.7185047608371299,0.28149523916287034,0.0,25,True,,,LONG_SUCCESS,False,0.0006332021502390983,0.6,0.4
expanding,2017,2017-03-23T00:00:00Z,45191,NORMAL,0.34528608181665604,0.33173289140040046,0.0,0.5882895846391285,0.3721560809689943,0.0,25,True,,,SHORT_SUCCESS,False,0.0003872226845369475,0.56,0.44
expanding,2017,2017-03-24T00:00:00Z,45215,NORMAL,0.3237325731363179,0.3363796268764261,0.0,0.32713459311750376,0.6357367715968179,0.0,25,True,,,SHORT_SUCCESS,False,0.00025099227713831773,0.52,0.48
expanding,2017,2017-03-25T00:00:00Z,45239,NORMAL,0.3459843217984267,0.32538696953317026,0.0,0.44361617823580746,0.518926570388119,0.0,25,True,,,LONG_SUCCESS,False,6.922491051208901e-05,0.52,0.48
expanding,2017,2017-03-28T00:00:00Z,45263,TRENDING,0.3534221307968981,0.32798963384674856,0.0,0.48620560716962696,0.4699352858902244,0.0,25,True,,,LONG_SUCCESS,False,0.0003123458459963757,0.6,0.4
expanding,2017,2017-03-29T00:00:00Z,45287,VOLATILITY_CONTRACTION,0.33845564009169243,0.33587307603348054,0.0,0.47376133979680957,0.5262386602031903,0.0,25,True,,,SHORT_SUCCESS,False,1.733241451118417e-05,0.52,0.48
expanding,2017,2017-03-30T00:00:00Z,45311,NORMAL,0.32770465897954887,0.3301174147685342,0.0,0.39644237097161844,0.5243200964273232,0.0,25,True,,,SHORT_SUCCESS,False,-0.0007247383150897901,0.44,0.56
expanding,2017,2017-03-31T00:00:00Z,45335,NORMAL,0.30945882654858015,0.3346518773349579,0.0,0.40324951772881323,0.557408317290175,0.0,25,True,,,LONG_SUCCESS,False,-0.0003583743502587611,0.36,0.64
expanding,2017,2017-04-01T00:00:00Z,45359,NORMAL,0.3388121531497451,0.3204282056125791,0.0,0.611845475397568,0.31351735061905667,0.0,25,True,,,SHORT_SUCCESS,False,0.000524993511235694,0.64,0.36
expanding,2017,2017-04-04T00:00:00Z,45383,NORMAL,0.3400929849017955,0.33896444328470915,0.0,0.392324955329583,0.4909122288285667,0.0,25,True,,,LONG_SUCCESS,False,0.0003072612849477352,0.52,0.48
expanding,2017,2017-04-05T00:00:00Z,45407,VOLATILITY_CONTRACTION,0.32821023558903756,0.32302592449590123,0.0,0.4902125305788656,0.47265186776382984,0.0,25,True,,,SHORT_SUCCESS,False,0.0002182591674593226,0.56,0.44
expanding,2017,2017-04-06T00:00:00Z,45431,NORMAL,0.3310316507644331,0.3248601305628884,0.0,0.47033328003649855,0.5296667199635016,0.0,25,True,,,SHORT_SUCCESS,False,9.523878405359731e-05,0.6,0.4
expanding,2017,2017-04-07T00:00:00Z,45455,NORMAL,0.34850968803062077,0.32902843770165974,0.0,0.39758871242938065,0.5144635741010826,0.0,25,True,,,SHORT_SUCCESS,False,-1.0448980872435065e-05,0.48,0.52
expanding,2017,2017-04-08T00:00:00Z,45479,NORMAL,0.3152536112009234,0.3352721105123981,0.0,0.4839811351810601,0.47823067583493817,0.0,25,True,,,LONG_SUCCESS,False,-0.0003149103408941478,0.44,0.56
expanding,2017,2017-04-11T00:00:00Z,45503,NORMAL,0.34149280805612847,0.3368632139047973,0.0,0.5218164182565624,0.4781835817434375,0.0,25,True,,,LONG_SUCCESS,False,-0.00012526418013325546,0.48,0.52
expanding,2017,2017-04-12T00:00:00Z,45527,NORMAL,0.3472173121780231,0.337268064086428,0.0,0.5225086953783196,0.39716625174064535,0.0,25,True,,,SHORT_SUCCESS,False,-2.4034666312955366e-05,0.48,0.52
expanding,2017,2017-04-13T00:00:00Z,45551,NORMAL,0.3295910532417745,0.3330909121109117,0.0,0.31371577040799375,0.6093286454925788,0.0,25,True,,,LONG_SUCCESS,False,-0.0007770132664944862,0.32,0.68
expanding,2017,2017-04-14T00:00:00Z,45575,NORMAL,0.3395432359792283,0.33724802600816217,0.0,0.44630520078414904,0.5536947992158512,0.0,25,True,,,SHORT_SUCCESS,False,0.0002303160279004679,0.56,0.44
expanding,2017,2017-04-15T00:00:00Z,45599,NORMAL,0.3197545727094681,0.3363486503270763,0.0,0.48217314369002373,0.5178268563099765,0.0,25,True,,,LONG_SUCCESS,False,-0.00010818208529883577,0.4,0.6
expanding,2017,2017-04-18T00:00:00Z,45623,NORMAL,0.3302313742171895,0.3288290171158801,0.0,0.39704842826466163,0.5485707557984942,0.0,25,True,,,LONG_SUCCESS,False,-0.0007520451264428907,0.32,0.68
expanding,2017,2017-04-19T00:00:00Z,45647,NORMAL,0.3354195289629096,0.3408694182463918,0.0,0.37210309756219245,0.5895230250112603,0.0,25,True,,,LONG_SUCCESS,False,-4.2518903072275016e-05,0.48,0.52
expanding,2017,2017-04-20T00:00:00Z,45671,TRENDING,0.3604193394136193,0.3296817641351794,0.0,0.44783119275483746,0.4779107850386285,0.0,25,True,,,AMBIGUOUS_PATH,False,-0.00034341124451264804,0.4,0.6
expanding,2017,2017-04-21T00:00:00Z,45695,HIGH_VOLATILITY,0.3323516367366376,0.34368780407463073,0.0,0.5194070582595299,0.4424550019317585,0.0,25,True,,,SHORT_SUCCESS,False,-0.00027125018169993353,0.48,0.52
expanding,2017,2017-04-22T00:00:00Z,45719,NORMAL,0.35049468432275294,0.3279873900146132,0.0,0.37615719998683395,0.6238428000131663,0.0,25,True,,,LONG_SUCCESS,False,-0.0001306759783225031,0.48,0.52
expanding,2017,2017-04-25T00:00:00Z,45743,NORMAL,0.3190662303398903,0.3390904351101052,0.0,0.4392268558100156,0.48516123014881546,0.0,25,True,,,LONG_SUCCESS,False,-0.0008977641065698316,0.4,0.6
expanding,2017,2017-04-26T00:00:00Z,45767,HIGH_VOLATILITY,0.35038693479896826,0.3323108776881009,0.0,0.5061081188119061,0.4464373520810459,0.0,25,True,,,SHORT_SUCCESS,False,0.0008865428925128871,0.68,0.32
expanding,2017,2017-04-27T00:00:00Z,45791,HIGH_VOLATILITY,0.3264506090508082,0.3406743206924866,0.0,0.5557638520232191,0.405145022927855,0.0,25,True,,,LONG_SUCCESS,False,7.396622555866372e-05,0.52,0.48
expanding,2017,2017-04-28T00:00:00Z,45815,HIGH_VOLATILITY,0.3276336382790301,0.33578414940771945,0.0,0.4751843840973986,0.4871258849146253,0.0,25,True,,,LONG_SUCCESS,False,-0.00027125018169993353,0.44,0.56
expanding,2017,2017-04-29T00:00:00Z,45839,NORMAL,0.3346222267903657,0.330058923297053,0.0,0.3053607877086285,0.6514866889149451,0.0,25,True,,,SHORT_SUCCESS,False,0.0007560332319409557,0.68,0.32
expanding,2017,2017-05-02T00:00:00Z,45863,HIGH_VOLATILITY,0.3102878518495533,0.3272801136578769,0.0,0.6156820004024284,0.2672500463495867,0.0,25,True,,,SHORT_SUCCESS,False,0.0006915272063636735,0.68,0.32
expanding,2017,2017-05-03T00:00:00Z,45887,HIGH_VOLATILITY,0.3246114129036733,0.34303344076832826,0.0,0.5173460817202988,0.4826539182797015,0.0,25,True,,,LONG_SUCCESS,False,-4.787318843613164e-05,0.48,0.52
expanding,2017,2017-05-04T00:00:00Z,45911,HIGH_VOLATILITY,0.34484230575643016,0.33723160207526437,0.0,0.43089834659931275,0.5691016534006873,0.0,25,True,,,SHORT_SUCCESS,False,-0.00020502862335913807,0.48,0.52
expanding,2017,2017-05-05T00:00:00Z,45935,NORMAL,0.3234925508004048,0.34094439899730694,0.0,0.3994722644819307,0.5615589611436499,0.0,25,True,,,SHORT_SUCCESS,False,0.00042987216933720873,0.56,0.44
expanding,2017,2017-05-06T00:00:00Z,45959,TRENDING,0.3570636750741244,0.32142005383131944,0.0,0.5660279014077134,0.4339720985922864,0.0,25,True,,,LONG_SUCCESS,False,0.0008532574676645144,0.64,0.36
expanding,2017,2017-05-09T00:00:00Z,45983,NORMAL,0.36161878480428555,0.3368152326871809,0.0,0.49044255489442057,0.46978381712899403,0.0,25,True,,,SHORT_SUCCESS,False,-0.00043885543755228795,0.48,0.52
expanding,2017,2017-05-10T00:00:00Z,46007,HIGH_VOLATILITY,0.35380571053034604,0.3319773233053785,0.0,0.477225003427947,0.4387060293647798,0.0,25,True,,,LONG_SUCCESS,False,0.0008768869361663878,0.6,0.4
expanding,2017,2017-05-11T00:00:00Z,46031,NORMAL,0.3379921572856574,0.33192239660207007,0.0,0.3476079985755686,0.6138365328698931,0.0,25,True,,,LONG_SUCCESS,False,0.0008651786955966578,0.6,0.4
expanding,2017,2017-05-12T00:00:00Z,46055,NORMAL,0.324945598071285,0.3330454126754018,0.0,0.407891655684117,0.5536069316356313,0.0,25,True,,,SHORT_SUCCESS,False,-0.0004376546426425598,0.48,0.52
expanding,2017,2017-05-13T00:00:00Z,46079,VOLATILITY_CONTRACTION,0.3387817441885117,0.3210612223459879,0.0,0.5568165942235157,0.4431834057764842,0.0,25,True,,,SHORT_SUCCESS,False,-0.0007632625503208867,0.24,0.76
expanding,2017,2017-05-16T00:00:00Z,46103,NORMAL,0.3297397255812054,0.3408207176993988,0.0,0.5545444437313602,0.4081955251241615,0.0,25,True,,,SHORT_SUCCESS,False,0.0002708994383009422,0.56,0.44
expanding,2017,2017-05-17T00:00:00Z,46127,VOLATILITY_EXPANSION,0.33002052062497217,0.3418793433522258,0.0,0.584591181555329,0.3721632479167156,0.0,25,True,,,SHORT_SUCCESS,False,0.0011995498207422184,0.68,0.32
expanding,2017,2017-05-18T00:00:00Z,46151,NORMAL,0.32317687668483536,0.3406865228867142,0.0,0.3533958059786708,0.5720560471841538,0.0,25,True,,,SHORT_SUCCESS,False,0.00044327481018191506,0.56,0.44
expanding,2017,2017-05-19T00:00:00Z,46175,NORMAL,0.33127821757255344,0.3353577743563911,0.0,0.6069398465060388,0.35294378543026594,0.0,25,True,,,SHORT_SUCCESS,False,0.0004185619405807639,0.56,0.44
expanding,2017,2017-05-20T00:00:00Z,46199,NORMAL,0.33342091325855794,0.33769411091322116,0.0,0.4467834587614904,0.3917952176080205,0.0,25,True,,,SHORT_SUCCESS,False,0.00011756467665580139,0.52,0.48
expanding,2017,2017-05-23T00:00:00Z,46223,HIGH_VOLATILITY,0.360116029806197,0.33137769293183283,0.0,0.562366816906598,0.4376331830934022,0.0,25,True,,,SHORT_SUCCESS,False,0.0003123458459963757,0.56,0.44
expanding,2017,2017-05-24T00:00:00Z,46247,HIGH_VOLATILITY,0.31802126572071493,0.34369709959435624,0.0,0.43201546863011975,0.47655188063626397,0.0,25,True,,,AMBIGUOUS_PATH,False,0.0005415923924911858,0.64,0.36
expanding,2017,2017-05-25T00:00:00Z,46271,NORMAL,0.3333533522816024,0.33587775466693226,0.0,0.6833972846330074,0.2778192756468964,0.0,25,True,,,LONG_SUCCESS,False,0.0013614511397448403,0.6,0.4
expanding,2017,2017-05-26T00:00:00Z,46295,HIGH_VOLATILITY,0.3550575310358242,0.33044726565531135,0.0,0.49049720717356926,0.509502792826431,0.0,25,True,,,LONG_SUCCESS,False,0.0010563855799867738,0.64,0.36
expanding,2017,2017-05-27T00:00:00Z,46319,HIGH_VOLATILITY,0.3489114900070735,0.3275519625437715,0.0,0.44458932966236137,0.5144258829927536,0.0,25,True,,,LONG_SUCCESS,False,0.00041646617583812606,0.52,0.48
expanding,2017,2017-05-30T00:00:00Z,46343,NORMAL,0.34740498265232506,0.3265183631913094,0.0,0.44072233138163247,0.5209756242218111,0.0,25,True,,,LONG_SUCCESS,False,6.043360684393484e-05,0.56,0.44
expanding,2017,2017-05-31T00:00:00Z,46367,HIGH_VOLATILITY,0.3298751067733385,0.3365148158473742,0.0,0.5148325426055332,0.4459655924437576,0.0,25,True,,,LONG_SUCCESS,False,0.000574522608363548,0.52,0.48
expanding,2017,2017-06-01T00:00:00Z,46391,NORMAL,0.31412129369205627,0.33540316146152216,0.0,0.24553575946266212,0.558378912465709,0.0,25,True,,,LONG_SUCCESS,False,0.00012432253052163666,0.52,0.48
expanding,2017,2017-06-02T00:00:00Z,46415,HIGH_VOLATILITY,0.32504859359798605,0.3322577275977509,0.0,0.46793352994446846,0.491958652873988,0.0,25,True,,,AMBIGUOUS_PATH,False,-0.00016225951836568164,0.36,0.64
expanding,2017,2017-06-03T00:00:00Z,46439,HIGH_VOLATILITY,0.33445063942068665,0.33122401871386215,0.0,0.42481878374533355,0.5408077531705331,0.0,25,True,,,SHORT_SUCCESS,False,6.877970538154976e-05,0.52,0.48
expanding,2017,2017-06-06T00:00:00Z,46463,NORMAL,0.3474775068949154,0.33236216372513105,0.0,0.4720239458741933,0.5279760541258065,0.0,25,True,,,LONG_SUCCESS,False,0.0001836999306195075,0.52,0.48
expanding,2017,2017-06-07T00:00:00Z,46487,HIGH_VOLATILITY,0.3369579640586586,0.3449794323024665,0.0,0.5628691888505992,0.39866261434555983,0.0,25,True,,,SHORT_SUCCESS,False,0.00019836542737738938,0.6,0.4
expanding,2017,2017-06-08T00:00:00Z,46511,NORMAL,0.362344688424241,0.3271179881004131,0.0,0.5654082161589761,0.43459178384102387,0.0,25,True,,,SHORT_SUCCESS,False,0.0011986552397715844,0.68,0.32
expanding,2017,2017-06-09T00:00:00Z,46535,NORMAL,0.3385029435043462,0.3372451549792369,0.0,0.4754421107360283,0.5245578892639715,0.0,25,True,,,SHORT_SUCCESS,False,-0.00020502862335913807,0.44,0.56
expanding,2017,2017-06-10T00:00:00Z,46559,NORMAL,0.31449340713402685,0.3407939786472745,0.0,0.47972830264449595,0.5202716973555038,0.0,25,True,,,SHORT_SUCCESS,False,-0.0003149103408941478,0.36,0.64
expanding,2017,2017-06-13T00:00:00Z,46583,NORMAL,0.33641008807261946,0.3441474305405981,0.0,0.4912067617937255,0.4302515225564851,0.0,25,True,,,SHORT_SUCCESS,False,0.00027782115298502497,0.56,0.44
expanding,2017,2017-06-14T00:00:00Z,46607,HIGH_VOLATILITY,0.343649823994147,0.338218605257199,0.0,0.4049568165462559,0.5573993704261462,0.0,25,True,,,SHORT_SUCCESS,False,4.321057633083214e-05,0.52,0.48
expanding,2017,2017-06-15T00:00:00Z,46631,NORMAL,0.34655941704628684,0.34257265159166,0.0,0.5112408490074258,0.4501151622620368,0.0,25,True,,,SHORT_SUCCESS,False,-4.2518903072275016e-05,0.48,0.52
expanding,2017,2017-06-16T00:00:00Z,46655,NORMAL,0.31736166340280847,0.329469452794451,0.0,0.48110059435460106,0.3621931979500106,0.0,25,True,,,LONG_SUCCESS,False,0.0006408169188336643,0.56,0.44
expanding,2017,2017-06-17T00:00:00Z,46679,NORMAL,0.34428936194946735,0.3370263201803261,0.0,0.4062044014135615,0.5937955985864383,0.0,25,True,,,SHORT_SUCCESS,False,-4.4219383174559646e-05,0.48,0.52
expanding,2017,2017-06-20T00:00:00Z,46703,NORMAL,0.31973060389832175,0.34211324608805105,0.0,0.6119809003681314,0.3880190996318684,0.0,25,True,,,LONG_SUCCESS,False,0.0002705414455475008,0.6,0.4
expanding,2017,2017-06-21T00:00:00Z,46727,NORMAL,0.33902087743272336,0.33807108948420317,0.0,0.2713798732676112,0.6891267825347455,0.0,25,True,,,LONG_SUCCESS,False,0.00014580246433038013,0.56,0.44
expanding,2017,2017-06-22T00:00:00Z,46751,VOLATILITY_CONTRACTION,0.3333377183650691,0.33107308001092745,0.0,0.3954841354858608,0.5666131873839317,0.0,25,True,,,SHORT_SUCCESS,False,0.0002182591674593226,0.56,0.44
expanding,2017,2017-06-23T00:00:00Z,46775,TRENDING,0.35297966094506117,0.32596136184261776,0.0,0.43141535491654376,0.48168296443239506,0.0,25,True,,,LONG_SUCCESS,False,-1.0448980872435065e-05,0.48,0.52
expanding,2017,2017-06-24T00:00:00Z,46799,NORMAL,0.31715552224356547,0.33804656855758225,0.0,0.44142356742766664,0.5585764325723334,0.0,25,True,,,SHORT_SUCCESS,False,-0.00042671776982516896,0.2,0.8
expanding,2017,2017-06-27T00:00:00Z,46823,VOLATILITY_CONTRACTION,0.3402637187428284,0.3214418883056594,0.0,0.5732680845649613,0.42673191543503874,0.0,25,True,,,SHORT_SUCCESS,False,0.0004220230328491059,0.6,0.4
expanding,2017,2017-06-28T00:00:00Z,46847,NORMAL,0.34933765190581717,0.3331841669133439,0.0,0.4408026201625763,0.47605718198147046,0.0,25,True,,,LONG_SUCCESS,False,0.0008018053055833807,0.6,0.4
expanding,2017,2017-06-29T00:00:00Z,46871,NORMAL,0.3379433997240806,0.3438769497502287,0.0,0.526739263961606,0.43527126072546646,0.0,25,True,,,SHORT_SUCCESS,False,0.00019608519723024465,0.56,0.44
expanding,2017,2017-06-30T00:00:00Z,46895,VOLATILITY_EXPANSION,0.3400521610756637,0.3411677862246847,0.0,0.48175629664798625,0.5182437033520139,0.0,25,True,,,SHORT_SUCCESS,False,0.000684133340635773,0.72,0.28
expanding,2017,2017-07-01T00:00:00Z,46919,NORMAL,0.31674061886607446,0.343774771295401,0.0,0.43123382838718255,0.5687661716128173,0.0,25,True,,,LONG_SUCCESS,False,-0.00028023375404417905,0.4,0.6
expanding,2017,2017-07-04T00:00:00Z,46943,VOLATILITY_CONTRACTION,0.3240109848782237,0.33900906508124323,0.0,0.35553594698358015,0.4882432290323025,0.0,25,True,,,LONG_SUCCESS,False,-0.0005215358156339667,0.36,0.64
expanding,2017,2017-07-05T00:00:00Z,46967,NORMAL,0.32253279533230406,0.3350252635320069,0.0,0.3589631191317952,0.47990047229676613,0.0,25,True,,,LONG_SUCCESS,False,0.00019058624153078796,0.64,0.36
expanding,2017,2017-07-06T00:00:00Z,46991,NORMAL,0.3612013989852712,0.32111764174494095,0.0,0.4790099889412433,0.4810319939927922,0.0,25,True,,,LONG_SUCCESS,False,0.000613266252226019,0.56,0.44
expanding,2017,2017-07-07T00:00:00Z,47015,NORMAL,0.33615842010734803,0.34014027233509897,0.0,0.4373860500231663,0.5252632961046322,0.0,25,True,,,SHORT_SUCCESS,False,0.00025826939898254686,0.52,0.48
expanding,2017,2017-07-08T00:00:00Z,47039,NORMAL,0.31819519875853863,0.3383986305959655,0.0,0.5478389447859875,0.45216105521401245,0.0,25,True,,,LONG_SUCCESS,False,-3.461223376688416e-05,0.44,0.56
expanding,2017,2017-07-11T00:00:00Z,47063,VOLATILITY_CONTRACTION,0.3407879199720581,0.3267327861539556,0.0,0.48429268359236727,0.44162847700397534,0.0,25,True,,,LONG_SUCCESS,False,3.193073452223416e-05,0.52,0.48
expanding,2017,2017-07-12T00:00:00Z,47087,NORMAL,0.3203221686214374,0.33438635121075566,0.0,0.5610262156159742,0.3241395179908076,0.0,25,True,,,SHORT_SUCCESS,False,-0.0003679174780994998,0.4,0.6
expanding,2017,2017-07-13T00:00:00Z,47111,LOW_VOLATILITY_RANGE,0.3276528614902446,0.3422457142366438,0.0,0.2379738821768873,0.7620261178231126,0.0,25,True,,,SHORT_SUCCESS,False,-0.00031132045470372294,0.36,0.64
expanding,2017,2017-07-14T00:00:00Z,47135,NORMAL,0.32097379934563913,0.33757263935363896,0.0,0.4734233275651739,0.4893109594022751,0.0,25,True,,,SHORT_SUCCESS,False,-0.00015765060191019753,0.48,0.52
expanding,2017,2017-07-15T00:00:00Z,47159,NORMAL,0.32321623386726756,0.33852135304970304,0.0,0.40243873497742666,0.5585226629126409,0.0,25,True,,,LONG_SUCCESS,False,0.0006256746914801159,0.64,0.36
expanding,2017,2017-07-18T00:00:00Z,47183,TRENDING,0.35166802127976765,0.3313027310475148,0.0,0.4595099154008484,0.5009989013453232,0.0,25,True,,,SHORT_SUCCESS,False,-0.00012353457949909608,0.48,0.52
expanding,2017,2017-07-19T00:00:00Z,47207,LOW_VOLATILITY_RANGE,0.33271319268929345,0.34145950696248706,0.0,0.3641990359156961,0.6358009640843039,0.0,25,True,,,LONG_SUCCESS,False,-0.0006398069506101667,0.4,0.6
expanding,2017,2017-07-20T00:00:00Z,47231,NORMAL,0.34955647935474615,0.32662448293797325,0.0,0.42686711484011425,0.5731328851598857,0.0,25,True,,,LONG_SUCCESS,False,0.0007231330804042813,0.72,0.28
expanding,2017,2017-07-21T00:00:00Z,47255,NORMAL,0.32547918124912395,0.34246875748218,0.0,0.44205523063962143,0.5579447693603784,0.0,25,True,,,SHORT_SUCCESS,False,0.00028135583100863393,0.52,0.48
expanding,2017,2017-07-22T00:00:00Z,47279,VOLATILITY_EXPANSION,0.3565387577826152,0.32212324652356317,0.0,0.5470526768226269,0.4529473231773729,0.0,25,True,,,LONG_SUCCESS,False,-0.0006175702201750566,0.32,0.68
expanding,2017,2017-07-25T00:00:00Z,47303,HIGH_VOLATILITY,0.34715134269635967,0.33953523062648355,0.0,0.4700402217784259,0.529959778221574,0.0,25,True,,,LONG_SUCCESS,False,0.0001990704700554069,0.52,0.48
expanding,2017,2017-07-26T00:00:00Z,47327,NORMAL,0.3314108508340761,0.33568837515081007,0.0,0.5509586837452015,0.4100734375822209,0.0,25,True,,,SHORT_SUCCESS,False,0.0007575921842770672,0.56,0.44
expanding,2017,2017-07-27T00:00:00Z,47351,NORMAL,0.34625026155843586,0.3332233665928295,0.0,0.5105920106425688,0.4894079893574312,0.0,25,True,,,LONG_SUCCESS,False,-0.00032765635697618034,0.44,0.56
expanding,2017,2017-07-28T00:00:00Z,47375,NORMAL,0.3133665920849566,0.3405422525645107,0.0,0.398436105202893,0.5232810276134547,0.0,25,True,,,AMBIGUOUS_PATH,False,-0.00018183178412245482,0.44,0.56
expanding,2017,2017-07-29T00:00:00Z,47399,NORMAL,0.3271475526465498,0.33300382881935797,0.0,0.40427448293277163,0.5957255170672284,0.0,25,True,,,SHORT_SUCCESS,False,-0.00044399366293146336,0.4,0.6
expanding,2017,2017-08-01T00:00:00Z,47423,NORMAL,0.31956466312541665,0.3449588153244804,0.0,0.5772267659463254,0.42277323405367473,0.0,25,True,,,SHORT_SUCCESS,False,0.00046771328449390914,0.56,0.44
expanding,2017,2017-08-02T00:00:00Z,47447,NORMAL,0.3391627146787941,0.33402366181794435,0.0,0.4767540098848927,0.5232459901151072,0.0,25,True,,,LONG_SUCCESS,False,-0.00018665374645387978,0.44,0.56
expanding,2017,2017-08-03T00:00:00Z,47471,HIGH_VOLATILITY,0.3261909701168467,0.34545369093531275,0.0,0.4313829954214906,0.525049799467331,0.0,25,True,,,SHORT_SUCCESS,False,-5.159454436765021e-05,0.48,0.52
expanding,2017,2017-08-04T00:00:00Z,47495,NORMAL,0.33304646582550035,0.3287703372003188,0.0,0.6019391683647652,0.39806083163523487,0.0,25,True,,,AMBIGUOUS_PATH,False,0.0004606061653862348,0.52,0.48
expanding,2017,2017-08-05T00:00:00Z,47519,NORMAL,0.33376589095151044,0.33176561440889063,0.0,0.5969222682415781,0.35565588201480747,0.0,25,True,,,SHORT_SUCCESS,False,-0.0003246657241360307,0.44,0.56
expanding,2017,2017-08-08T00:00:00Z,47543,NORMAL,0.3477745421718558,0.34044248477215683,0.0,0.4346373858769513,0.5653626141230489,0.0,25,True,,,LONG_SUCCESS,False,3.193073452223416e-05,0.52,0.48
expanding,2017,2017-08-09T00:00:00Z,47567,NORMAL,0.3306960987442179,0.33660919557119195,0.0,0.5991846425760392,0.3634121560579323,0.0,25,True,,,LONG_SUCCESS,False,0.00019836542737738938,0.56,0.44
expanding,2017,2017-08-10T00:00:00Z,47591,HIGH_VOLATILITY,0.3432832220268852,0.3385546563581398,0.0,0.43830983058591866,0.5616901694140813,0.0,25,True,,,LONG_SUCCESS,False,0.0007081475131078818,0.64,0.36
expanding,2017,2017-08-11T00:00:00Z,47615,NORMAL,0.3382173496526889,0.3363984146012009,0.0,0.590463823926832,0.3715750956648549,0.0,25,True,,,SHORT_SUCCESS,False,0.0005481676839482752,0.64,0.36
expanding,2017,2017-08-12T00:00:00Z,47639,HIGH_VOLATILITY,0.33054846731888127,0.33455886209586216,0.0,0.3195953017096521,0.5982916491277384,0.0,25,True,,,LONG_SUCCESS,False,-0.00027521650975814715,0.44,0.56
expanding,2017,2017-08-15T00:00:00Z,47663,NORMAL,0.31706762178776227,0.3393605849454468,0.0,0.5545392499606988,0.44546075003930147,0.0,25,True,,,SHORT_SUCCESS,False,0.0006137074327190462,0.56,0.44
expanding,2017,2017-08-16T00:00:00Z,47687,NORMAL,0.3318970957542735,0.3364075296181295,0.0,0.43285454436955256,0.4487409420859202,0.0,25,True,,,SHORT_SUCCESS,False,0.0002304859850588148,0.56,0.44
expanding,2017,2017-08-17T00:00:00Z,47711,NORMAL,0.31715615074757264,0.3432053255695521,0.0,0.3984800119201192,0.5645643110831214,0.0,25,True,,,SHORT_SUCCESS,False,0.00026832313410407593,0.56,0.44
expanding,2017,2017-08-18T00:00:00Z,47735,NORMAL,0.32907080029626556,0.3352379050094936,0.0,0.5094329218176102,0.44459246433463795,0.0,25,True,,,SHORT_SUCCESS,False,-0.00027125018169993353,0.44,0.56
expanding,2017,2017-08-19T00:00:00Z,47759,TRENDING,0.3501434697765334,0.32788190572168424,0.0,0.27273862385618874,0.7272613761438113,0.0,25,True,,,LONG_SUCCESS,False,-0.0002200354813828298,0.44,0.56
expanding,2017,2017-08-22T00:00:00Z,47783,TRENDING,0.3550481715217774,0.3307330269381617,0.0,0.6117859438585861,0.3490514647075539,0.0,25,True,,,SHORT_SUCCESS,False,0.00028247413547677347,0.56,0.44
expanding,2017,2017-08-23T00:00:00Z,47807,NORMAL,0.33905434426836445,0.3441189227900766,0.0,0.6847488860106569,0.315251113989343,0.0,25,True,,,SHORT_SUCCESS,False,0.0001202374229227754,0.52,0.48
expanding,2017,2017-08-24T00:00:00Z,47831,VOLATILITY_CONTRACTION,0.33273261930647224,0.33303381962675555,0.0,0.3567642606946687,0.6050303646051353,0.0,25,True,,,LONG_SUCCESS,False,-0.0007770132664944862,0.4,0.6
expanding,2017,2017-08-25T00:00:00Z,47855,VOLATILITY_CONTRACTION,0.32879443363975985,0.33133110834829277,0.0,0.5137999724522374,0.4475410172869948,0.0,25,True,,,LONG_SUCCESS,False,-0.0001262744039511876,0.44,0.56
expanding,2017,2017-08-26T00:00:00Z,47879,LOW_VOLATILITY_RANGE,0.33391583139641795,0.33329130551861613,0.0,0.45122819833422306,0.5124673481354323,0.0,25,True,,,LONG_SUCCESS,False,-0.00017509235441171,0.48,0.52
expanding,2017,2017-08-29T00:00:00Z,47903,VOLATILITY_EXPANSION,0.33127465778599235,0.3378634958231876,0.0,0.5954936260600234,0.4045063739399769,0.0,25,True,,,SHORT_SUCCESS,False,-0.0001798999492719222,0.44,0.56
expanding,2017,2017-08-30T00:00:00Z,47927,NORMAL,0.32965386320204443,0.33644497089636227,0.0,0.6834715504841309,0.2767688387728447,0.0,25,True,,,SHORT_SUCCESS,False,0.0008908439550578962,0.68,0.32
expanding,2017,2017-08-31T00:00:00Z,47951,VOLATILITY_EXPANSION,0.3476369606094921,0.33711859690066115,0.0,0.4612351156801061,0.49420678095868287,0.0,25,True,,,SHORT_SUCCESS,False,0.0002597459985367312,0.56,0.44
expanding,2017,2017-09-01T00:00:00Z,47975,NORMAL,0.31981409214163625,0.33722839772799146,0.0,0.42602900192498067,0.5296391934723461,0.0,25,True,,,LONG_SUCCESS,False,6.953917222496386e-05,0.52,0.48
expanding,2017,2017-09-02T00:00:00Z,47999,HIGH_VOLATILITY,0.31942097057922886,0.33161950077580316,0.0,0.35466480110282933,0.6065767869423537,0.0,25,True,,,LONG_SUCCESS,False,-0.00027521650975814715,0.4,0.6
expanding,2017,2017-09-05T00:00:00Z,48023,HIGH_VOLATILITY,0.3468817867496648,0.33497543105434885,0.0,0.5421114810191034,0.45788851898089666,0.0,25,True,,,SHORT_SUCCESS,False,-0.00015780086043093444,0.48,0.52
expanding,2017,2017-09-06T00:00:00Z,48047,NORMAL,0.35177908762662075,0.332763910447894,0.0,0.3982129561357253,0.6017870438642745,0.0,25,True,,,SHORT_SUCCESS,False,0.0007726993990868625,0.68,0.32
expanding,2017,2017-09-07T00:00:00Z,48071,VOLATILITY_CONTRACTION,0.3500452121423843,0.3284356029155299,0.0,0.3069535896831509,0.6093410002368351,0.0,25,True,,,SHORT_SUCCESS,False,-0.000143853167721808,0.44,0.56
expanding,2017,2017-09-08T00:00:00Z,48095,LOW_VOLATILITY_RANGE,0.3360975673635291,0.3370941892886564,0.0,0.5992047903338044,0.40079520966619553,0.0,25,True,,,LONG_SUCCESS,False,-0.00038644880743055054,0.44,0.56
expanding,2017,2017-09-09T00:00:00Z,48119,HIGH_VOLATILITY,0.34262016864093253,0.32128617865740766,0.0,0.4718503119121532,0.48100500195752566,0.0,25,True,,,SHORT_SUCCESS,False,-0.00015645131332997497,0.48,0.52
expanding,2017,2017-09-12T00:00:00Z,48143,VOLATILITY_EXPANSION,0.3182958221762983,0.3474362781356096,0.0,0.6785507355966848,0.2414676388362551,0.0,25,True,,,SHORT_SUCCESS,False,0.0006915272063636735,0.68,0.32
expanding,2017,2017-09-13T00:00:00Z,48167,TRENDING,0.34003025039569806,0.3418453715107411,0.0,0.4513270896060628,0.5100945365042988,0.0,25,True,,,AMBIGUOUS_PATH,False,0.00014580246433038013,0.52,0.48
expanding,2017,2017-09-14T00:00:00Z,48191,NORMAL,0.3139744027396573,0.3363513012878966,0.0,0.430475914298775,0.48710107976759665,0.0,25,True,,,SHORT_SUCCESS,False,0.00013833592473222467,0.56,0.44
expanding,2017,2017-09-15T00:00:00Z,48215,NORMAL,0.3304582288223462,0.3312075335113834,0.0,0.3641559631320714,0.5143163643352795,0.0,25,True,,,SHORT_SUCCESS,False,0.0006589023019032414,0.64,0.36
expanding,2017,2017-09-16T00:00:00Z,48239,VOLATILITY_CONTRACTION,0.3458174565551108,0.3342703416871406,0.0,0.3658366412163694,0.5592464235339081,0.0,25,True,,,LONG_SUCCESS,False,0.0002303160279004679,0.52,0.48
expanding,2017,2017-09-19T00:00:00Z,48263,VOLATILITY_CONTRACTION,0.3387021918131939,0.3359033718691792,0.0,0.3094834116139287,0.6513207219018783,0.0,25,True,,,SHORT_SUCCESS,False,-0.00025112203619936935,0.44,0.56
expanding,2017,2017-09-20T00:00:00Z,48287,NORMAL,0.32738929862146826,0.34263756676031587,0.0,0.32490297125305345,0.6375778132927965,0.0,25,True,,,SHORT_SUCCESS,False,-0.00031132045470372294,0.36,0.64
expanding,2017,2017-09-21T00:00:00Z,48311,NORMAL,0.3181830004024658,0.3367273673010441,0.0,0.4410317068316455,0.5165230327261231,0.0,25,True,,,SHORT_SUCCESS,False,-0.00022283299101200083,0.32,0.68
expanding,2017,2017-09-22T00:00:00Z,48335,NORMAL,0.3355550683067134,0.3327954191251146,0.0,0.40304555406225673,0.5143347123008092,0.0,25,True,,,LONG_SUCCESS,False,0.00046536959240817133,0.72,0.28
expanding,2017,2017-09-23T00:00:00Z,48359,VOLATILITY_EXPANSION,0.32359868169928124,0.33908776464938073,0.0,0.4876110367302721,0.4706111045509303,0.0,25,True,,,LONG_SUCCESS,False,-0.0003152126278770373,0.36,0.64
expanding,2017,2017-09-26T00:00:00Z,48383,NORMAL,0.3411474083831661,0.33649617185486447,0.0,0.6947470919501069,0.30525290804989336,0.0,25,True,,,LONG_SUCCESS,False,-0.00015780086043093444,0.4,0.6
expanding,2017,2017-09-27T00:00:00Z,48407,NORMAL,0.3303682566773629,0.34266428129166204,0.0,0.31250108898180073,0.6874989110181995,0.0,25,True,,,SHORT_SUCCESS,False,-0.00031132045470372294,0.36,0.64
expanding,2017,2017-09-28T00:00:00Z,48431,NORMAL,0.33787165168206257,0.32115174403302454,0.0,0.5216625134363336,0.47833748656366637,0.0,25,True,,,SHORT_SUCCESS,False,-0.0002838638071603894,0.48,0.52
expanding,2017,2017-09-29T00:00:00Z,48455,NORMAL,0.33434105814589155,0.33577912094286544,0.0,0.6377094903902211,0.36229050960977893,0.0,25,True,,,LONG_SUCCESS,False,0.0004959171415570562,0.56,0.44
expanding,2017,2017-09-30T00:00:00Z,48479,NORMAL,0.32592528603090454,0.3359302494104415,0.0,0.450178198951094,0.5101655969659062,0.0,25,True,,,SHORT_SUCCESS,False,0.0001118521051186594,0.52,0.48
expanding,2017,2017-10-03T00:00:00Z,48503,NORMAL,0.34434662682598355,0.3425218596006575,0.0,0.47846187523786077,0.5215381247621392,0.0,25,True,,,LONG_SUCCESS,False,3.242605558040346e-05,0.52,0.48
expanding,2017,2017-10-04T00:00:00Z,48527,TRENDING,0.3573081381286974,0.32370701388915585,0.0,0.6335552755058184,0.32813279476619434,0.0,25,True,,,SHORT_SUCCESS,False,0.000613266252226019,0.72,0.28
expanding,2017,2017-10-05T00:00:00Z,48551,NORMAL,0.3327646922926813,0.3410741529446338,0.0,0.6415366893665507,0.35846331063344916,0.0,25,True,,,LONG_SUCCESS,False,-0.00025206728424598257,0.48,0.52
expanding,2017,2017-10-06T00:00:00Z,48575,NORMAL,0.3254072392940067,0.3373533434770096,0.0,0.4909071231277684,0.5090928768722316,0.0,25,True,,,SHORT_SUCCESS,False,0.0004459612120633061,0.52,0.48
expanding,2017,2017-10-07T00:00:00Z,48599,NORMAL,0.3228681828271403,0.33175635043921753,0.0,0.4264296565940414,0.5214167433908039,0.0,25,True,,,LONG_SUCCESS,False,-0.0005938520567116967,0.36,0.64
expanding,2017,2017-10-10T00:00:00Z,48623,HIGH_VOLATILITY,0.33189730721860816,0.3465696802330991,0.0,0.7250987017118014,0.27490129828819887,0.0,25,True,,,LONG_SUCCESS,False,1.395637523304849e-05,0.52,0.48
expanding,2017,2017-10-11T00:00:00Z,48647,HIGH_VOLATILITY,0.32562057844235104,0.34320045862327797,0.0,0.5585758781367028,0.4414241218632972,0.0,25,True,,,SHORT_SUCCESS,False,-0.0006072160580966601,0.4,0.6
expanding,2017,2017-10-12T00:00:00Z,48671,HIGH_VOLATILITY,0.3703293573194542,0.32926844596006566,0.0,0.5590663201150473,0.44093367988495236,0.0,25,True,,,SHORT_SUCCESS,False,0.0011986552397715844,0.84,0.16
expanding,2017,2017-10-13T00:00:00Z,48695,NORMAL,0.33214918426263207,0.32822974325310655,0.0,0.47414018568383764,0.4798308155106734,0.0,25,True,,,SHORT_SUCCESS,False,-0.00023256638101842864,0.4,0.6
expanding,2017,2017-10-14T00:00:00Z,48719,NORMAL,0.3455848530126351,0.33018078033564563,0.0,0.4404074833629081,0.5187928887150464,0.0,25,True,,,LONG_SUCCESS,False,0.0001512851294616091,0.56,0.44
expanding,2017,2017-10-17T00:00:00Z,48743,VOLATILITY_CONTRACTION,0.3296070229225568,0.340575174201392,0.0,0.4338941789473855,0.4890009374904262,0.0,25,True,,,SHORT_SUCCESS,False,-8.392835032022816e-05,0.48,0.52
expanding,2017,2017-10-18T00:00:00Z,48767,NORMAL,0.3329576551670749,0.34094823611030806,0.0,0.19820513917501595,0.760685124464979,0.0,25,True,,,SHORT_SUCCESS,False,-0.000178844519928556,0.44,0.56
expanding,2017,2017-10-19T00:00:00Z,48791,NORMAL,0.33962985577639293,0.33041979301224816,0.0,0.31569259764447744,0.6843074023555227,0.0,25,True,,,LONG_SUCCESS,False,0.0003072612849477352,0.6,0.4
expanding,2017,2017-10-20T00:00:00Z,48815,NORMAL,0.33748304625531317,0.32803218150857233,0.0,0.43392940055014845,0.5183265416490713,0.0,25,True,,,SHORT_SUCCESS,False,-1.0448980872435065e-05,0.48,0.52
expanding,2017,2017-10-21T00:00:00Z,48839,NORMAL,0.3318873768239995,0.340593485376644,0.0,0.5899254876902315,0.37203431682438165,0.0,25,True,,,LONG_SUCCESS,False,0.00030143980038399576,0.6,0.4
expanding,2017,2017-10-24T00:00:00Z,48863,VOLATILITY_CONTRACTION,0.3430080178976402,0.3317281165954529,0.0,0.47282366677832854,0.4867336767292475,0.0,25,True,,,SHORT_SUCCESS,False,0.0002182591674593226,0.56,0.44
expanding,2017,2017-10-25T00:00:00Z,48887,NORMAL,0.32015713659776224,0.33762149395618973,0.0,0.5071343944152873,0.4928656055847126,0.0,25,True,,,LONG_SUCCESS,False,0.00046771328449390914,0.56,0.44
expanding,2017,2017-10-26T00:00:00Z,48911,NORMAL,0.3254131639367042,0.3326719385959233,0.0,0.4014389170639707,0.5174833012185178,0.0,25,True,,,SHORT_SUCCESS,False,-0.0007678191572544346,0.44,0.56
expanding,2017,2017-10-27T00:00:00Z,48935,LOW_VOLATILITY_RANGE,0.33444694722528756,0.3363803194394984,0.0,0.4759184898665273,0.4482853236634808,0.0,25,True,,,SHORT_SUCCESS,False,0.0003319349493717816,0.56,0.44
expanding,2017,2017-10-28T00:00:00Z,48959,NORMAL,0.29986155887650157,0.33769779863959404,0.0,0.42969675000313545,0.5703032499968647,0.0,25,True,,,SHORT_SUCCESS,False,-0.0003583743502587611,0.4,0.6
expanding,2017,2017-10-31T00:00:00Z,48983,NORMAL,0.3178159334208607,0.3309065359501339,0.0,0.6089005496741535,0.30936518611968117,0.0,25,True,,,SHORT_SUCCESS,False,-0.0007112265614848123,0.28,0.72
expanding,2017,2017-11-01T00:00:00Z,49007,NORMAL,0.33335850469514416,0.33667299193892264,0.0,0.32289107654395094,0.6383276170861562,0.0,25,True,,,SHORT_SUCCESS,False,0.0003872226845369475,0.56,0.44
expanding,2017,2017-11-02T00:00:00Z,49031,NORMAL,0.33800587960754674,0.32284745361859235,0.0,0.50275375709286,0.4555754335702983,0.0,25,True,,,SHORT_SUCCESS,False,0.0003872226845369475,0.6,0.4
expanding,2017,2017-11-03T00:00:00Z,49055,NORMAL,0.32474156207281935,0.3216346108697978,0.0,0.36304701859021155,0.5582277799738335,0.0,25,True,,,LONG_SUCCESS,False,0.0009555561174903193,0.64,0.36
expanding,2017,2017-11-04T00:00:00Z,49079,NORMAL,0.34553434962553625,0.32458945642549636,0.0,0.5230579808603265,0.43792384865918665,0.0,25,True,,,SHORT_SUCCESS,False,0.0005525061883504545,0.64,0.36
expanding,2017,2017-11-07T00:00:00Z,49103,NORMAL,0.3272327653189807,0.33583490190888665,0.0,0.4679297819455542,0.45948401203915445,0.0,25,True,,,SHORT_SUCCESS,False,-0.00024033772328102554,0.4,0.6
expanding,2017,2017-11-08T00:00:00Z,49127,NORMAL,0.32699482025287324,0.34443115235642585,0.0,0.565467574699056,0.4345324253009441,0.0,25,True,,,SHORT_SUCCESS,False,6.143843152761619e-05,0.6,0.4
expanding,2017,2017-11-09T00:00:00Z,49151,NORMAL,0.34335302362740366,0.34141844708234526,0.0,0.39109737899858055,0.5303990201921691,0.0,25,True,,,SHORT_SUCCESS,False,4.321057633083214e-05,0.52,0.48
expanding,2017,2017-11-10T00:00:00Z,49175,NORMAL,0.3376547134796524,0.33085311561220254,0.0,0.5715139742467078,0.3519568309690574,0.0,25,True,,,LONG_SUCCESS,False,0.0009555561174903193,0.8,0.2
expanding,2017,2017-11-11T00:00:00Z,49199,VOLATILITY_CONTRACTION,0.3341045698425338,0.3265456027787719,0.0,0.5655562341546415,0.32106046490296075,0.0,25,True,,,LONG_SUCCESS,False,0.0010012020024239288,0.68,0.32
expanding,2017,2017-11-14T00:00:00Z,49223,NORMAL,0.3443389871575177,0.32234504356635146,0.0,0.48965771099122385,0.5103422890087763,0.0,25,True,,,LONG_SUCCESS,False,0.00012608387869539328,0.52,0.48
expanding,2017,2017-11-15T00:00:00Z,49247,NORMAL,0.31673134087251853,0.3278420919123944,0.0,0.2103078755121914,0.7127148952625149,0.0,25,True,,,SHORT_SUCCESS,False,-0.000622376171943162,0.28,0.72
expanding,2017,2017-11-16T00:00:00Z,49271,NORMAL,0.3191431803898498,0.34094260650138675,0.0,0.4823995777766242,0.47287214146364,0.0,25,True,,,LONG_SUCCESS,False,0.00012432253052163666,0.52,0.48
expanding,2017,2017-11-17T00:00:00Z,49295,NORMAL,0.341460420350004,0.33084868684320085,0.0,0.584364247426426,0.41563575257357405,0.0,25,True,,,SHORT_SUCCESS,False,0.0003872226845369475,0.52,0.48
expanding,2017,2017-11-18T00:00:00Z,49319,NORMAL,0.34466265556379455,0.32722994370083397,0.0,0.4346011061637207,0.5653988938362794,0.0,25,True,,,LONG_SUCCESS,False,-0.00043259607026602254,0.4,0.6
expanding,2017,2017-11-21T00:00:00Z,49343,NORMAL,0.3302721600060414,0.343712262389404,0.0,0.527836466203135,0.4329016220534854,0.0,25,True,,,LONG_SUCCESS,False,0.000751147801504759,0.68,0.32
expanding,2017,2017-11-22T00:00:00Z,49367,NORMAL,0.3408137519902075,0.3435372324612512,0.0,0.6077788574842962,0.31327841390504674,0.0,25,True,,,LONG_SUCCESS,False,0.0003872226845369475,0.6,0.4
expanding,2017,2017-11-23T00:00:00Z,49391,HIGH_VOLATILITY,0.330900721829297,0.3403801526837641,0.0,0.5567751202328164,0.4045749189618746,0.0,25,True,,,LONG_SUCCESS,False,-7.302209055959352e-05,0.48,0.52
expanding,2017,2017-11-24T00:00:00Z,49415,NORMAL,0.32061999247691714,0.342118615359656,0.0,0.4365397633150957,0.4800025830057206,0.0,25,True,,,LONG_SUCCESS,False,0.00011575868383251198,0.52,0.48
expanding,2017,2017-11-25T00:00:00Z,49439,NORMAL,0.32707642582304863,0.33759983881518885,0.0,0.5636628287355263,0.43633717126447363,0.0,25,True,,,SHORT_SUCCESS,False,0.00042987216933720873,0.52,0.48
expanding,2017,2017-11-28T00:00:00Z,49463,HIGH_VOLATILITY,0.341825486158897,0.33846119742269526,0.0,0.6419441046340868,0.3580558953659133,0.0,25,True,,,LONG_SUCCESS,False,1.395637523304849e-05,0.52,0.48
expanding,2017,2017-11-29T00:00:00Z,49487,HIGH_VOLATILITY,0.3501308641188564,0.3368288475295365,0.0,0.43071025163380483,0.5692897483661952,0.0,25,True,,,LONG_SUCCESS,False,-0.0005142506539247416,0.4,0.6
expanding,2017,2017-11-30T00:00:00Z,49511,NORMAL,0.32851966242557706,0.3393156131658283,0.0,0.4391537289700714,0.47759532485499834,0.0,25,True,,,AMBIGUOUS_PATH,False,0.00019836542737738938,0.56,0.44
expanding,2017,2017-12-01T00:00:00Z,49535,NORMAL,0.31426077375196615,0.34462887084835636,0.0,0.43034799921392264,0.5295466997511703,0.0,25,True,,,AMBIGUOUS_PATH,False,0.00028135583100863393,0.6,0.4
expanding,2017,2017-12-02T00:00:00Z,49559,NORMAL,0.33272462595482194,0.338214144230691,0.0,0.4999051930980242,0.44588753577703066,0.0,25,True,,,LONG_SUCCESS,False,-0.0005938520567116967,0.32,0.68
expanding,2017,2017-12-05T00:00:00Z,49583,NORMAL,0.33537251660466666,0.33511607910835484,0.0,0.4782116267030868,0.448660595257365,0.0,25,True,,,LONG_SUCCESS,False,-0.00015780086043093444,0.44,0.56
expanding,2017,2017-12-06T00:00:00Z,49607,NORMAL,0.3354414300026553,0.3415211425112987,0.0,0.7263012977797343,0.234869233541276,0.0,25,True,,,SHORT_SUCCESS,False,0.0003152553297742777,0.6,0.4
expanding,2017,2017-12-07T00:00:00Z,49631,NORMAL,0.34321456448232124,0.3299758083625617,0.0,0.48293130934214973,0.5170686906578501,0.0,25,True,,,SHORT_SUCCESS,False,0.0007619175293098746,0.68,0.32
expanding,2017,2017-12-08T00:00:00Z,49655,NORMAL,0.33488637343569116,0.334998893927409,0.0,0.5285153169323351,0.47148468306766494,0.0,25,True,,,LONG_SUCCESS,False,-0.00027125018169993353,0.44,0.56
expanding,2017,2017-12-09T00:00:00Z,49679,NORMAL,0.3373068827521494,0.3331717135371329,0.0,0.3557347394345241,0.5560444400052764,0.0,25,True,,,LONG_SUCCESS,False,-9.495216065680268e-05,0.48,0.52
expanding,2017,2017-12-12T00:00:00Z,49703,NORMAL,0.34323889254792855,0.34127858815502676,0.0,0.27401767477940436,0.6888469732817167,0.0,25,True,,,SHORT_SUCCESS,False,-0.0006341997234537988,0.24,0.76
expanding,2017,2017-12-13T00:00:00Z,49727,HIGH_VOLATILITY,0.35609438616914774,0.3364126915236435,0.0,0.6290052074157344,0.3709947925842656,0.0,25,True,,,SHORT_SUCCESS,False,0.0007021626072989395,0.68,0.32
expanding,2017,2017-12-14T00:00:00Z,49751,NORMAL,0.3445842082436668,0.33303485758235474,0.0,0.47326044121064936,0.5267395587893505,0.0,25,True,,,LONG_SUCCESS,False,-6.0534631257658233e-05,0.44,0.56
expanding,2017,2017-12-15T00:00:00Z,49775,VOLATILITY_CONTRACTION,0.3508091453922748,0.32240533870235916,0.0,0.5900703897570523,0.3629488243431839,0.0,25,True,,,SHORT_SUCCESS,False,-0.0005355223054713809,0.32,0.68
expanding,2017,2017-12-16T00:00:00Z,49799,NORMAL,0.3388980438444613,0.33255978112852347,0.0,0.44070766636838715,0.520393682611652,0.0,25,True,,,LONG_SUCCESS,False,0.000297773141310298,0.6,0.4
expanding,2017,2017-12-19T00:00:00Z,49823,NORMAL,0.3404647860029975,0.3283710477564157,0.0,0.41850917757449513,0.5814908224255049,0.0,25,True,,,LONG_SUCCESS,False,-0.00012526418013325546,0.48,0.52
expanding,2017,2017-12-20T00:00:00Z,49847,HIGH_VOLATILITY,0.3312503866742668,0.34217012904437166,0.0,0.5581839198722309,0.4055131569159641,0.0,25,True,,,LONG_SUCCESS,False,-0.0005070398792513808,0.44,0.56
expanding,2017,2017-12-21T00:00:00Z,49871,NORMAL,0.334973623280223,0.34048008076681574,0.0,0.555189192632336,0.3994261885897304,0.0,25,True,,,AMBIGUOUS_PATH,False,0.00035217968525880217,0.64,0.36
expanding,2017,2017-12-22T00:00:00Z,49895,TRENDING,0.35496857288527206,0.3271186483360619,0.0,0.49464414011844765,0.5053558598815525,0.0,25,True,,,LONG_SUCCESS,False,0.0012387970953391392,0.76,0.24
expanding,2017,2017-12-23T00:00:00Z,49919,HIGH_VOLATILITY,0.3446494764387132,0.33478814425152525,0.0,0.516790642235952,0.48320935776404805,0.0,25,True,,,LONG_SUCCESS,False,0.000684133340635773,0.72,0.28
expanding,2017,2017-12-26T00:00:00Z,49943,HIGH_VOLATILITY,0.34224276325460445,0.3424014929640703,0.0,0.6091882183837705,0.3908117816162297,0.0,25,True,,,SHORT_SUCCESS,False,0.0001202374229227754,0.56,0.44
expanding,2017,2017-12-27T00:00:00Z,49967,HIGH_VOLATILITY,0.35960468398438294,0.3320987464831265,0.0,0.7618956404610369,0.2381043595389629,0.0,25,True,,,SHORT_SUCCESS,False,0.0014192823083221118,0.8,0.2
expanding,2017,2017-12-28T00:00:00Z,49991,NORMAL,0.34230420407435297,0.3376393150985384,0.0,0.596669193313758,0.36133354177800414,0.0,25,True,,,SHORT_SUCCESS,False,-7.087786824266917e-05,0.48,0.52
expanding,2017,2017-12-29T00:00:00Z,50015,NORMAL,0.31300849368463396,0.34081521111625535,0.0,0.32049862763027454,0.6414185166346761,0.0,25,True,,,LONG_SUCCESS,False,-0.000929323297056972,0.4,0.6
expanding,2017,2017-12-30T00:00:00Z,50039,NORMAL,0.3414858914237761,0.3233711758838856,0.0,0.4465623551954764,0.5534376448045235,0.0,25,True,,,LONG_SUCCESS,False,8.187883226584702e-05,0.52,0.48
rolling,2017,2017-01-03T00:00:00Z,43823,VOLATILITY_CONTRACTION,0.3065769054283388,0.3091024389703139,0.0,0.551254992567465,0.4487450074325348,0.0,25,True,,,LONG_SUCCESS,False,-0.0003345612893544958,0.36,0.64
rolling,2017,2017-01-04T00:00:00Z,43847,NORMAL,0.3118579892309961,0.3383442304760975,0.0,0.40200759357636695,0.5602070059040708,0.0,25,True,,,SHORT_SUCCESS,False,-0.0005889667353792261,0.44,0.56
rolling,2017,2017-01-05T00:00:00Z,43871,VOLATILITY_EXPANSION,0.338526614431463,0.33469224602440456,0.0,0.35642994216709667,0.5543778111755544,0.0,25,True,,,SHORT_SUCCESS,False,0.00024134224814620353,0.52,0.48
rolling,2017,2017-01-06T00:00:00Z,43895,NORMAL,0.30957247676026683,0.33375959238471165,0.0,0.41302325695297665,0.5093624036945795,0.0,25,True,,,SHORT_SUCCESS,False,0.00013833592473222467,0.52,0.48
rolling,2017,2017-01-07T00:00:00Z,43919,VOLATILITY_EXPANSION,0.32582675700392766,0.3480995300251073,0.0,0.5627724764363214,0.4372275235636786,0.0,25,True,,,LONG_SUCCESS,False,-9.42253311930763e-05,0.44,0.56
rolling,2017,2017-01-10T00:00:00Z,43943,HIGH_VOLATILITY,0.3466136194883684,0.34372404185512756,0.0,0.5437813173200073,0.4169196456094819,0.0,25,True,,,LONG_SUCCESS,False,0.000864841073373368,0.6,0.4
rolling,2017,2017-01-11T00:00:00Z,43967,NORMAL,0.33209653612832024,0.3374947605056925,0.0,0.6029818867214662,0.359692630594133,0.0,25,True,,,LONG_SUCCESS,False,-0.000178844519928556,0.4,0.6
rolling,2017,2017-01-12T00:00:00Z,43991,TRENDING,0.3622139625971183,0.32978233741687407,0.0,0.4114758822358179,0.5108981720347578,0.0,25,True,,,SHORT_SUCCESS,False,-0.000143853167721808,0.48,0.52
rolling,2017,2017-01-13T00:00:00Z,44015,NORMAL,0.36861780035065633,0.32868413201583174,0.0,0.5567770551547512,0.4432229448452489,0.0,25,True,,,SHORT_SUCCESS,False,0.0007231330804042813,0.68,0.32
rolling,2017,2017-01-14T00:00:00Z,44039,NORMAL,0.2783104414007105,0.33647388598333355,0.0,0.38630130960165415,0.5266288447538078,0.0,25,True,,,LONG_SUCCESS,False,0.00026030625123474316,0.52,0.48
rolling,2017,2017-01-17T00:00:00Z,44063,HIGH_VOLATILITY,0.34262930517503,0.33197247795063706,0.0,0.4048391351858778,0.4742680116186967,0.0,25,True,,,SHORT_SUCCESS,False,-0.0001277730851337866,0.44,0.56
rolling,2017,2017-01-18T00:00:00Z,44087,VOLATILITY_EXPANSION,0.3517165644036153,0.34956542386811734,0.0,0.3541072439264162,0.6458927560735839,0.0,25,True,,,LONG_SUCCESS,False,-1.53846673467406e-05,0.48,0.52
rolling,2017,2017-01-19T00:00:00Z,44111,HIGH_VOLATILITY,0.36227391664271874,0.3390008609390592,0.0,0.40358001601730265,0.5515509544004923,0.0,25,True,,,LONG_SUCCESS,False,-0.0007821981034064063,0.36,0.64
rolling,2017,2017-01-20T00:00:00Z,44135,HIGH_VOLATILITY,0.3643352056686303,0.3400969442309881,0.0,0.41190460808310186,0.548339850826474,0.0,25,True,,,SHORT_SUCCESS,False,0.0005932768704861591,0.72,0.28
rolling,2017,2017-01-21T00:00:00Z,44159,NORMAL,0.31302955818156575,0.3523226410253019,0.0,0.4723819208728028,0.5276180791271975,0.0,25,True,,,LONG_SUCCESS,False,-0.00039174584712642346,0.4,0.6
rolling,2017,2017-01-24T00:00:00Z,44183,HIGH_VOLATILITY,0.32126751349226174,0.34554412119986927,0.0,0.514364963807325,0.48563503619267473,0.0,25,True,,,SHORT_SUCCESS,False,-5.159454436765021e-05,0.48,0.52
rolling,2017,2017-01-25T00:00:00Z,44207,NORMAL,0.35188301470796784,0.33318904138533556,0.0,0.6386163689602473,0.32332540595718984,0.0,25,True,,,LONG_SUCCESS,False,0.00016889684626497647,0.52,0.48
rolling,2017,2017-01-26T00:00:00Z,44231,NORMAL,0.34791350816194944,0.3431098067128182,0.0,0.5155252529561617,0.4420053309358361,0.0,25,True,,,SHORT_SUCCESS,False,0.0005695365834561539,0.56,0.44
rolling,2017,2017-01-27T00:00:00Z,44255,NORMAL,0.3543435579677747,0.3388498803436083,0.0,0.5515996050312825,0.44840039496871753,0.0,25,True,,,SHORT_SUCCESS,False,0.0005433696789154396,0.6,0.4
rolling,2017,2017-01-28T00:00:00Z,44279,NORMAL,0.3431051757837136,0.32762021420907483,0.0,0.4772739381670919,0.48091097576408015,0.0,25,True,,,SHORT_SUCCESS,False,0.00028021281382728525,0.56,0.44
rolling,2017,2017-01-31T00:00:00Z,44303,NORMAL,0.3188589050199461,0.34738158374341876,0.0,0.3586118486486752,0.5535114746542505,0.0,25,True,,,SHORT_SUCCESS,False,-0.00018879117043957283,0.44,0.56
rolling,2017,2017-02-01T00:00:00Z,44327,VOLATILITY_CONTRACTION,0.33126271292820164,0.3211522451274674,0.0,0.4747237434916441,0.5252762565083561,0.0,25,True,,,LONG_SUCCESS,False,0.00032732473134688966,0.56,0.44
rolling,2017,2017-02-02T00:00:00Z,44351,VOLATILITY_CONTRACTION,0.3294083252531429,0.32629011563185223,0.0,0.35141598122881407,0.607817654960463,0.0,25,True,,,SHORT_SUCCESS,False,0.00013779135115332686,0.52,0.48
rolling,2017,2017-02-03T00:00:00Z,44375,NORMAL,0.28504141241606085,0.34378012794325186,0.0,0.3543447381956014,0.6060078286049543,0.0,25,True,,,LONG_SUCCESS,False,-0.0007012901114350489,0.36,0.64
rolling,2017,2017-02-04T00:00:00Z,44399,NORMAL,0.35541334009494774,0.3185947964820311,0.0,0.4197347295359884,0.5802652704640114,0.0,25,True,,,LONG_SUCCESS,False,0.0004439369110831315,0.56,0.44
rolling,2017,2017-02-07T00:00:00Z,44423,TRENDING,0.34812186441604637,0.3193212153249315,0.0,0.373679291021501,0.5887200134555357,0.0,25,True,,,LONG_SUCCESS,False,-0.00012353457949909608,0.48,0.52
rolling,2017,2017-02-08T00:00:00Z,44447,LOW_VOLATILITY_RANGE,0.3241929435925944,0.3215829178471652,0.0,0.2864499699712254,0.6751279252059857,0.0,25,True,,,SHORT_SUCCESS,False,-0.00031132045470372294,0.48,0.52
rolling,2017,2017-02-09T00:00:00Z,44471,NORMAL,0.3200438104926291,0.3222485559667114,0.0,0.4426227952808194,0.47482520688517627,0.0,25,True,,,SHORT_SUCCESS,False,0.0003831246467680405,0.64,0.36
rolling,2017,2017-02-10T00:00:00Z,44495,NORMAL,0.3318085462301296,0.3424215959272607,0.0,0.4909481821647138,0.43157612721054844,0.0,25,True,,,SHORT_SUCCESS,False,-0.00038241980251418894,0.44,0.56
rolling,2017,2017-02-11T00:00:00Z,44519,NORMAL,0.3133504041719028,0.34224798427380254,0.0,0.3181066711255778,0.640813502572974,0.0,25,True,,,LONG_SUCCESS,False,-0.0004171913848844966,0.32,0.68
rolling,2017,2017-02-14T00:00:00Z,44543,NORMAL,0.31569539138629205,0.32777408711962513,0.0,0.3962960147314492,0.4430922255277467,0.0,25,True,,,LONG_SUCCESS,False,-0.0003537718846209348,0.4,0.6
rolling,2017,2017-02-15T00:00:00Z,44567,NORMAL,0.3441806654745465,0.33032757206580576,0.0,0.42777326652304587,0.5722267334769544,0.0,25,True,,,SHORT_SUCCESS,False,0.0002347320297757527,0.56,0.44
rolling,2017,2017-02-16T00:00:00Z,44591,NORMAL,0.35029719352802174,0.3371526414154759,0.0,0.3196418945833767,0.6016505624299497,0.0,25,True,,,LONG_SUCCESS,False,0.00014580246433038013,0.52,0.48
rolling,2017,2017-02-17T00:00:00Z,44615,VOLATILITY_EXPANSION,0.3381386162130404,0.35407409071655416,0.0,0.5224395728235253,0.477560427176475,0.0,25,True,,,LONG_SUCCESS,False,0.0008897179781512943,0.64,0.36
rolling,2017,2017-02-18T00:00:00Z,44639,NORMAL,0.3270458181278808,0.33893846957879986,0.0,0.4036135108328564,0.5585259850377203,0.0,25,True,,,AMBIGUOUS_PATH,False,0.00023231875115126144,0.52,0.48
rolling,2017,2017-02-21T00:00:00Z,44663,NORMAL,0.33702186731172146,0.33643997286719435,0.0,0.4552717489931443,0.5078661993152614,0.0,25,True,,,AMBIGUOUS_PATH,False,-5.2118991191951736e-05,0.48,0.52
rolling,2017,2017-02-22T00:00:00Z,44687,NORMAL,0.3276485635419651,0.3425288845638569,0.0,0.4791338621336902,0.4821965234613315,0.0,25,True,,,LONG_SUCCESS,False,7.396622555866372e-05,0.52,0.48
rolling,2017,2017-02-23T00:00:00Z,44711,NORMAL,0.33106433826414894,0.3381007409835079,0.0,0.49775475148114484,0.3868634895444182,0.0,25,True,,,SHORT_SUCCESS,False,0.00024134224814620353,0.56,0.44
rolling,2017,2017-02-24T00:00:00Z,44735,NORMAL,0.33241626775077926,0.3384526656740327,0.0,0.36767979288274605,0.5570693713842921,0.0,25,True,,,LONG_SUCCESS,False,0.00043498085853488355,0.6,0.4
rolling,2017,2017-02-25T00:00:00Z,44759,VOLATILITY_CONTRACTION,0.33016937637654137,0.3291958574434649,0.0,0.486473225833777,0.4752487941651124,0.0,25,True,,,SHORT_SUCCESS,False,-0.00027615172995165693,0.44,0.56
rolling,2017,2017-02-28T00:00:00Z,44783,NORMAL,0.31680580999163027,0.32642154778356897,0.0,0.38292056036618477,0.6170794396338152,0.0,25,True,,,SHORT_SUCCESS,False,-0.0003345612893544958,0.4,0.6
rolling,2017,2017-03-01T00:00:00Z,44807,NORMAL,0.3397236575926793,0.3238894948362554,0.0,0.5692692635383976,0.4307307364616025,0.0,25,True,,,SHORT_SUCCESS,False,0.0002347320297757527,0.6,0.4
rolling,2017,2017-03-02T00:00:00Z,44831,NORMAL,0.33585312944588225,0.3386046356454972,0.0,0.42962960703825676,0.5703703929617434,0.0,25,True,,,LONG_SUCCESS,False,0.001016623028430308,0.68,0.32
rolling,2017,2017-03-03T00:00:00Z,44855,NORMAL,0.3269605448571138,0.3314782597797562,0.0,0.4800924170160634,0.396915963405486,0.0,25,True,,,SHORT_SUCCESS,False,0.0002549847741275535,0.56,0.44
rolling,2017,2017-03-04T00:00:00Z,44879,NORMAL,0.3069924471649963,0.3253445564396722,0.0,0.587658597745216,0.33513670643582694,0.0,25,True,,,AMBIGUOUS_PATH,False,0.00011536421837887723,0.52,0.48
rolling,2017,2017-03-07T00:00:00Z,44903,NORMAL,0.32282791807247113,0.3442374550531574,0.0,0.40114523720876005,0.5988547627912401,0.0,25,True,,,SHORT_SUCCESS,False,0.0004630525002886632,0.6,0.4
rolling,2017,2017-03-08T00:00:00Z,44927,NORMAL,0.3245002935853343,0.3445205719351735,0.0,0.31833975957858285,0.6816602404214173,0.0,25,True,,,LONG_SUCCESS,False,0.00019836542737738938,0.52,0.48
rolling,2017,2017-03-09T00:00:00Z,44951,TRENDING,0.3757173318421896,0.3208702742761834,0.0,0.5234503286368363,0.47654967136316373,0.0,25,True,,,SHORT_SUCCESS,False,0.0005792532430923814,0.6,0.4
rolling,2017,2017-03-10T00:00:00Z,44975,NORMAL,0.34629101925309186,0.3356878492037533,0.0,0.44656970364824417,0.553430296351756,0.0,25,True,,,SHORT_SUCCESS,False,0.0005489639315567896,0.56,0.44
rolling,2017,2017-03-11T00:00:00Z,44999,NORMAL,0.3389776370537183,0.33745045515345795,0.0,0.47424017026955456,0.4423064182665062,0.0,25,True,,,SHORT_SUCCESS,False,0.0001512851294616091,0.6,0.4
rolling,2017,2017-03-14T00:00:00Z,45023,NORMAL,0.3216540300120668,0.34193815293203444,0.0,0.4355226512919821,0.45019050990351106,0.0,25,True,,,LONG_SUCCESS,False,0.0001259749411941513,0.52,0.48
rolling,2017,2017-03-15T00:00:00Z,45047,NORMAL,0.33706255042820427,0.33758295082307627,0.0,0.5579595803453858,0.44204041965461427,0.0,25,True,,,SHORT_SUCCESS,False,-4.2518903072275016e-05,0.48,0.52
rolling,2017,2017-03-16T00:00:00Z,45071,NORMAL,0.3488140986616157,0.3257876020973386,0.0,0.47730656919244097,0.48253060849089446,0.0,25,True,,,LONG_SUCCESS,False,0.0006775364469977507,0.64,0.36
rolling,2017,2017-03-17T00:00:00Z,45095,NORMAL,0.3292957053905119,0.33306794193950556,0.0,0.5220023525459726,0.3546596580227807,0.0,25,True,,,SHORT_SUCCESS,False,-0.0003749393883432095,0.36,0.64
rolling,2017,2017-03-18T00:00:00Z,45119,NORMAL,0.345681025743158,0.32638557426236514,0.0,0.35448026773057095,0.6096932850859903,0.0,25,True,,,SHORT_SUCCESS,False,0.0005940797982739721,0.68,0.32
rolling,2017,2017-03-21T00:00:00Z,45143,NORMAL,0.31026057598236007,0.35131463074159636,0.0,0.3213934337489302,0.6786065662510697,0.0,25,True,,,SHORT_SUCCESS,False,-0.00018879117043957283,0.48,0.52
rolling,2017,2017-03-22T00:00:00Z,45167,NORMAL,0.33431761313314023,0.3441549705865562,0.0,0.7566967167171291,0.2433032832828709,0.0,25,True,,,LONG_SUCCESS,False,0.0006332021502390983,0.6,0.4
rolling,2017,2017-03-23T00:00:00Z,45191,NORMAL,0.34710079163325636,0.3294652947486826,0.0,0.6337748171751052,0.32600761816379004,0.0,25,True,,,SHORT_SUCCESS,False,0.0003872226845369475,0.6,0.4
rolling,2017,2017-03-24T00:00:00Z,45215,NORMAL,0.3217095909206003,0.3365432621802376,0.0,0.40071383706686253,0.5614405287932219,0.0,25,True,,,SHORT_SUCCESS,False,-3.444380794315194e-05,0.48,0.52
rolling,2017,2017-03-25T00:00:00Z,45239,NORMAL,0.3456942903110569,0.3223762109479989,0.0,0.4096401201882842,0.5531855791645439,0.0,25,True,,,LONG_SUCCESS,False,-1.0448980872435065e-05,0.48,0.52
rolling,2017,2017-03-28T00:00:00Z,45263,TRENDING,0.35135651966893994,0.32645853235452793,0.0,0.47966893423454793,0.4741697635042077,0.0,25,True,,,LONG_SUCCESS,False,0.00028247413547677347,0.56,0.44
rolling,2017,2017-03-29T00:00:00Z,45287,VOLATILITY_CONTRACTION,0.3383135316154996,0.3273889853786175,0.0,0.5146046492755565,0.41068207617204844,0.0,25,True,,,SHORT_SUCCESS,False,5.647970600919372e-05,0.56,0.44
rolling,2017,2017-03-30T00:00:00Z,45311,NORMAL,0.3284825194737515,0.32323801510831696,0.0,0.35805117542246856,0.6419488245775317,0.0,25,True,,,SHORT_SUCCESS,False,0.00032732473134688966,0.52,0.48
rolling,2017,2017-03-31T00:00:00Z,45335,NORMAL,0.30241779476428504,0.3387331579946749,0.0,0.47497649669815584,0.44698238588718847,0.0,25,True,,,LONG_SUCCESS,False,0.00015937919743658213,0.52,0.48
rolling,2017,2017-04-01T00:00:00Z,45359,NORMAL,0.3387888919771523,0.315239663916475,0.0,0.465507925840213,0.42148829418614103,0.0,25,True,,,SHORT_SUCCESS,False,0.0010202049431715654,0.72,0.28
rolling,2017,2017-04-04T00:00:00Z,45383,NORMAL,0.34195677542468433,0.33909290319863306,0.0,0.35219510777618634,0.5682509904799666,0.0,25,True,,,LONG_SUCCESS,False,0.0001990704700554069,0.52,0.48
rolling,2017,2017-04-05T00:00:00Z,45407,VOLATILITY_CONTRACTION,0.32824706260340136,0.31042418151840656,0.0,0.5642170336473513,0.35887210013642035,0.0,25,True,,,SHORT_SUCCESS,False,0.00032732473134688966,0.64,0.36
rolling,2017,2017-04-06T00:00:00Z,45431,NORMAL,0.33173506338764513,0.3167098953367134,0.0,0.4766572792981404,0.4858486885056223,0.0,25,True,,,SHORT_SUCCESS,False,0.00037732983848237645,0.68,0.32
rolling,2017,2017-04-07T00:00:00Z,45455,NORMAL,0.3491639097098388,0.3269370046642788,0.0,0.3985968101865787,0.5123633700211155,0.0,25,True,,,SHORT_SUCCESS,False,0.000445122737604553,0.56,0.44
rolling,2017,2017-04-08T00:00:00Z,45479,NORMAL,0.3129234244710681,0.3379690337023777,0.0,0.47874825226585915,0.48247979806586816,0.0,25,True,,,LONG_SUCCESS,False,-0.0003149103408941478,0.44,0.56
rolling,2017,2017-04-11T00:00:00Z,45503,NORMAL,0.34505370550459535,0.34002175269201035,0.0,0.4530417809706491,0.546958219029351,0.0,25,True,,,LONG_SUCCESS,False,-0.00015780086043093444,0.44,0.56
rolling,2017,2017-04-12T00:00:00Z,45527,NORMAL,0.3528841289332318,0.3369292334537762,0.0,0.5592056700972944,0.360378889212966,0.0,25,True,,,SHORT_SUCCESS,False,0.00015981158266864526,0.52,0.48
rolling,2017,2017-04-13T00:00:00Z,45551,NORMAL,0.3289817214367473,0.3314599843386393,0.0,0.27475326642020764,0.6855397773103306,0.0,25,True,,,LONG_SUCCESS,False,-0.0006628815066084259,0.4,0.6
rolling,2017,2017-04-14T00:00:00Z,45575,NORMAL,0.33763653169543734,0.340283607154741,0.0,0.48336924925658065,0.5166307507434189,0.0,25,True,,,SHORT_SUCCESS,False,0.0006159897328510411,0.64,0.36
rolling,2017,2017-04-15T00:00:00Z,45599,NORMAL,0.31796877321926886,0.3394277736399791,0.0,0.4820194687599195,0.5179805312400804,0.0,25,True,,,LONG_SUCCESS,False,-0.0003880362549152361,0.4,0.6
rolling,2017,2017-04-18T00:00:00Z,45623,NORMAL,0.3243040599138004,0.32588511454857144,0.0,0.4381088239007478,0.47056364165558795,0.0,25,True,,,LONG_SUCCESS,False,-0.0003068048408191304,0.36,0.64
rolling,2017,2017-04-19T00:00:00Z,45647,NORMAL,0.33586160122360387,0.34067042366099465,0.0,0.29327292045023523,0.6693615020871777,0.0,25,True,,,LONG_SUCCESS,False,-4.2518903072275016e-05,0.48,0.52
rolling,2017,2017-04-20T00:00:00Z,45671,TRENDING,0.3632252101196103,0.3236515593689718,0.0,0.5583272055649453,0.3291460975580696,0.0,25,True,,,AMBIGUOUS_PATH,False,0.0004368077432013173,0.6,0.4
rolling,2017,2017-04-21T00:00:00Z,45695,HIGH_VOLATILITY,0.33415992306828896,0.34735376251536526,0.0,0.5591589632019605,0.4408410367980395,0.0,25,True,,,SHORT_SUCCESS,False,-0.00027125018169993353,0.48,0.52
rolling,2017,2017-04-22T00:00:00Z,45719,NORMAL,0.349782625129288,0.33024018774650765,0.0,0.44641177604362586,0.5535882239563742,0.0,25,True,,,LONG_SUCCESS,False,0.0005433696789154396,0.68,0.32
rolling,2017,2017-04-25T00:00:00Z,45743,NORMAL,0.31760367494362196,0.3386547775100235,0.0,0.3686848779256652,0.5549839673881475,0.0,25,True,,,LONG_SUCCESS,False,-0.0005889667353792261,0.4,0.6
rolling,2017,2017-04-26T00:00:00Z,45767,HIGH_VOLATILITY,0.3530937405769075,0.3335045366929219,0.0,0.5505253526050976,0.4494746473949028,0.0,25,True,,,SHORT_SUCCESS,False,0.0009030398227869441,0.68,0.32
rolling,2017,2017-04-27T00:00:00Z,45791,HIGH_VOLATILITY,0.3261808651646347,0.34623640024345226,0.0,0.5183477448370918,0.4042754773104354,0.0,25,True,,,LONG_SUCCESS,False,7.396622555866372e-05,0.52,0.48
rolling,2017,2017-04-28T00:00:00Z,45815,HIGH_VOLATILITY,0.3300389633650772,0.33679102870298394,0.0,0.3570749193680807,0.6429250806319193,0.0,25,True,,,LONG_SUCCESS,False,-0.00027125018169993353,0.44,0.56
rolling,2017,2017-04-29T00:00:00Z,45839,NORMAL,0.33165876697770713,0.3333343880057444,0.0,0.34757052856602405,0.608102867497287,0.0,25,True,,,SHORT_SUCCESS,False,0.0005481676839482752,0.64,0.36
rolling,2017,2017-05-02T00:00:00Z,45863,HIGH_VOLATILITY,0.3003095320621335,0.33703171330999243,0.0,0.4931160085452571,0.4224534115365686,0.0,25,True,,,SHORT_SUCCESS,False,0.00063905795603314,0.68,0.32
rolling,2017,2017-05-03T00:00:00Z,45887,HIGH_VOLATILITY,0.3259113110099731,0.3479852734463395,0.0,0.5618767247162906,0.401134473147742,0.0,25,True,,,LONG_SUCCESS,False,-4.787318843613164e-05,0.48,0.52
rolling,2017,2017-05-04T00:00:00Z,45911,HIGH_VOLATILITY,0.3502811880427426,0.3397664142478941,0.0,0.3967583606210334,0.6032416393789664,0.0,25,True,,,SHORT_SUCCESS,False,-0.0007821981034064063,0.36,0.64
rolling,2017,2017-05-05T00:00:00Z,45935,NORMAL,0.32506826264299354,0.34165594308502245,0.0,0.5997352164052137,0.36019218611839526,0.0,25,True,,,SHORT_SUCCESS,False,0.0003506275844475937,0.56,0.44
rolling,2017,2017-05-06T00:00:00Z,45959,TRENDING,0.3605644150987568,0.3240757735662311,0.0,0.5586059609460086,0.4413940390539915,0.0,25,True,,,LONG_SUCCESS,False,0.0008532574676645144,0.68,0.32
rolling,2017,2017-05-09T00:00:00Z,45983,NORMAL,0.36113898584098514,0.33625539398686294,0.0,0.44970383663731694,0.5084821827823766,0.0,25,True,,,SHORT_SUCCESS,False,-0.00044538699945162463,0.4,0.6
rolling,2017,2017-05-10T00:00:00Z,46007,HIGH_VOLATILITY,0.3530004785428934,0.3368400055194923,0.0,0.4377492341625152,0.47623061156929286,0.0,25,True,,,LONG_SUCCESS,False,0.0008768869361663878,0.56,0.44
rolling,2017,2017-05-11T00:00:00Z,46031,NORMAL,0.33974202212404486,0.32493465758734036,0.0,0.2696263103771488,0.6537593776815892,0.0,25,True,,,LONG_SUCCESS,False,0.0003072612849477352,0.64,0.36
rolling,2017,2017-05-12T00:00:00Z,46055,NORMAL,0.3249360413837581,0.32956301120457876,0.0,0.4039630558900004,0.5572437210455858,0.0,25,True,,,SHORT_SUCCESS,False,-8.802945950781016e-05,0.48,0.52
rolling,2017,2017-05-13T00:00:00Z,46079,VOLATILITY_CONTRACTION,0.3291188636410482,0.31901596180444525,0.0,0.514098685479692,0.4859013145203079,0.0,25,True,,,SHORT_SUCCESS,False,-0.0006322022918650028,0.4,0.6
rolling,2017,2017-05-16T00:00:00Z,46103,NORMAL,0.3305226688203737,0.33966677729382405,0.0,0.4733690140593164,0.4887784115718329,0.0,25,True,,,SHORT_SUCCESS,False,0.0001202374229227754,0.52,0.48
rolling,2017,2017-05-17T00:00:00Z,46127,VOLATILITY_EXPANSION,0.3314151173936345,0.34528738880030513,0.0,0.5100896342335709,0.4458325606672063,0.0,25,True,,,SHORT_SUCCESS,False,6.695803203449202e-06,0.52,0.48
rolling,2017,2017-05-18T00:00:00Z,46151,NORMAL,0.3223318901110847,0.33703504963836184,0.0,0.4344588579367067,0.4894923681318705,0.0,25,True,,,SHORT_SUCCESS,False,0.0006256746914801159,0.52,0.48
rolling,2017,2017-05-19T00:00:00Z,46175,NORMAL,0.3349264895796323,0.33624025949677394,0.0,0.501367585918543,0.4986324140814571,0.0,25,True,,,SHORT_SUCCESS,False,-0.00030612001025098756,0.4,0.6
rolling,2017,2017-05-20T00:00:00Z,46199,NORMAL,0.33575711386086227,0.3387231814086679,0.0,0.40707948035746333,0.5079473297239546,0.0,25,True,,,SHORT_SUCCESS,False,-0.0005938520567116967,0.44,0.56
rolling,2017,2017-05-23T00:00:00Z,46223,HIGH_VOLATILITY,0.3606042201434763,0.33539021566292115,0.0,0.5540032941509628,0.4459967058490372,0.0,25,True,,,SHORT_SUCCESS,False,0.0008938762564711933,0.64,0.36
rolling,2017,2017-05-24T00:00:00Z,46247,HIGH_VOLATILITY,0.3123196006727716,0.3558575879830221,0.0,0.5112307665686494,0.40954510270955025,0.0,25,True,,,AMBIGUOUS_PATH,False,0.0006137074327190462,0.68,0.32
rolling,2017,2017-05-25T00:00:00Z,46271,NORMAL,0.3361939657271403,0.3330468894636991,0.0,0.7229637759158081,0.277036224084192,0.0,25,True,,,LONG_SUCCESS,False,0.0013614511397448403,0.76,0.24
rolling,2017,2017-05-26T00:00:00Z,46295,HIGH_VOLATILITY,0.35897064369345444,0.33350256389067084,0.0,0.4827860781552599,0.5172139218447397,0.0,25,True,,,LONG_SUCCESS,False,0.0009568887402853221,0.68,0.32
rolling,2017,2017-05-27T00:00:00Z,46319,HIGH_VOLATILITY,0.3460380232428069,0.3353951687367226,0.0,0.4328727323622221,0.5247335107575534,0.0,25,True,,,LONG_SUCCESS,False,0.0008532574676645144,0.64,0.36
rolling,2017,2017-05-30T00:00:00Z,46343,NORMAL,0.34737508290483293,0.3227541166324454,0.0,0.5194631130030224,0.4407279837049739,0.0,25,True,,,LONG_SUCCESS,False,3.242605558040346e-05,0.52,0.48
rolling,2017,2017-05-31T00:00:00Z,46367,HIGH_VOLATILITY,0.33046335858701875,0.338269302455995,0.0,0.5927165222217271,0.40728347777827295,0.0,25,True,,,LONG_SUCCESS,False,0.0005974544315743291,0.56,0.44
rolling,2017,2017-06-01T00:00:00Z,46391,NORMAL,0.31199600535182304,0.3328630972369483,0.0,0.3217330672813166,0.47875560717526383,0.0,25,True,,,LONG_SUCCESS,False,-0.00016746382300458773,0.48,0.52
rolling,2017,2017-06-02T00:00:00Z,46415,HIGH_VOLATILITY,0.3276211249127375,0.33530604216079785,0.0,0.4633463686645078,0.5366536313354923,0.0,25,True,,,AMBIGUOUS_PATH,False,-0.00020502862335913807,0.4,0.6
rolling,2017,2017-06-03T00:00:00Z,46439,HIGH_VOLATILITY,0.3369991924807312,0.33865651333484154,0.0,0.43297832839575395,0.5670216716042459,0.0,25,True,,,SHORT_SUCCESS,False,7.396622555866372e-05,0.52,0.48
rolling,2017,2017-06-06T00:00:00Z,46463,NORMAL,0.3523354122413204,0.33268700170538057,0.0,0.4745199822609977,0.5254800177390021,0.0,25,True,,,LONG_SUCCESS,False,-0.00015780086043093444,0.44,0.56
rolling,2017,2017-06-07T00:00:00Z,46487,HIGH_VOLATILITY,0.3366700093425741,0.35100333368658704,0.0,0.5605834313096898,0.4018308589316326,0.0,25,True,,,SHORT_SUCCESS,False,0.0003152553297742777,0.6,0.4
rolling,2017,2017-06-08T00:00:00Z,46511,NORMAL,0.3664606776147249,0.32751677274885604,0.0,0.6344235978373037,0.36557640216269616,0.0,25,True,,,SHORT_SUCCESS,False,0.0011986552397715844,0.8,0.2
rolling,2017,2017-06-09T00:00:00Z,46535,NORMAL,0.3446430961727526,0.33774035951507037,0.0,0.3926461283763325,0.6073538716236676,0.0,25,True,,,SHORT_SUCCESS,False,-0.00027125018169993353,0.4,0.6
rolling,2017,2017-06-10T00:00:00Z,46559,NORMAL,0.3095975935629412,0.34282578548439274,0.0,0.4843969630114963,0.5156030369885037,0.0,25,True,,,SHORT_SUCCESS,False,-0.00039174584712642346,0.32,0.68
rolling,2017,2017-06-13T00:00:00Z,46583,NORMAL,0.3370510286497461,0.34409768854112016,0.0,0.45133633054532485,0.4313723393380773,0.0,25,True,,,SHORT_SUCCESS,False,0.0002708994383009422,0.56,0.44
rolling,2017,2017-06-14T00:00:00Z,46607,HIGH_VOLATILITY,0.3474608278580762,0.3433269023577053,0.0,0.4019480917408831,0.5980519082591167,0.0,25,True,,,SHORT_SUCCESS,False,-7.115640702437531e-06,0.48,0.52
rolling,2017,2017-06-15T00:00:00Z,46631,NORMAL,0.35215478371057435,0.3420636843537826,0.0,0.47738491700739233,0.48306645083210314,0.0,25,True,,,SHORT_SUCCESS,False,0.00016889684626497647,0.52,0.48
rolling,2017,2017-06-16T00:00:00Z,46655,NORMAL,0.3163109810742626,0.3295209470397677,0.0,0.4131255679418729,0.4597036736954916,0.0,25,True,,,LONG_SUCCESS,False,-0.00017290138957493095,0.48,0.52
rolling,2017,2017-06-17T00:00:00Z,46679,NORMAL,0.34971911147286455,0.33878084942472486,0.0,0.3260804945728683,0.6739195054271317,0.0,25,True,,,SHORT_SUCCESS,False,0.0001512851294616091,0.52,0.48
rolling,2017,2017-06-20T00:00:00Z,46703,NORMAL,0.31164406290010055,0.3494243964290248,0.0,0.4177052537521422,0.5449631087860859,0.0,25,True,,,LONG_SUCCESS,False,0.0005848039066984612,0.6,0.4
rolling,2017,2017-06-21T00:00:00Z,46727,NORMAL,0.34098211046363514,0.33424658119824696,0.0,0.23505860008320426,0.6859312743266447,0.0,25,True,,,LONG_SUCCESS,False,-4.2518903072275016e-05,0.48,0.52
rolling,2017,2017-06-22T00:00:00Z,46751,VOLATILITY_CONTRACTION,0.3356486532413663,0.32147316469148024,0.0,0.4249133517162737,0.42162194217258814,0.0,25,True,,,SHORT_SUCCESS,False,0.00037732983848237645,0.68,0.32
rolling,2017,2017-06-23T00:00:00Z,46775,TRENDING,0.3539026312571492,0.3231937747051736,0.0,0.4708597489771857,0.44063714582690816,0.0,25,True,,,LONG_SUCCESS,False,0.000524993511235694,0.6,0.4
rolling,2017,2017-06-24T00:00:00Z,46799,NORMAL,0.3121200703824893,0.34024631042687553,0.0,0.4840949165064688,0.5159050834935315,0.0,25,True,,,SHORT_SUCCESS,False,-0.00039174584712642346,0.28,0.72
rolling,2017,2017-06-27T00:00:00Z,46823,VOLATILITY_CONTRACTION,0.3294647626605082,0.315740726973055,0.0,0.4925264929571276,0.47062493853428133,0.0,25,True,,,SHORT_SUCCESS,False,0.0004220230328491059,0.56,0.44
rolling,2017,2017-06-28T00:00:00Z,46847,NORMAL,0.3446609272200385,0.33264319867567294,0.0,0.3217288348339434,0.5930963402673912,0.0,25,True,,,LONG_SUCCESS,False,0.0008591915728741739,0.64,0.36
rolling,2017,2017-06-29T00:00:00Z,46871,NORMAL,0.3435839745459185,0.34537178626121773,0.0,0.567673521991957,0.4323264780080428,0.0,25,True,,,SHORT_SUCCESS,False,0.000881018328322325,0.72,0.28
rolling,2017,2017-06-30T00:00:00Z,46895,VOLATILITY_EXPANSION,0.341360450925637,0.3469458109583411,0.0,0.4411913620826607,0.5588086379173395,0.0,25,True,,,SHORT_SUCCESS,False,0.0005012054668456223,0.72,0.28
rolling,2017,2017-07-01T00:00:00Z,46919,NORMAL,0.31216346048528043,0.3482581374371118,0.0,0.4828974659985038,0.5171025340014962,0.0,25,True,,,LONG_SUCCESS,False,-0.0003880362549152361,0.36,0.64
rolling,2017,2017-07-04T00:00:00Z,46943,VOLATILITY_CONTRACTION,0.32314222186770825,0.33247030585885623,0.0,0.4341497074339557,0.40790435459706137,0.0,25,True,,,LONG_SUCCESS,False,-8.392835032022816e-05,0.44,0.56
rolling,2017,2017-07-05T00:00:00Z,46967,NORMAL,0.32033692620166776,0.33366243032635173,0.0,0.43535972101486753,0.4400808668775694,0.0,25,True,,,LONG_SUCCESS,False,0.00013833592473222467,0.6,0.4
rolling,2017,2017-07-06T00:00:00Z,46991,NORMAL,0.3635368837944913,0.31872483633970644,0.0,0.5483693576948198,0.41065739228174547,0.0,25,True,,,LONG_SUCCESS,False,0.0007787104500429631,0.6,0.4
rolling,2017,2017-07-07T00:00:00Z,47015,NORMAL,0.33153125816655465,0.3446586334410203,0.0,0.4761889565898211,0.48644067242457467,0.0,25,True,,,SHORT_SUCCESS,False,-0.00011221562162111454,0.48,0.52
rolling,2017,2017-07-08T00:00:00Z,47039,NORMAL,0.3151983311304312,0.3368207871721613,0.0,0.6714375402688214,0.3285624597311786,0.0,25,True,,,LONG_SUCCESS,False,-5.0319556070932414e-05,0.4,0.6
rolling,2017,2017-07-11T00:00:00Z,47063,VOLATILITY_CONTRACTION,0.3384606144185625,0.31742557299723523,0.0,0.4726844417347646,0.4496878388866732,0.0,25,True,,,LONG_SUCCESS,False,0.0003170196647774848,0.6,0.4
rolling,2017,2017-07-12T00:00:00Z,47087,NORMAL,0.31846842545834014,0.3336923784952127,0.0,0.4836599927707507,0.3997514510627697,0.0,25,True,,,SHORT_SUCCESS,False,-0.00020582983374750619,0.48,0.52
rolling,2017,2017-07-13T00:00:00Z,47111,LOW_VOLATILITY_RANGE,0.32949575456905,0.33633967648490504,0.0,0.23858390418772701,0.7614160958122731,0.0,25,True,,,SHORT_SUCCESS,False,-0.0007678191572544346,0.32,0.68
rolling,2017,2017-07-14T00:00:00Z,47135,NORMAL,0.3199998695666244,0.344035128301883,0.0,0.4332289007386173,0.5290122201188536,0.0,25,True,,,SHORT_SUCCESS,False,0.0003506275844475937,0.52,0.48
rolling,2017,2017-07-15T00:00:00Z,47159,NORMAL,0.32349622847347964,0.3380887719357318,0.0,0.5160709887963879,0.4437548726645404,0.0,25,True,,,LONG_SUCCESS,False,-0.0003880362549152361,0.4,0.6
rolling,2017,2017-07-18T00:00:00Z,47183,TRENDING,0.35528603818315296,0.327467811106006,0.0,0.5063546808108825,0.4569804184392337,0.0,25,True,,,SHORT_SUCCESS,False,-0.00012353457949909608,0.48,0.52
rolling,2017,2017-07-19T00:00:00Z,47207,LOW_VOLATILITY_RANGE,0.3332248806152068,0.3385521667817531,0.0,0.47192601530158446,0.5280739846984156,0.0,25,True,,,LONG_SUCCESS,False,-0.000178844519928556,0.4,0.6
rolling,2017,2017-07-20T00:00:00Z,47231,NORMAL,0.3547011259421498,0.3231090569769994,0.0,0.4332246325770428,0.5667753674229572,0.0,25,True,,,LONG_SUCCESS,False,0.0007231330804042813,0.68,0.32
rolling,2017,2017-07-21T00:00:00Z,47255,NORMAL,0.3262596240062127,0.3461301577906501,0.0,0.511337157812841,0.4509706957295953,0.0,25,True,,,SHORT_SUCCESS,False,0.00034551878188882057,0.56,0.44
rolling,2017,2017-07-22T00:00:00Z,47279,VOLATILITY_EXPANSION,0.36099098879343616,0.32793616551288923,0.0,0.5082468092329426,0.49175319076705676,0.0,25,True,,,LONG_SUCCESS,False,-0.0001908358869846527,0.44,0.56
rolling,2017,2017-07-25T00:00:00Z,47303,HIGH_VOLATILITY,0.3491367213927998,0.34618687311806684,0.0,0.43227405042983835,0.5677259495701615,0.0,25,True,,,LONG_SUCCESS,False,-0.00031466010546710166,0.48,0.52
rolling,2017,2017-07-26T00:00:00Z,47327,NORMAL,0.3345728870133915,0.330550689306794,0.0,0.48238229489877577,0.47736204284205175,0.0,25,True,,,SHORT_SUCCESS,False,0.0002708994383009422,0.52,0.48
rolling,2017,2017-07-27T00:00:00Z,47351,NORMAL,0.34503411198929096,0.3309495873158462,0.0,0.4793229938956897,0.5206770061043103,0.0,25,True,,,LONG_SUCCESS,False,5.647970600919372e-05,0.52,0.48
rolling,2017,2017-07-28T00:00:00Z,47375,NORMAL,0.308973634477829,0.34465884942310365,0.0,0.3906207249527844,0.5290968223946512,0.0,25,True,,,AMBIGUOUS_PATH,False,-0.00017290138957493095,0.44,0.56
rolling,2017,2017-07-29T00:00:00Z,47399,NORMAL,0.3273548683175922,0.33653881548798337,0.0,0.477143439640227,0.5228565603597731,0.0,25,True,,,SHORT_SUCCESS,False,-0.00044399366293146336,0.36,0.64
rolling,2017,2017-08-01T00:00:00Z,47423,NORMAL,0.315220197864295,0.34759207370538386,0.0,0.453548690089991,0.508862173730751,0.0,25,True,,,SHORT_SUCCESS,False,4.6502168648432374e-05,0.52,0.48
rolling,2017,2017-08-02T00:00:00Z,47447,NORMAL,0.3380254358877563,0.3312057537604085,0.0,0.475577672961621,0.5244223270383793,0.0,25,True,,,LONG_SUCCESS,False,-0.0003068048408191304,0.44,0.56
rolling,2017,2017-08-03T00:00:00Z,47471,HIGH_VOLATILITY,0.326339299354421,0.3521523578714767,0.0,0.47485110422341614,0.4804785209897062,0.0,25,True,,,SHORT_SUCCESS,False,-0.00016225951836568164,0.44,0.56
rolling,2017,2017-08-04T00:00:00Z,47495,NORMAL,0.33520983244119523,0.32877575222907895,0.0,0.4486400631750973,0.5141169861411431,0.0,25,True,,,AMBIGUOUS_PATH,False,0.0003599091341415228,0.52,0.48
rolling,2017,2017-08-05T00:00:00Z,47519,NORMAL,0.3348967693342183,0.3322295037583586,0.0,0.5920684478085589,0.3597703939777606,0.0,25,True,,,SHORT_SUCCESS,False,1.7778193859285807e-06,0.52,0.48
rolling,2017,2017-08-08T00:00:00Z,47543,NORMAL,0.3484770270067689,0.33849702375910895,0.0,0.48322053610501087,0.5167794638949894,0.0,25,True,,,LONG_SUCCESS,False,3.242605558040346e-05,0.56,0.44
rolling,2017,2017-08-09T00:00:00Z,47567,NORMAL,0.32868227177857406,0.3384717432798819,0.0,0.5219464561846572,0.4780535438153426,0.0,25,True,,,LONG_SUCCESS,False,-5.2118991191951736e-05,0.44,0.56
rolling,2017,2017-08-10T00:00:00Z,47591,HIGH_VOLATILITY,0.3481497193959653,0.34236057508774853,0.0,0.3634096262864387,0.6365903737135612,0.0,25,True,,,LONG_SUCCESS,False,-7.115640702437531e-06,0.48,0.52
rolling,2017,2017-08-11T00:00:00Z,47615,NORMAL,0.34081698376758524,0.3357449864198457,0.0,0.6305498695157451,0.33025509984200885,0.0,25,True,,,SHORT_SUCCESS,False,0.0008984389135548998,0.72,0.28
rolling,2017,2017-08-12T00:00:00Z,47639,HIGH_VOLATILITY,0.3303256107713959,0.3414797149467429,0.0,0.3656386369875342,0.5974009116603515,0.0,25,True,,,LONG_SUCCESS,False,-0.0004008656796812282,0.4,0.6
rolling,2017,2017-08-15T00:00:00Z,47663,NORMAL,0.310734681457131,0.3434477304975384,0.0,0.4362456235953578,0.5274166173969626,0.0,25,True,,,SHORT_SUCCESS,False,4.6502168648432374e-05,0.52,0.48
rolling,2017,2017-08-16T00:00:00Z,47687,NORMAL,0.33374352446119104,0.33418675779474355,0.0,0.4361481409027187,0.4816691839615057,0.0,25,True,,,SHORT_SUCCESS,False,0.000713919746287095,0.72,0.28
rolling,2017,2017-08-17T00:00:00Z,47711,NORMAL,0.3142907816571662,0.3426788310494576,0.0,0.32688164522857605,0.5603991015368444,0.0,25,True,,,SHORT_SUCCESS,False,-5.0319556070932414e-05,0.48,0.52
rolling,2017,2017-08-18T00:00:00Z,47735,NORMAL,0.33030035480521147,0.33950195603933014,0.0,0.5076612413228351,0.44637749371554497,0.0,25,True,,,SHORT_SUCCESS,False,-0.0004008656796812282,0.4,0.6
rolling,2017,2017-08-19T00:00:00Z,47759,TRENDING,0.3524020906603291,0.32905615971257596,0.0,0.31091818719768544,0.6515668433264299,0.0,25,True,,,LONG_SUCCESS,False,4.577454271359471e-05,0.52,0.48
rolling,2017,2017-08-22T00:00:00Z,47783,TRENDING,0.35214620168551236,0.3302543489761092,0.0,0.5267489414394834,0.4308230761919976,0.0,25,True,,,SHORT_SUCCESS,False,0.0003170196647774848,0.56,0.44
rolling,2017,2017-08-23T00:00:00Z,47807,NORMAL,0.33922441682124027,0.3466295161695555,0.0,0.7213535519591647,0.2786464480408353,0.0,25,True,,,SHORT_SUCCESS,False,0.0001202374229227754,0.52,0.48
rolling,2017,2017-08-24T00:00:00Z,47831,VOLATILITY_CONTRACTION,0.3344937111250638,0.32510916398761,0.0,0.35463993026638496,0.6062946603824991,0.0,25,True,,,LONG_SUCCESS,False,-0.00031132045470372294,0.48,0.52
rolling,2017,2017-08-25T00:00:00Z,47855,VOLATILITY_CONTRACTION,0.3288081860281168,0.3241997744038761,0.0,0.47167708653751333,0.48901329755179107,0.0,25,True,,,LONG_SUCCESS,False,-0.00038644880743055054,0.4,0.6
rolling,2017,2017-08-26T00:00:00Z,47879,LOW_VOLATILITY_RANGE,0.32860565228263267,0.33453603821240724,0.0,0.44396127370786587,0.5560387262921342,0.0,25,True,,,LONG_SUCCESS,False,-0.00017509235441171,0.48,0.52
rolling,2017,2017-08-29T00:00:00Z,47903,VOLATILITY_EXPANSION,0.33041008301313407,0.34508519314054775,0.0,0.5548715973117891,0.4451284026882109,0.0,25,True,,,SHORT_SUCCESS,False,-8.845940134138974e-05,0.48,0.52
rolling,2017,2017-08-30T00:00:00Z,47927,NORMAL,0.3332135638913098,0.3350105824319051,0.0,0.7252976677399948,0.274702332260005,0.0,25,True,,,SHORT_SUCCESS,False,0.000713919746287095,0.6,0.4
rolling,2017,2017-08-31T00:00:00Z,47951,VOLATILITY_EXPANSION,0.3570532579953476,0.33927853459811724,0.0,0.49863088287277535,0.4567197669732963,0.0,25,True,,,SHORT_SUCCESS,False,-2.4034666312955366e-05,0.48,0.52
rolling,2017,2017-09-01T00:00:00Z,47975,NORMAL,0.3187269999790651,0.33815022712417275,0.0,0.4252121005842078,0.5294933861160451,0.0,25,True,,,LONG_SUCCESS,False,-0.00017290138957493095,0.48,0.52
rolling,2017,2017-09-02T00:00:00Z,47999,HIGH_VOLATILITY,0.3141495434105482,0.3401792581529398,0.0,0.31590479234763924,0.6449173105824345,0.0,25,True,,,LONG_SUCCESS,False,-0.0004008656796812282,0.4,0.6
rolling,2017,2017-09-05T00:00:00Z,48023,HIGH_VOLATILITY,0.3517019799956044,0.33929807991006483,0.0,0.5432937598666553,0.4567062401333446,0.0,25,True,,,SHORT_SUCCESS,False,-0.000512922380429659,0.44,0.56
rolling,2017,2017-09-06T00:00:00Z,48047,NORMAL,0.35272916401756776,0.3308235482095542,0.0,0.39659269543146153,0.6034073045685386,0.0,25,True,,,SHORT_SUCCESS,False,0.0007726993990868625,0.64,0.36
rolling,2017,2017-09-07T00:00:00Z,48071,VOLATILITY_CONTRACTION,0.34698186140400633,0.3240754921582397,0.0,0.3777523445717956,0.5354077863970998,0.0,25,True,,,SHORT_SUCCESS,False,0.0004591117959000801,0.56,0.44
rolling,2017,2017-09-08T00:00:00Z,48095,LOW_VOLATILITY_RANGE,0.3360004396351974,0.3350526916033699,0.0,0.6376434115478614,0.3623565884521387,0.0,25,True,,,LONG_SUCCESS,False,-0.00038644880743055054,0.4,0.6
rolling,2017,2017-09-09T00:00:00Z,48119,HIGH_VOLATILITY,0.3407253682095984,0.3281217643874428,0.0,0.4599232141997351,0.4916762161659205,0.0,25,True,,,SHORT_SUCCESS,False,0.00041646617583812606,0.6,0.4
rolling,2017,2017-09-12T00:00:00Z,48143,VOLATILITY_EXPANSION,0.311280280943026,0.3631802933606854,0.0,0.5740230447644681,0.3860511597471206,0.0,25,True,,,SHORT_SUCCESS,False,0.0006137074327190462,0.68,0.32
rolling,2017,2017-09-13T00:00:00Z,48167,TRENDING,0.3436270597602836,0.34059111902077704,0.0,0.4536273200332774,0.5086600988207644,0.0,25,True,,,AMBIGUOUS_PATH,False,0.00014580246433038013,0.52,0.48
rolling,2017,2017-09-14T00:00:00Z,48191,NORMAL,0.3112928449144722,0.336234371810889,0.0,0.43437745323765226,0.48196790783595317,0.0,25,True,,,SHORT_SUCCESS,False,0.00013833592473222467,0.56,0.44
rolling,2017,2017-09-15T00:00:00Z,48215,NORMAL,0.33115071895671877,0.3249035274458316,0.0,0.32371003042606306,0.5517520497758758,0.0,25,True,,,SHORT_SUCCESS,False,0.00037732983848237645,0.68,0.32
rolling,2017,2017-09-16T00:00:00Z,48239,VOLATILITY_CONTRACTION,0.34469940167383545,0.33337283553180536,0.0,0.40686880874497117,0.5556719741736311,0.0,25,True,,,LONG_SUCCESS,False,-1.0448980872435065e-05,0.48,0.52
rolling,2017,2017-09-19T00:00:00Z,48263,VOLATILITY_CONTRACTION,0.3335838441668808,0.33067360929434164,0.0,0.3784073744322157,0.5809135672510412,0.0,25,True,,,SHORT_SUCCESS,False,-0.00025112203619936935,0.44,0.56
rolling,2017,2017-09-20T00:00:00Z,48287,NORMAL,0.32779660600923816,0.3387323664234848,0.0,0.322744236000248,0.6772557639997522,0.0,25,True,,,SHORT_SUCCESS,False,-0.00038644880743055054,0.32,0.68
rolling,2017,2017-09-21T00:00:00Z,48311,NORMAL,0.3189122097128976,0.32924631920928515,0.0,0.4900442367702886,0.5099557632297114,0.0,25,True,,,SHORT_SUCCESS,False,-0.0001262744039511876,0.44,0.56
rolling,2017,2017-09-22T00:00:00Z,48335,NORMAL,0.3395195110922374,0.32729214983265686,0.0,0.4742951780239149,0.4411287952967219,0.0,25,True,,,LONG_SUCCESS,False,0.0005834516085641006,0.72,0.28
rolling,2017,2017-09-23T00:00:00Z,48359,VOLATILITY_EXPANSION,0.32422464297781717,0.3497630732856945,0.0,0.48158576835194655,0.4398115475446639,0.0,25,True,,,LONG_SUCCESS,False,-0.00015765060191019753,0.44,0.56
rolling,2017,2017-09-26T00:00:00Z,48383,NORMAL,0.343126392883572,0.3374987129705693,0.0,0.6525369232397944,0.3474630767602055,0.0,25,True,,,LONG_SUCCESS,False,-0.00031466010546710166,0.36,0.64
rolling,2017,2017-09-27T00:00:00Z,48407,NORMAL,0.3317615506619024,0.33887405692312617,0.0,0.46686892621227294,0.4949223292900288,0.0,25,True,,,SHORT_SUCCESS,False,0.0002708994383009422,0.56,0.44
rolling,2017,2017-09-28T00:00:00Z,48431,NORMAL,0.3407202389679835,0.31490934325488856,0.0,0.5248319235552011,0.43792659523299765,0.0,25,True,,,SHORT_SUCCESS,False,9.523878405359731e-05,0.56,0.44
rolling,2017,2017-09-29T00:00:00Z,48455,NORMAL,0.33996847104114525,0.3341738672192199,0.0,0.5140450440742578,0.485954955925742,0.0,25,True,,,LONG_SUCCESS,False,0.0007560332319409557,0.56,0.44
rolling,2017,2017-09-30T00:00:00Z,48479,NORMAL,0.32707842302894596,0.33642096451076525,0.0,0.4493437511053061,0.5104815451646764,0.0,25,True,,,SHORT_SUCCESS,False,-0.0001813395780428939,0.48,0.52
rolling,2017,2017-10-03T00:00:00Z,48503,NORMAL,0.346610137929426,0.33930873096163583,0.0,0.5203172887564997,0.44319408191750675,0.0,25,True,,,LONG_SUCCESS,False,0.00016889684626497647,0.56,0.44
rolling,2017,2017-10-04T00:00:00Z,48527,TRENDING,0.3565370701140393,0.3230710481893641,0.0,0.550763227683169,0.40968032985604974,0.0,25,True,,,SHORT_SUCCESS,False,0.0007787104500429631,0.72,0.28
rolling,2017,2017-10-05T00:00:00Z,48551,NORMAL,0.33353656409610305,0.3435435245524117,0.0,0.6789145697014897,0.32108543029851044,0.0,25,True,,,LONG_SUCCESS,False,-0.00025206728424598257,0.48,0.52
rolling,2017,2017-10-06T00:00:00Z,48575,NORMAL,0.3248557891450199,0.3360912815392417,0.0,0.5752283589210772,0.4247716410789227,0.0,25,True,,,SHORT_SUCCESS,False,0.0006474456299354614,0.6,0.4
rolling,2017,2017-10-07T00:00:00Z,48599,NORMAL,0.32188208826888626,0.33894291910130214,0.0,0.35347449154847366,0.5938355042991428,0.0,25,True,,,LONG_SUCCESS,False,-0.0004171913848844966,0.36,0.64
rolling,2017,2017-10-10T00:00:00Z,48623,HIGH_VOLATILITY,0.3339767044612031,0.35135030795693106,0.0,0.7305303868943414,0.23268151421377858,0.0,25,True,,,LONG_SUCCESS,False,0.0001202374229227754,0.56,0.44
rolling,2017,2017-10-11T00:00:00Z,48647,HIGH_VOLATILITY,0.32663798981944653,0.3499405150211627,0.0,0.5551314641491135,0.44486853585088665,0.0,25,True,,,SHORT_SUCCESS,False,-0.0006072160580966601,0.4,0.6
rolling,2017,2017-10-12T00:00:00Z,48671,HIGH_VOLATILITY,0.3751908802262912,0.33198665969166374,0.0,0.5212672632702936,0.47873273672970623,0.0,25,True,,,SHORT_SUCCESS,False,0.0010348662103116801,0.72,0.28
rolling,2017,2017-10-13T00:00:00Z,48695,NORMAL,0.32299130615530647,0.33328848627604546,0.0,0.3996091196615064,0.5538564773127247,0.0,25,True,,,SHORT_SUCCESS,False,-0.0001277730851337866,0.48,0.52
rolling,2017,2017-10-14T00:00:00Z,48719,NORMAL,0.34842499702198093,0.3306028801835885,0.0,0.403464748978358,0.5554416781525756,0.0,25,True,,,LONG_SUCCESS,False,0.0001512851294616091,0.56,0.44
rolling,2017,2017-10-17T00:00:00Z,48743,VOLATILITY_CONTRACTION,0.3287365787245176,0.3346934723145806,0.0,0.4713950750777721,0.4518666851604662,0.0,25,True,,,SHORT_SUCCESS,False,-0.0002490199902938084,0.44,0.56
rolling,2017,2017-10-18T00:00:00Z,48767,NORMAL,0.33399303478260817,0.3369333496863711,0.0,0.23773539000356392,0.7206815331907572,0.0,25,True,,,SHORT_SUCCESS,False,-0.000178844519928556,0.44,0.56
rolling,2017,2017-10-19T00:00:00Z,48791,NORMAL,0.34238131637648045,0.3251400842116967,0.0,0.38432308828132095,0.6156769117186792,0.0,25,True,,,LONG_SUCCESS,False,0.0002523035986290445,0.52,0.48
rolling,2017,2017-10-20T00:00:00Z,48815,NORMAL,0.3324249702635121,0.3264759819482779,0.0,0.38914604916523693,0.5619865180585376,0.0,25,True,,,SHORT_SUCCESS,False,0.00026022355958454924,0.52,0.48
rolling,2017,2017-10-21T00:00:00Z,48839,NORMAL,0.3330361275937407,0.3424923463483329,0.0,0.5989071749307748,0.3619797707783655,0.0,25,True,,,LONG_SUCCESS,False,1.7778193859285807e-06,0.52,0.48
rolling,2017,2017-10-24T00:00:00Z,48863,VOLATILITY_CONTRACTION,0.34092438613460574,0.32483393508562053,0.0,0.3964069755731752,0.5235386380048586,0.0,25,True,,,SHORT_SUCCESS,False,0.0004368077432013173,0.6,0.4
rolling,2017,2017-10-25T00:00:00Z,48887,NORMAL,0.3135400335672565,0.3371274433286046,0.0,0.43151918157270197,0.5315557469428825,0.0,25,True,,,LONG_SUCCESS,False,0.0002549847741275535,0.52,0.48
rolling,2017,2017-10-26T00:00:00Z,48911,NORMAL,0.3264834017602527,0.33046210240218643,0.0,0.5568913386083998,0.44310866139160027,0.0,25,True,,,SHORT_SUCCESS,False,0.00019836542737738938,0.56,0.44
rolling,2017,2017-10-27T00:00:00Z,48935,LOW_VOLATILITY_RANGE,0.33593788422037124,0.330943021391506,0.0,0.4418511602223676,0.4815298796158242,0.0,25,True,,,SHORT_SUCCESS,False,-0.0008153976820892694,0.44,0.56
rolling,2017,2017-10-28T00:00:00Z,48959,NORMAL,0.29106104181128123,0.33790997078219526,0.0,0.39134758212933946,0.5707719612964354,0.0,25,True,,,SHORT_SUCCESS,False,-0.00028023375404417905,0.36,0.64
rolling,2017,2017-10-31T00:00:00Z,48983,NORMAL,0.3156857527153478,0.3249856684866532,0.0,0.4629087693874735,0.4544468121121264,0.0,25,True,,,SHORT_SUCCESS,False,-0.00020582983374750619,0.36,0.64
rolling,2017,2017-11-01T00:00:00Z,49007,NORMAL,0.33464738151270385,0.33155208087951643,0.0,0.3168604137532605,0.6448145755656138,0.0,25,True,,,SHORT_SUCCESS,False,0.0003872226845369475,0.6,0.4
rolling,2017,2017-11-02T00:00:00Z,49031,NORMAL,0.34033794800035744,0.3204962617496139,0.0,0.5159778499662815,0.4035129178452117,0.0,25,True,,,SHORT_SUCCESS,False,0.0002347320297757527,0.6,0.4
rolling,2017,2017-11-03T00:00:00Z,49055,NORMAL,0.3241190500916504,0.3144505059035461,0.0,0.4382943724322055,0.4798714852898551,0.0,25,True,,,LONG_SUCCESS,False,0.0009090372331612695,0.56,0.44
rolling,2017,2017-11-04T00:00:00Z,49079,NORMAL,0.34516535337549015,0.3236987277491196,0.0,0.5202493553351556,0.4400789259706046,0.0,25,True,,,SHORT_SUCCESS,False,0.0005525061883504545,0.64,0.36
rolling,2017,2017-11-07T00:00:00Z,49103,NORMAL,0.32676127964618373,0.3329486518593399,0.0,0.44092497614065174,0.47986723725993047,0.0,25,True,,,SHORT_SUCCESS,False,-0.0002724938998812654,0.4,0.6
rolling,2017,2017-11-08T00:00:00Z,49127,NORMAL,0.32547498381907664,0.34445870685601426,0.0,0.5628737692689078,0.4371262307310927,0.0,25,True,,,SHORT_SUCCESS,False,6.695803203449202e-06,0.52,0.48
rolling,2017,2017-11-09T00:00:00Z,49151,NORMAL,0.34660078688035606,0.3428218377087597,0.0,0.4294295564917219,0.4917557776479575,0.0,25,True,,,SHORT_SUCCESS,False,0.00014580246433038013,0.56,0.44
rolling,2017,2017-11-10T00:00:00Z,49175,NORMAL,0.3397846390496135,0.3293132013980033,0.0,0.4553172899948141,0.4273133187239531,0.0,25,True,,,LONG_SUCCESS,False,0.0008984389135548998,0.76,0.24
rolling,2017,2017-11-11T00:00:00Z,49199,VOLATILITY_CONTRACTION,0.3343649476690849,0.31882589752609036,0.0,0.38439011750669444,0.5370396427825054,0.0,25,True,,,LONG_SUCCESS,False,0.0004439369110831315,0.64,0.36
rolling,2017,2017-11-14T00:00:00Z,49223,NORMAL,0.34013137811700683,0.3185557673428152,0.0,0.439615930446945,0.5603840695530553,0.0,25,True,,,LONG_SUCCESS,False,0.00028247413547677347,0.56,0.44
rolling,2017,2017-11-15T00:00:00Z,49247,NORMAL,0.3141031599414759,0.322586768626493,0.0,0.32516377237523825,0.559143292902018,0.0,25,True,,,SHORT_SUCCESS,False,-0.00038658380098699485,0.44,0.56
rolling,2017,2017-11-16T00:00:00Z,49271,NORMAL,0.31776885357363194,0.34464076476995925,0.0,0.4469353826279334,0.47002190636369146,0.0,25,True,,,LONG_SUCCESS,False,0.00015937919743658213,0.56,0.44
rolling,2017,2017-11-17T00:00:00Z,49295,NORMAL,0.3450635645980545,0.3291211019531608,0.0,0.5487899106337486,0.41600616158047254,0.0,25,True,,,SHORT_SUCCESS,False,0.0007560332319409557,0.64,0.36
rolling,2017,2017-11-18T00:00:00Z,49319,NORMAL,0.3470949467903937,0.33276937741628965,0.0,0.3969145361100491,0.5673730972417864,0.0,25,True,,,LONG_SUCCESS,False,0.00038373541761171914,0.56,0.44
rolling,2017,2017-11-21T00:00:00Z,49343,NORMAL,0.33029791664047803,0.34709140792107845,0.0,0.5265064922968732,0.4332701651999593,0.0,25,True,,,LONG_SUCCESS,False,0.0012812384537947974,0.68,0.32
rolling,2017,2017-11-22T00:00:00Z,49367,NORMAL,0.3438371357194765,0.3421153404743713,0.0,0.6444216048192484,0.27557673210506395,0.0,25,True,,,LONG_SUCCESS,False,0.0009032999394780195,0.68,0.32
rolling,2017,2017-11-23T00:00:00Z,49391,HIGH_VOLATILITY,0.3337621477154784,0.3452499109315578,0.0,0.5970252226354799,0.40297477736452014,0.0,25,True,,,LONG_SUCCESS,False,-0.0007211953219316003,0.4,0.6
rolling,2017,2017-11-24T00:00:00Z,49415,NORMAL,0.3156840792569505,0.3491501261760894,0.0,0.3575688379714119,0.5206362125799948,0.0,25,True,,,LONG_SUCCESS,False,0.00025099227713831773,0.52,0.48
rolling,2017,2017-11-25T00:00:00Z,49439,NORMAL,0.3243912912586784,0.34389862378790487,0.0,0.5242895803512756,0.47571041964872446,0.0,25,True,,,SHORT_SUCCESS,False,-0.0005938520567116967,0.48,0.52
rolling,2017,2017-11-28T00:00:00Z,49463,HIGH_VOLATILITY,0.34466984063809825,0.3429175419492954,0.0,0.5630195458002001,0.43698045419979986,0.0,25,True,,,LONG_SUCCESS,False,0.0007574845263860208,0.6,0.4
rolling,2017,2017-11-29T00:00:00Z,49487,HIGH_VOLATILITY,0.3508296723271015,0.3403365590278775,0.0,0.43686186031268587,0.5631381396873143,0.0,25,True,,,LONG_SUCCESS,False,-0.0005142506539247416,0.4,0.6
rolling,2017,2017-11-30T00:00:00Z,49511,NORMAL,0.33051682830635754,0.3402114402545648,0.0,0.43484703808046826,0.5181544580880001,0.0,25,True,,,AMBIGUOUS_PATH,False,0.0004610878361548387,0.64,0.36
rolling,2017,2017-12-01T00:00:00Z,49535,NORMAL,0.3110592151681518,0.34914641134651414,0.0,0.43145623414561773,0.4902882946247905,0.0,25,True,,,AMBIGUOUS_PATH,False,0.00015937919743658213,0.52,0.48
rolling,2017,2017-12-02T00:00:00Z,49559,NORMAL,0.332582488067963,0.34312344747548756,0.0,0.5866825588744916,0.41331744112550795,0.0,25,True,,,LONG_SUCCESS,False,-0.0005938520567116967,0.36,0.64
rolling,2017,2017-12-05T00:00:00Z,49583,NORMAL,0.3381233178687875,0.33490496522304347,0.0,0.5098696583546851,0.4524133482092414,0.0,25,True,,,LONG_SUCCESS,False,-0.0005831948597947445,0.4,0.6
rolling,2017,2017-12-06T00:00:00Z,49607,NORMAL,0.33687083771843657,0.3429167694412974,0.0,0.6137724524417139,0.3862275475582859,0.0,25,True,,,SHORT_SUCCESS,False,0.00019836542737738938,0.56,0.44
rolling,2017,2017-12-07T00:00:00Z,49631,NORMAL,0.3476991992769152,0.32642997851459876,0.0,0.5581397863703457,0.44186021362965455,0.0,25,True,,,SHORT_SUCCESS,False,0.0007619175293098746,0.68,0.32
rolling,2017,2017-12-08T00:00:00Z,49655,NORMAL,0.3375031927273492,0.3371696994673498,0.0,0.5262183515207757,0.4737816484792244,0.0,25,True,,,LONG_SUCCESS,False,-0.00027125018169993353,0.44,0.56
rolling,2017,2017-12-09T00:00:00Z,49679,NORMAL,0.34275381549875533,0.33181339361163537,0.0,0.3566927857508426,0.5532461127539715,0.0,25,True,,,LONG_SUCCESS,False,-0.0005938520567116967,0.4,0.6
rolling,2017,2017-12-12T00:00:00Z,49703,NORMAL,0.34024965653126227,0.3456151336337686,0.0,0.27619824016866323,0.6863620492688493,0.0,25,True,,,SHORT_SUCCESS,False,-0.0006674251280870402,0.2,0.8
rolling,2017,2017-12-13T00:00:00Z,49727,HIGH_VOLATILITY,0.3620061212368022,0.3360035667193963,0.0,0.5631476411957679,0.399850326803339,0.0,25,True,,,SHORT_SUCCESS,False,0.00030507957162773103,0.6,0.4
rolling,2017,2017-12-14T00:00:00Z,49751,NORMAL,0.3462979854967249,0.3316401458783116,0.0,0.5506552730189823,0.33679584735783497,0.0,25,True,,,LONG_SUCCESS,False,0.0007619175293098746,0.68,0.32
rolling,2017,2017-12-15T00:00:00Z,49775,VOLATILITY_CONTRACTION,0.35116338093518173,0.3158017040914361,0.0,0.47421719041922655,0.4408768690245202,0.0,25,True,,,SHORT_SUCCESS,False,0.00019759072468761296,0.52,0.48
rolling,2017,2017-12-16T00:00:00Z,49799,NORMAL,0.3406005294323198,0.3321561988056002,0.0,0.4009579341671216,0.5592286375807067,0.0,25,True,,,LONG_SUCCESS,False,0.00038373541761171914,0.64,0.36
rolling,2017,2017-12-19T00:00:00Z,49823,NORMAL,0.3418569967925023,0.32922941917097515,0.0,0.34913983339883103,0.6508601666011692,0.0,25,True,,,LONG_SUCCESS,False,-0.0009517330771691146,0.36,0.64
rolling,2017,2017-12-20T00:00:00Z,49847,HIGH_VOLATILITY,0.33183793888170915,0.346432259425307,0.0,0.6115604559800735,0.38843954401992664,0.0,25,True,,,LONG_SUCCESS,False,-0.0007211953219316003,0.4,0.6
rolling,2017,2017-12-21T00:00:00Z,49871,NORMAL,0.3372679581709368,0.3413261169540509,0.0,0.6019464440758668,0.3980535559241332,0.0,25,True,,,AMBIGUOUS_PATH,False,0.000713919746287095,0.68,0.32
rolling,2017,2017-12-22T00:00:00Z,49895,TRENDING,0.3571938982643013,0.3302213262706563,0.0,0.5378182950803183,0.46218170491968175,0.0,25,True,,,LONG_SUCCESS,False,0.001145302096936529,0.76,0.24
rolling,2017,2017-12-23T00:00:00Z,49919,HIGH_VOLATILITY,0.34385379666707466,0.33967355667890287,0.0,0.44141852775843793,0.558581472241562,0.0,25,True,,,LONG_SUCCESS,False,0.0006159897328510411,0.72,0.28
rolling,2017,2017-12-26T00:00:00Z,49943,HIGH_VOLATILITY,0.3463077107855897,0.34690547849942766,0.0,0.5293527183199567,0.4706472816800432,0.0,25,True,,,SHORT_SUCCESS,False,-0.00015780086043093444,0.48,0.52
rolling,2017,2017-12-27T00:00:00Z,49967,HIGH_VOLATILITY,0.36818967693193944,0.3336547305633935,0.0,0.7318078828938465,0.2681921171061536,0.0,25,True,,,SHORT_SUCCESS,False,0.0007896336864685605,0.56,0.44
rolling,2017,2017-12-28T00:00:00Z,49991,NORMAL,0.3448754982861494,0.3376474412347996,0.0,0.6775416839833917,0.3224583160166084,0.0,25,True,,,SHORT_SUCCESS,False,0.0003152553297742777,0.52,0.48
rolling,2017,2017-12-29T00:00:00Z,50015,NORMAL,0.30888535335132694,0.3470036999372875,0.0,0.271850325024017,0.6893596255797149,0.0,25,True,,,LONG_SUCCESS,False,-0.0012866197298032622,0.36,0.64
rolling,2017,2017-12-30T00:00:00Z,50039,NORMAL,0.33704095371524284,0.32186669934025347,0.0,0.4078722219096657,0.555578270400965,0.0,25,True,,,LONG_SUCCESS,False,0.0002303160279004679,0.52,0.48
expanding,2018,2018-01-02T00:00:00Z,50063,HIGH_VOLATILITY,0.3423795510866113,0.33987723351019,0.0,0.6043286912664134,0.3574000996910849,0.0,25,True,,,SHORT_SUCCESS,False,0.0003841376168747246,0.56,0.44
expanding,2018,2018-01-03T00:00:00Z,50087,NORMAL,0.3320654050202264,0.33877333664115333,0.0,0.7166785418435726,0.2833214581564275,0.0,25,True,,,LONG_SUCCESS,False,0.0006332021502390983,0.6,0.4
expanding,2018,2018-01-04T00:00:00Z,50111,VOLATILITY_CONTRACTION,0.32628552230810165,0.33955809723920416,0.0,0.4063154225222778,0.5936845774777221,0.0,25,True,,,SHORT_SUCCESS,False,-0.00031132045470372294,0.44,0.56
expanding,2018,2018-01-05T00:00:00Z,50135,NORMAL,0.33832326395631446,0.32724491739376294,0.0,0.7134914673414321,0.24889739107178654,0.0,25,True,,,LONG_SUCCESS,False,0.0010077101972876257,0.84,0.16
expanding,2018,2018-01-06T00:00:00Z,50159,NORMAL,0.32858608339321155,0.3338756628814915,0.0,0.5604185914589077,0.3621744594356779,0.0,25,True,,,SHORT_SUCCESS,False,0.00042987216933720873,0.6,0.4
expanding,2018,2018-01-09T00:00:00Z,50183,VOLATILITY_EXPANSION,0.338987846030727,0.34014442919703247,0.0,0.38832648450614554,0.6116735154938545,0.0,25,True,,,LONG_SUCCESS,False,0.0002575208419350883,0.64,0.36
expanding,2018,2018-01-10T00:00:00Z,50207,NORMAL,0.318689711180518,0.33909302142314546,0.0,0.4741807343745721,0.48310078475605145,0.0,25,True,,,SHORT_SUCCESS,False,1.3261967129807317e-05,0.52,0.48
expanding,2018,2018-01-11T00:00:00Z,50231,HIGH_VOLATILITY,0.34862465926890013,0.3408091380684833,0.0,0.6376770680047511,0.3202255424961327,0.0,25,True,,,AMBIGUOUS_PATH,False,3.339208621833123e-05,0.52,0.48
expanding,2018,2018-01-12T00:00:00Z,50255,HIGH_VOLATILITY,0.3147187211798402,0.32849478972183405,0.0,0.40138692341538007,0.4731244497931892,0.0,25,True,,,SHORT_SUCCESS,False,0.0002705414455475008,0.6,0.4
expanding,2018,2018-01-13T00:00:00Z,50279,HIGH_VOLATILITY,0.3524452504435223,0.3266884196337766,0.0,0.5289110504707704,0.47108894952922925,0.0,25,True,,,LONG_SUCCESS,False,-1.6212078462141122e-05,0.48,0.52
expanding,2018,2018-01-16T00:00:00Z,50303,HIGH_VOLATILITY,0.3375470743629035,0.3394475186485239,0.0,0.5666161920847231,0.4333838079152768,0.0,25,True,,,LONG_SUCCESS,False,-0.0002477705231320737,0.4,0.6
expanding,2018,2018-01-17T00:00:00Z,50327,HIGH_VOLATILITY,0.3446984083326811,0.34299587912801865,0.0,0.6889196032474458,0.311080396752554,0.0,25,True,,,LONG_SUCCESS,False,0.00037083689241845796,0.6,0.4
expanding,2018,2018-01-18T00:00:00Z,50351,HIGH_VOLATILITY,0.32165053900708496,0.33305146296602683,0.0,0.39314754352667003,0.5252468464055864,0.0,25,True,,,SHORT_SUCCESS,False,0.00019836542737738938,0.56,0.44
expanding,2018,2018-01-19T00:00:00Z,50375,NORMAL,0.33915313972151556,0.3284408634801113,0.0,0.3197639866682441,0.6411835896342032,0.0,25,True,,,SHORT_SUCCESS,False,-0.0002838638071603894,0.4,0.6
expanding,2018,2018-01-20T00:00:00Z,50399,HIGH_VOLATILITY,0.33397617716213884,0.33632853736622736,0.0,0.5647028702498734,0.435297129750127,0.0,25,True,,,SHORT_SUCCESS,False,0.000333448135024339,0.52,0.48
expanding,2018,2018-01-23T00:00:00Z,50423,HIGH_VOLATILITY,0.3357110716396888,0.33553385478345993,0.0,0.6864781635423511,0.26352369475149945,0.0,25,True,,,SHORT_SUCCESS,False,0.0005973922773492291,0.68,0.32
expanding,2018,2018-01-24T00:00:00Z,50447,LOW_VOLATILITY_RANGE,0.3264456815842242,0.3326594429891567,0.0,0.5021179177255296,0.4599196684544196,0.0,25,True,,,LONG_SUCCESS,False,-0.00024033772328102554,0.48,0.52
expanding,2018,2018-01-25T00:00:00Z,50471,NORMAL,0.35094445207245184,0.34210232171878685,0.0,0.587552359870175,0.33008889335077857,0.0,25,True,,,SHORT_SUCCESS,False,0.0009342009167490062,0.68,0.32
expanding,2018,2018-01-26T00:00:00Z,50495,NORMAL,0.3349560541745525,0.33844068950697986,0.0,0.4799067051310529,0.48223978439729903,0.0,25,True,,,LONG_SUCCESS,False,0.0003622367361988399,0.56,0.44
expanding,2018,2018-01-27T00:00:00Z,50519,NORMAL,0.33954907543154883,0.33039029219559446,0.0,0.6447190151342329,0.31566624790839876,0.0,25,True,,,LONG_SUCCESS,False,0.00042987216933720873,0.6,0.4
expanding,2018,2018-01-30T00:00:00Z,50543,NORMAL,0.3448845748756465,0.34405732319282195,0.0,0.6371088842139565,0.36289111578604355,0.0,25,True,,,LONG_SUCCESS,False,-0.0005373604654450581,0.48,0.52
expanding,2018,2018-01-31T00:00:00Z,50567,NORMAL,0.34706951296253097,0.34300327843116807,0.0,0.6825151223814627,0.31748487761853733,0.0,25,True,,,LONG_SUCCESS,False,0.0006514757230873247,0.6,0.4
expanding,2018,2018-02-01T00:00:00Z,50591,NORMAL,0.3312203180608572,0.33247943556773624,0.0,0.5630057882818146,0.35454565772682617,0.0,25,True,,,LONG_SUCCESS,False,0.00019836542737738938,0.52,0.48
expanding,2018,2018-02-02T00:00:00Z,50615,HIGH_VOLATILITY,0.3348909061901885,0.33704501223624334,0.0,0.28009020901343185,0.6795923842325106,0.0,25,True,,,SHORT_SUCCESS,False,-0.00023256638101842864,0.48,0.52
expanding,2018,2018-02-03T00:00:00Z,50639,NORMAL,0.34098088757440526,0.32319540502542515,0.0,0.6012600629932058,0.39873993700679417,0.0,25,True,,,LONG_SUCCESS,False,-0.0003246657241360307,0.44,0.56
expanding,2018,2018-02-06T00:00:00Z,50663,HIGH_VOLATILITY,0.35020360207038964,0.3359050715983759,0.0,0.5041739586815976,0.49582604131840247,0.0,25,True,,,SHORT_SUCCESS,False,1.395637523304849e-05,0.52,0.48
expanding,2018,2018-02-07T00:00:00Z,50687,NORMAL,0.3234832764042304,0.33365474213019375,0.0,0.48852324853032214,0.5114767514696779,0.0,25,True,,,SHORT_SUCCESS,False,0.0006427324977584803,0.6,0.4
expanding,2018,2018-02-08T00:00:00Z,50711,NORMAL,0.3262047311753231,0.33216993254803245,0.0,0.6117364450022514,0.2740872124637519,0.0,25,True,,,AMBIGUOUS_PATH,False,7.724657973473548e-05,0.56,0.44
expanding,2018,2018-02-09T00:00:00Z,50735,VOLATILITY_CONTRACTION,0.340571384373426,0.3358165459645772,0.0,0.5056961655285589,0.3679806651559077,0.0,25,True,,,SHORT_SUCCESS,False,0.0007514638121508543,0.72,0.28
expanding,2018,2018-02-10T00:00:00Z,50759,NORMAL,0.35152211565994723,0.3371017833237478,0.0,0.43023218768339744,0.5697678123166026,0.0,25,True,,,LONG_SUCCESS,False,0.0003525806005590937,0.6,0.4
expanding,2018,2018-02-13T00:00:00Z,50783,NORMAL,0.35955353886942776,0.3475310674508427,0.0,0.5166485781920693,0.4467286330718097,0.0,25,True,,,LONG_SUCCESS,False,-0.00043885543755228795,0.48,0.52
expanding,2018,2018-02-14T00:00:00Z,50807,NORMAL,0.34087866157491464,0.3512604273701684,0.0,0.3646080080622301,0.6353919919377701,0.0,25,True,,,SHORT_SUCCESS,False,-0.0005400401319187731,0.4,0.6
expanding,2018,2018-02-15T00:00:00Z,50831,NORMAL,0.32202114283513095,0.3358063072419405,0.0,0.3928637079331792,0.6071362920668205,0.0,25,True,,,SHORT_SUCCESS,False,-0.00018879117043957283,0.44,0.56
expanding,2018,2018-02-16T00:00:00Z,50855,NORMAL,0.34702205649570406,0.33744264346014347,0.0,0.3201398564683217,0.5585806106780408,0.0,25,True,,,SHORT_SUCCESS,False,-1.0448980872435065e-05,0.48,0.52
expanding,2018,2018-02-17T00:00:00Z,50879,NORMAL,0.319814550730548,0.32681435887877297,0.0,0.5712599404763269,0.35021026434089825,0.0,25,True,,,AMBIGUOUS_PATH,False,-1.1081253953326708e-06,0.48,0.52
expanding,2018,2018-02-20T00:00:00Z,50903,NORMAL,0.3251780114136309,0.34156295437070794,0.0,0.541600797697622,0.3769217664824116,0.0,25,True,,,LONG_SUCCESS,False,-0.00020582983374750619,0.44,0.56
expanding,2018,2018-02-21T00:00:00Z,50927,LOW_VOLATILITY_RANGE,0.3383881680007101,0.33929920633087557,0.0,0.35390384027173727,0.6460961597282626,0.0,25,True,,,SHORT_SUCCESS,False,0.0003072612849477352,0.64,0.36
expanding,2018,2018-02-22T00:00:00Z,50951,NORMAL,0.3208914614464913,0.33524870711900445,0.0,0.3985033548911882,0.6014966451088116,0.0,25,True,,,LONG_SUCCESS,False,0.0002549847741275535,0.6,0.4
expanding,2018,2018-02-23T00:00:00Z,50975,LOW_VOLATILITY_RANGE,0.33102454091976263,0.3350203493497866,0.0,0.35832617167771025,0.5653782815788787,0.0,25,True,,,SHORT_SUCCESS,False,0.0003319349493717816,0.6,0.4
expanding,2018,2018-02-24T00:00:00Z,50999,LOW_VOLATILITY_RANGE,0.3284009744613252,0.33068385615146006,0.0,0.4734151049102647,0.4880984342393985,0.0,25,True,,,LONG_SUCCESS,False,0.00026022355958454924,0.56,0.44
expanding,2018,2018-02-27T00:00:00Z,51023,NORMAL,0.33806240604463084,0.34521458674551414,0.0,0.35348866856280625,0.6060386845522898,0.0,25,True,,,AMBIGUOUS_PATH,False,0.0002488929398196671,0.52,0.48
expanding,2018,2018-02-28T00:00:00Z,51047,NORMAL,0.3146242826295135,0.3366577182625674,0.0,0.3902363256941024,0.48583251658728466,0.0,25,True,,,LONG_SUCCESS,False,0.00013153914334251837,0.52,0.48
expanding,2018,2018-03-01T00:00:00Z,51071,NORMAL,0.35215301957388395,0.3399098766962426,0.0,0.4720823602435855,0.4509928814352811,0.0,25,True,,,LONG_SUCCESS,False,0.0002904301905695128,0.6,0.4
expanding,2018,2018-03-02T00:00:00Z,51095,NORMAL,0.31710211907070246,0.3282002938354788,0.0,0.47477274961349986,0.43819030571252365,0.0,25,True,,,LONG_SUCCESS,False,-0.00021020306886498918,0.48,0.52
expanding,2018,2018-03-03T00:00:00Z,51119,NORMAL,0.3349738927215453,0.3317613179359157,0.0,0.4720142118615261,0.40525452490725783,0.0,25,True,,,LONG_SUCCESS,False,0.00011756467665580139,0.64,0.36
expanding,2018,2018-03-06T00:00:00Z,51143,NORMAL,0.368656252164133,0.3410493483540504,0.0,0.6326412469517106,0.3673587530482896,0.0,25,True,,,SHORT_SUCCESS,False,0.0005792532430923814,0.72,0.28
expanding,2018,2018-03-07T00:00:00Z,51167,NORMAL,0.3571194752664509,0.3433799767614891,0.0,0.5112114116091432,0.4093337311879323,0.0,25,True,,,SHORT_SUCCESS,False,0.0002017513244436664,0.56,0.44
expanding,2018,2018-03-08T00:00:00Z,51191,NORMAL,0.3094632134728588,0.3289621390070836,0.0,0.4302453977284397,0.44960554171581874,0.0,25,True,,,AMBIGUOUS_PATH,False,-1.1539258903181526e-05,0.48,0.52
expanding,2018,2018-03-09T00:00:00Z,51215,VOLATILITY_CONTRACTION,0.3217630593765028,0.32980801922740427,0.0,0.3943070984045398,0.5655723883827494,0.0,25,True,,,LONG_SUCCESS,False,5.788871565615139e-05,0.52,0.48
expanding,2018,2018-03-10T00:00:00Z,51239,NORMAL,0.34727983046540883,0.3286792277196018,0.0,0.6038149566293576,0.32511731161670704,0.0,25,True,,,LONG_SUCCESS,False,0.0005525061883504545,0.64,0.36
expanding,2018,2018-03-13T00:00:00Z,51263,NORMAL,0.34271624531637823,0.3412619281359687,0.0,0.39643321312264745,0.5268850579526637,0.0,25,True,,,LONG_SUCCESS,False,-0.00043245128255675613,0.44,0.56
expanding,2018,2018-03-14T00:00:00Z,51287,VOLATILITY_EXPANSION,0.3560147377425542,0.3391589030786033,0.0,0.5558959600001129,0.4034325182075936,0.0,25,True,,,LONG_SUCCESS,False,0.0007021626072989395,0.6,0.4
expanding,2018,2018-03-15T00:00:00Z,51311,VOLATILITY_EXPANSION,0.3574369053344945,0.33753341664755077,0.0,0.47384231840531704,0.4907697533890811,0.0,25,True,,,SHORT_SUCCESS,False,3.339208621833123e-05,0.52,0.48
expanding,2018,2018-03-16T00:00:00Z,51335,NORMAL,0.32613372112822986,0.33526661904740707,0.0,0.4334299949560512,0.5665700050439485,0.0,25,True,,,SHORT_SUCCESS,False,0.0008123157499488887,0.6,0.4
expanding,2018,2018-03-17T00:00:00Z,51359,VOLATILITY_CONTRACTION,0.3424424199746267,0.33168823251930857,0.0,0.48617179171847097,0.43456314851806227,0.0,25,True,,,LONG_SUCCESS,False,0.00025462376873597314,0.52,0.48
expanding,2018,2018-03-20T00:00:00Z,51383,NORMAL,0.35328760563132156,0.33226447561154193,0.0,0.48272725537372846,0.5172727446262715,0.0,25,True,,,SHORT_SUCCESS,False,0.0001836999306195075,0.52,0.48
expanding,2018,2018-03-21T00:00:00Z,51407,HIGH_VOLATILITY,0.33485796368156007,0.3311255544009478,0.0,0.43715113810874207,0.4845734641909423,0.0,25,True,,,LONG_SUCCESS,False,0.000751147801504759,0.6,0.4
expanding,2018,2018-03-22T00:00:00Z,51431,HIGH_VOLATILITY,0.32904494611768886,0.3354421588611725,0.0,0.601329343429316,0.3524446570329411,0.0,25,True,,,LONG_SUCCESS,False,-7.302209055959352e-05,0.48,0.52
expanding,2018,2018-03-23T00:00:00Z,51455,NORMAL,0.33934555541120515,0.33686544339284225,0.0,0.5696964877460536,0.39190052927424995,0.0,25,True,,,LONG_SUCCESS,False,0.00017569234142689183,0.64,0.36
expanding,2018,2018-03-24T00:00:00Z,51479,VOLATILITY_CONTRACTION,0.34264422337502276,0.33185374242351356,0.0,0.5537815225559021,0.35461331629731646,0.0,25,True,,,LONG_SUCCESS,False,0.0004439369110831315,0.52,0.48
expanding,2018,2018-03-27T00:00:00Z,51503,VOLATILITY_CONTRACTION,0.3560040402385742,0.34503539666379107,0.0,0.4361025320304411,0.5188986825443272,0.0,25,True,,,SHORT_SUCCESS,False,-0.0004899701463860762,0.4,0.6
expanding,2018,2018-03-28T00:00:00Z,51527,TRENDING,0.35075569377331,0.33692110489284605,0.0,0.4822802989519179,0.4802351421825077,0.0,25,True,,,SHORT_SUCCESS,False,0.0003610521953341106,0.64,0.36
expanding,2018,2018-03-29T00:00:00Z,51551,NORMAL,0.33168363647943516,0.34043748465438967,0.0,0.5529217388070691,0.405418157507201,0.0,25,True,,,LONG_SUCCESS,False,0.0006374369857284901,0.6,0.4
expanding,2018,2018-03-30T00:00:00Z,51575,NORMAL,0.35270998647665364,0.3429573502729664,0.0,0.47235182165426076,0.48082709431654075,0.0,25,True,,,SHORT_SUCCESS,False,0.000826489931596619,0.6,0.4
expanding,2018,2018-03-31T00:00:00Z,51599,NORMAL,0.3390064504435794,0.32867805763984226,0.0,0.4177299357181222,0.5451613903369268,0.0,25,True,,,SHORT_SUCCESS,False,0.0006159897328510411,0.56,0.44
expanding,2018,2018-04-03T00:00:00Z,51623,HIGH_VOLATILITY,0.3270570646937287,0.3372407150303829,0.0,0.6769961654980302,0.32300383450196957,0.0,25,True,,,LONG_SUCCESS,False,0.00026301698318142996,0.52,0.48
expanding,2018,2018-04-04T00:00:00Z,51647,NORMAL,0.3291792141812594,0.34099325614343723,0.0,0.6456788484205671,0.3543211515794327,0.0,25,True,,,SHORT_SUCCESS,False,0.00044327481018191506,0.6,0.4
expanding,2018,2018-04-05T00:00:00Z,51671,HIGH_VOLATILITY,0.35424187683537434,0.3427188442259017,0.0,0.4386619397787674,0.5613380602212329,0.0,25,True,,,LONG_SUCCESS,False,-0.00045032437384351365,0.4,0.6
expanding,2018,2018-04-06T00:00:00Z,51695,VOLATILITY_CONTRACTION,0.34027920709229,0.33216483760084525,0.0,0.5375370067179448,0.38074895762388405,0.0,25,True,,,LONG_SUCCESS,False,0.0004591117959000801,0.64,0.36
expanding,2018,2018-04-07T00:00:00Z,51719,VOLATILITY_CONTRACTION,0.3145528452303483,0.32409937034476227,0.0,0.3983464854733602,0.60165351452664,0.0,25,True,,,SHORT_SUCCESS,False,0.00017735381614558676,0.52,0.48
expanding,2018,2018-04-10T00:00:00Z,51743,VOLATILITY_CONTRACTION,0.33434153048006526,0.33430292224807234,0.0,0.5020669441311699,0.49793305586883,0.0,25,True,,,LONG_SUCCESS,False,1.733241451118417e-05,0.52,0.48
expanding,2018,2018-04-11T00:00:00Z,51767,NORMAL,0.3284541489362373,0.3334572179962696,0.0,0.3623011902263881,0.6376988097736117,0.0,25,True,,,SHORT_SUCCESS,False,-0.00010967987681131941,0.4,0.6
expanding,2018,2018-04-12T00:00:00Z,51791,NORMAL,0.325506383462374,0.3338363492328745,0.0,0.4474343684482794,0.5525656315517208,0.0,25,True,,,AMBIGUOUS_PATH,False,-0.0007678191572544346,0.36,0.64
expanding,2018,2018-04-13T00:00:00Z,51815,VOLATILITY_EXPANSION,0.33505181791702054,0.32651635349907415,0.0,0.6042560537763552,0.3580400258076376,0.0,25,True,,,SHORT_SUCCESS,False,-0.000345315874860308,0.44,0.56
expanding,2018,2018-04-14T00:00:00Z,51839,VOLATILITY_EXPANSION,0.3534907947944479,0.34097164710161104,0.0,0.5378216864806272,0.420700332539745,0.0,25,True,,,AMBIGUOUS_PATH,False,5.375069753266182e-05,0.52,0.48
expanding,2018,2018-04-17T00:00:00Z,51863,HIGH_VOLATILITY,0.3424273294633635,0.3389196859475925,0.0,0.6447926484263039,0.35520735157369604,0.0,25,True,,,LONG_SUCCESS,False,0.0003951779051887261,0.6,0.4
expanding,2018,2018-04-18T00:00:00Z,51887,NORMAL,0.32379661954086003,0.33784294421561206,0.0,0.3643286653019546,0.597079361309473,0.0,25,True,,,SHORT_SUCCESS,False,0.000751147801504759,0.72,0.28
expanding,2018,2018-04-19T00:00:00Z,51911,HIGH_VOLATILITY,0.32383917700432047,0.33098653124839883,0.0,0.5961268742033489,0.4038731257966508,0.0,25,True,,,LONG_SUCCESS,False,1.3261967129807317e-05,0.52,0.48
expanding,2018,2018-04-20T00:00:00Z,51935,NORMAL,0.31209614557650556,0.33235845120329643,0.0,0.402380244291782,0.5108025351149589,0.0,25,True,,,LONG_SUCCESS,False,-0.00017290138957493095,0.44,0.56
expanding,2018,2018-04-21T00:00:00Z,51959,NORMAL,0.35425084428079967,0.3238360202133126,0.0,0.527001659646632,0.4729983403533678,0.0,25,True,,,SHORT_SUCCESS,False,-0.0002838638071603894,0.48,0.52
expanding,2018,2018-04-24T00:00:00Z,51983,HIGH_VOLATILITY,0.3208590636430223,0.3370809345756673,0.0,0.6018749343174065,0.39812506568259365,0.0,25,True,,,SHORT_SUCCESS,False,0.0007607063830323835,0.6,0.4
expanding,2018,2018-04-25T00:00:00Z,52007,NORMAL,0.32970615091071415,0.33227654016032987,0.0,0.5987285797843263,0.4012714202156737,0.0,25,True,,,AMBIGUOUS_PATH,False,0.0001645941754706559,0.52,0.48
expanding,2018,2018-04-26T00:00:00Z,52031,NORMAL,0.3411269308130452,0.3409057700193399,0.0,0.5738692482904593,0.3472357139939117,0.0,25,True,,,SHORT_SUCCESS,False,0.0002904301905695128,0.6,0.4
expanding,2018,2018-04-27T00:00:00Z,52055,VOLATILITY_CONTRACTION,0.31772033601753585,0.33281903859277995,0.0,0.22617342224344775,0.6987349771839241,0.0,25,True,,,LONG_SUCCESS,False,-1.1539258903181526e-05,0.48,0.52
expanding,2018,2018-04-28T00:00:00Z,52079,VOLATILITY_CONTRACTION,0.3415344110118669,0.3264647153207526,0.0,0.48714018758001426,0.4384241727154056,0.0,25,True,,,SHORT_SUCCESS,False,0.000297773141310298,0.6,0.4
expanding,2018,2018-05-01T00:00:00Z,52103,NORMAL,0.32911525952404985,0.33558762635135486,0.0,0.49977423873225285,0.38400837598487686,0.0,25,True,,,SHORT_SUCCESS,False,-0.00020582983374750619,0.44,0.56
expanding,2018,2018-05-02T00:00:00Z,52127,NORMAL,0.3493015738681828,0.3439367436484473,0.0,0.45789637355649593,0.542103626443504,0.0,25,True,,,SHORT_SUCCESS,False,-0.00017546737152895897,0.44,0.56
expanding,2018,2018-05-03T00:00:00Z,52151,NORMAL,0.342473966444013,0.33500891982598674,0.0,0.5224726716286343,0.39950532559317814,0.0,25,True,,,LONG_SUCCESS,False,0.0004591117959000801,0.76,0.24
expanding,2018,2018-05-04T00:00:00Z,52175,NORMAL,0.3239363623612295,0.328917150901556,0.0,0.5652268691201225,0.3955321520516211,0.0,25,True,,,SHORT_SUCCESS,False,7.25738900217987e-05,0.52,0.48
expanding,2018,2018-05-05T00:00:00Z,52199,NORMAL,0.3242465851781863,0.3277347269138168,0.0,0.5262447745960355,0.43683889328041,0.0,25,True,,,SHORT_SUCCESS,False,-0.00010673965321761347,0.4,0.6
expanding,2018,2018-05-08T00:00:00Z,52223,NORMAL,0.32673720980660803,0.33719520119621066,0.0,0.24290186966069024,0.6742379057241915,0.0,25,True,,,SHORT_SUCCESS,False,-0.0006064874544179366,0.36,0.64
expanding,2018,2018-05-09T00:00:00Z,52247,NORMAL,0.32885223240238476,0.3339672508037002,0.0,0.4804208111592563,0.4390058818802963,0.0,25,True,,,LONG_SUCCESS,False,0.0003152553297742777,0.56,0.44
expanding,2018,2018-05-10T00:00:00Z,52271,NORMAL,0.309145261430889,0.3271463048485383,0.0,0.5469368507140808,0.45306314928591923,0.0,25,True,,,SHORT_SUCCESS,False,0.00015937919743658213,0.52,0.48
expanding,2018,2018-05-11T00:00:00Z,52295,NORMAL,0.29753618538732945,0.3222509432986151,0.0,0.4886746092630552,0.39603985930769897,0.0,25,True,,,LONG_SUCCESS,False,0.0005848039066984612,0.68,0.32
expanding,2018,2018-05-12T00:00:00Z,52319,NORMAL,0.31123095721542643,0.31350426603401166,0.0,0.5625858918533561,0.4004424063434068,0.0,25,True,,,LONG_SUCCESS,False,0.0004050316508015239,0.68,0.32
expanding,2018,2018-05-15T00:00:00Z,52343,HIGH_VOLATILITY,0.3467306311645712,0.33609566584204686,0.0,0.6444729986440888,0.35552700135591103,0.0,25,True,,,LONG_SUCCESS,False,0.0001990704700554069,0.52,0.48
expanding,2018,2018-05-16T00:00:00Z,52367,NORMAL,0.3334224794775602,0.33283459588712166,0.0,0.37234386856534585,0.5527883681458214,0.0,25,True,,,SHORT_SUCCESS,False,4.321057633083214e-05,0.52,0.48
expanding,2018,2018-05-17T00:00:00Z,52391,NORMAL,0.34888584924485216,0.34262275972440864,0.0,0.44234413214487234,0.5576558678551276,0.0,25,True,,,LONG_SUCCESS,False,0.00030507957162773103,0.52,0.48
expanding,2018,2018-05-18T00:00:00Z,52415,VOLATILITY_CONTRACTION,0.31616054339666544,0.32655711463989906,0.0,0.42796754473964826,0.533953540382547,0.0,25,True,,,LONG_SUCCESS,False,-0.0003149103408941478,0.44,0.56
expanding,2018,2018-05-19T00:00:00Z,52439,VOLATILITY_CONTRACTION,0.32047394951979125,0.3228181365627207,0.0,0.4805272995831853,0.44459011637475215,0.0,25,True,,,SHORT_SUCCESS,False,0.00013369091710924152,0.52,0.48
expanding,2018,2018-05-22T00:00:00Z,52463,NORMAL,0.33844701917525016,0.33710244821333957,0.0,0.5293634084746438,0.38988516876714174,0.0,25,True,,,AMBIGUOUS_PATH,False,-0.0006224031481252279,0.28,0.72
expanding,2018,2018-05-23T00:00:00Z,52487,LOW_VOLATILITY_RANGE,0.32897363573322386,0.3405696330571489,0.0,0.24056272387018574,0.7594372761298142,0.0,25,True,,,LONG_SUCCESS,False,-0.0006064874544179366,0.2,0.8
expanding,2018,2018-05-24T00:00:00Z,52511,LOW_VOLATILITY_RANGE,0.3195594542872908,0.3371114526447405,0.0,0.23557248928508973,0.7218132025746452,0.0,25,True,,,SHORT_SUCCESS,False,-0.0005108647364961971,0.32,0.68
expanding,2018,2018-05-25T00:00:00Z,52535,NORMAL,0.33927479857957166,0.33468206981535836,0.0,0.5998888703614189,0.32484258531523524,0.0,25,True,,,LONG_SUCCESS,False,0.000445122737604553,0.6,0.4
expanding,2018,2018-05-26T00:00:00Z,52559,NORMAL,0.30457338963226266,0.3187527632059789,0.0,0.5249489218386625,0.3949620433091312,0.0,25,True,,,SHORT_SUCCESS,False,0.00033562058485614443,0.56,0.44
expanding,2018,2018-05-29T00:00:00Z,52583,NORMAL,0.34559413866433886,0.3400131866005422,0.0,0.7646555896613356,0.2353444103386644,0.0,25,True,,,SHORT_SUCCESS,False,-0.0005373604654450581,0.4,0.6
expanding,2018,2018-05-30T00:00:00Z,52607,NORMAL,0.32132362342085835,0.34069055106623314,0.0,0.19353602769059192,0.7649536451891754,0.0,25,True,,,SHORT_SUCCESS,False,-0.0006064874544179366,0.4,0.6
expanding,2018,2018-05-31T00:00:00Z,52631,TRENDING,0.352879981413609,0.34105841486835886,0.0,0.35955064805064896,0.5142260781731,0.0,25,True,,,LONG_SUCCESS,False,-0.00017546737152895897,0.4,0.6
expanding,2018,2018-06-01T00:00:00Z,52655,NORMAL,0.3269990798695027,0.33336701339253055,0.0,0.435701053233142,0.5249263478779833,0.0,25,True,,,SHORT_SUCCESS,False,-0.00020502862335913807,0.44,0.56
expanding,2018,2018-06-02T00:00:00Z,52679,LOW_VOLATILITY_RANGE,0.3304151841473063,0.3267228444728184,0.0,0.5120826004952774,0.4458075419549825,0.0,25,True,,,LONG_SUCCESS,False,3.807484133733219e-05,0.56,0.44
expanding,2018,2018-06-05T00:00:00Z,52703,NORMAL,0.33104553588683466,0.344410412390803,0.0,0.612276484465383,0.3877235155346171,0.0,25,True,,,SHORT_SUCCESS,False,0.0005653672177339253,0.56,0.44
expanding,2018,2018-06-06T00:00:00Z,52727,NORMAL,0.3345656449961236,0.3428101539720889,0.0,0.7159140732794709,0.24374010037373542,0.0,25,True,,,SHORT_SUCCESS,False,0.0004130173429881534,0.52,0.48
expanding,2018,2018-06-07T00:00:00Z,52751,NORMAL,0.3111629958741488,0.32862742666934314,0.0,0.4045605399249136,0.4771846253422366,0.0,25,True,,,SHORT_SUCCESS,False,-0.0003583743502587611,0.32,0.68
expanding,2018,2018-06-08T00:00:00Z,52775,NORMAL,0.33937186230555766,0.3354016758688017,0.0,0.3965604548436395,0.6034395451563603,0.0,25,True,,,LONG_SUCCESS,False,0.0003319349493717816,0.56,0.44
expanding,2018,2018-06-09T00:00:00Z,52799,NORMAL,0.3489415325451259,0.33436160166930534,0.0,0.3934070893251903,0.5669580733980353,0.0,25,True,,,LONG_SUCCESS,False,6.922491051208901e-05,0.52,0.48
expanding,2018,2018-06-12T00:00:00Z,52823,NORMAL,0.34301355720049614,0.33955890270908723,0.0,0.6791086232570266,0.3208913767429735,0.0,25,True,,,SHORT_SUCCESS,False,0.000373873534020408,0.6,0.4
expanding,2018,2018-06-13T00:00:00Z,52847,NORMAL,0.34474150911930185,0.3329387175751273,0.0,0.3902467126177248,0.5697892752176174,0.0,25,True,,,SHORT_SUCCESS,False,-0.0002838638071603894,0.44,0.56
expanding,2018,2018-06-14T00:00:00Z,52871,HIGH_VOLATILITY,0.3385206801155312,0.3347084111707291,0.0,0.5103851099551849,0.45011351637894137,0.0,25,True,,,LONG_SUCCESS,False,4.321057633083214e-05,0.52,0.48
expanding,2018,2018-06-15T00:00:00Z,52895,NORMAL,0.32743948075368656,0.3347195711473121,0.0,0.55004751604665,0.4104090007186118,0.0,25,True,,,SHORT_SUCCESS,False,-4.998031447611684e-05,0.44,0.56
expanding,2018,2018-06-16T00:00:00Z,52919,NORMAL,0.33109920328810744,0.3243171341163648,0.0,0.37730857756506575,0.4700885360897821,0.0,25,True,,,LONG_SUCCESS,False,-0.0006242093942270266,0.32,0.68
expanding,2018,2018-06-19T00:00:00Z,52943,NORMAL,0.34891886363989677,0.3381679615121218,0.0,0.5497152311302346,0.40942735848107875,0.0,25,True,,,AMBIGUOUS_PATH,False,0.000735399017567584,0.64,0.36
expanding,2018,2018-06-20T00:00:00Z,52967,NORMAL,0.31700032126239297,0.332003758299816,0.0,0.3208866208034549,0.6030830038608875,0.0,25,True,,,LONG_SUCCESS,False,-0.00018879117043957283,0.44,0.56
expanding,2018,2018-06-21T00:00:00Z,52991,NORMAL,0.32492595390041235,0.3345463123576733,0.0,0.4460724974392444,0.5539275025607558,0.0,25,True,,,SHORT_SUCCESS,False,-0.00031132045470372294,0.44,0.56
expanding,2018,2018-06-22T00:00:00Z,53015,NORMAL,0.3372532152417797,0.33117732415723733,0.0,0.5616968702228713,0.397940002820619,0.0,25,True,,,LONG_SUCCESS,False,0.00023479197722187095,0.6,0.4
expanding,2018,2018-06-23T00:00:00Z,53039,NORMAL,0.3240025032642378,0.3306620491333414,0.0,0.4808379550717306,0.5191620449282696,0.0,25,True,,,LONG_SUCCESS,False,0.00042987216933720873,0.6,0.4
expanding,2018,2018-06-26T00:00:00Z,53063,NORMAL,0.32948929741319355,0.3362598219134401,0.0,0.6388456164131197,0.3176444011762294,0.0,25,True,,,SHORT_SUCCESS,False,0.0004630525002886632,0.56,0.44
expanding,2018,2018-06-27T00:00:00Z,53087,NORMAL,0.31990096432632864,0.33893817671246446,0.0,0.2637967541308696,0.6548965491042016,0.0,25,True,,,SHORT_SUCCESS,False,-0.00031132045470372294,0.4,0.6
expanding,2018,2018-06-28T00:00:00Z,53111,VOLATILITY_CONTRACTION,0.3324751752261495,0.3324084502382498,0.0,0.35342861049127977,0.6042561265468803,0.0,25,True,,,SHORT_SUCCESS,False,7.248298710749168e-05,0.6,0.4
expanding,2018,2018-06-29T00:00:00Z,53135,NORMAL,0.3107571543562096,0.3316631037900667,0.0,0.40607336583699205,0.5532700940739209,0.0,25,True,,,AMBIGUOUS_PATH,False,0.00032587085037305563,0.6,0.4
expanding,2018,2018-06-30T00:00:00Z,53159,NORMAL,0.33032914040923544,0.3359029266049543,0.0,0.6085134839327568,0.3914865160672432,0.0,25,True,,,LONG_SUCCESS,False,-0.0001813395780428939,0.44,0.56
expanding,2018,2018-07-03T00:00:00Z,53183,NORMAL,0.3446413680488233,0.3415437286577284,0.0,0.48302668771270385,0.5169733122872959,0.0,25,True,,,LONG_SUCCESS,False,3.193073452223416e-05,0.52,0.48
expanding,2018,2018-07-04T00:00:00Z,53207,NORMAL,0.3397429882219826,0.340810586232101,0.0,0.5532109375619387,0.4467890624380611,0.0,25,True,,,LONG_SUCCESS,False,0.0003872226845369475,0.56,0.44
expanding,2018,2018-07-05T00:00:00Z,53231,NORMAL,0.325118871263505,0.3350544545246004,0.0,0.3902856198226971,0.6097143801773032,0.0,25,True,,,SHORT_SUCCESS,False,0.0002549847741275535,0.56,0.44
expanding,2018,2018-07-06T00:00:00Z,53255,NORMAL,0.3170600097813957,0.3356373172675817,0.0,0.32620536417115503,0.6737946358288448,0.0,25,True,,,LONG_SUCCESS,False,-0.0002209219679466523,0.44,0.56
expanding,2018,2018-07-07T00:00:00Z,53279,NORMAL,0.32024495651236484,0.3299527494729856,0.0,0.5184765884518863,0.4815234115481137,0.0,25,True,,,LONG_SUCCESS,False,0.00028135583100863393,0.6,0.4
expanding,2018,2018-07-10T00:00:00Z,53303,NORMAL,0.3197084934567962,0.33723002095313787,0.0,0.44142614119151735,0.48327939774117534,0.0,25,True,,,AMBIGUOUS_PATH,False,-0.0007541709257230522,0.36,0.64
expanding,2018,2018-07-11T00:00:00Z,53327,NORMAL,0.3292474646841621,0.3379751846439083,0.0,0.596033135795235,0.32837600430001745,0.0,25,True,,,LONG_SUCCESS,False,0.0007558288173985517,0.68,0.32
expanding,2018,2018-07-12T00:00:00Z,53351,VOLATILITY_EXPANSION,0.3426658487069654,0.3387223496457306,0.0,0.5138501583698729,0.48614984163012676,0.0,25,True,,,LONG_SUCCESS,False,-7.115640702437531e-06,0.48,0.52
expanding,2018,2018-07-13T00:00:00Z,53375,VOLATILITY_EXPANSION,0.3437021886083093,0.33412917860459707,0.0,0.517214076609075,0.4827859233909252,0.0,25,True,,,LONG_SUCCESS,False,0.0002575208419350883,0.56,0.44
expanding,2018,2018-07-14T00:00:00Z,53399,HIGH_VOLATILITY,0.3203392323499352,0.32789387872556053,0.0,0.5204104003617592,0.4404651404998994,0.0,25,True,,,LONG_SUCCESS,False,-0.00010818208529883577,0.44,0.56
expanding,2018,2018-07-17T00:00:00Z,53423,HIGH_VOLATILITY,0.3409371581867627,0.33039153675267063,0.0,0.6779005513292148,0.2762210245680028,0.0,25,True,,,SHORT_SUCCESS,False,0.0005973922773492291,0.64,0.36
expanding,2018,2018-07-18T00:00:00Z,53447,HIGH_VOLATILITY,0.34043063775943794,0.3396372504498185,0.0,0.405560644192437,0.5163390554271826,0.0,25,True,,,SHORT_SUCCESS,False,0.000574522608363548,0.68,0.32
expanding,2018,2018-07-19T00:00:00Z,53471,HIGH_VOLATILITY,0.31472158127006006,0.32896477372567595,0.0,0.6443521269642858,0.23854310633890172,0.0,25,True,,,SHORT_SUCCESS,False,0.0009274348972541091,0.64,0.36
expanding,2018,2018-07-20T00:00:00Z,53495,NORMAL,0.3195218611349648,0.3269866056531629,0.0,0.39330968874707434,0.5264083119201972,0.0,25,True,,,AMBIGUOUS_PATH,False,-0.0004579790812248019,0.4,0.6
expanding,2018,2018-07-21T00:00:00Z,53519,NORMAL,0.3457475730464585,0.3256422013203316,0.0,0.4843904192232274,0.43755001048206366,0.0,25,True,,,SHORT_SUCCESS,False,0.000297773141310298,0.64,0.36
expanding,2018,2018-07-24T00:00:00Z,53543,HIGH_VOLATILITY,0.33960471691336785,0.3311890747335532,0.0,0.5233616856458129,0.4766383143541872,0.0,25,True,,,SHORT_SUCCESS,False,-0.0002477705231320737,0.4,0.6
expanding,2018,2018-07-25T00:00:00Z,53567,HIGH_VOLATILITY,0.34556297588768614,0.339647074122242,0.0,0.6413853030100095,0.35861469698999043,0.0,25,True,,,LONG_SUCCESS,False,0.0009030398227869441,0.72,0.28
expanding,2018,2018-07-26T00:00:00Z,53591,HIGH_VOLATILITY,0.35690006099827304,0.3384688477532395,0.0,0.4867407513989341,0.5132592486010659,0.0,25,True,,,LONG_SUCCESS,False,0.00030507957162773103,0.56,0.44
expanding,2018,2018-07-27T00:00:00Z,53615,NORMAL,0.33812868439872706,0.3313214832922528,0.0,0.5142433556675385,0.444072305215214,0.0,25,True,,,LONG_SUCCESS,False,0.0007081475131078818,0.68,0.32
expanding,2018,2018-07-28T00:00:00Z,53639,NORMAL,0.3487917002541246,0.32817690453399645,0.0,0.4706920866275355,0.5293079133724646,0.0,25,True,,,SHORT_SUCCESS,False,-0.001151702360075002,0.4,0.6
expanding,2018,2018-07-31T00:00:00Z,53663,VOLATILITY_CONTRACTION,0.34142332699615213,0.33818138683224663,0.0,0.476753425057007,0.48118249638432264,0.0,25,True,,,LONG_SUCCESS,False,-0.0004581009120045998,0.4,0.6
expanding,2018,2018-08-01T00:00:00Z,53687,NORMAL,0.32592421331650084,0.3280044649608653,0.0,0.6099690066274664,0.35089171640197275,0.0,25,True,,,LONG_SUCCESS,False,0.00063905795603314,0.64,0.36
expanding,2018,2018-08-02T00:00:00Z,53711,HIGH_VOLATILITY,0.3304936059853537,0.3340269025498378,0.0,0.4961045789475843,0.5038954210524158,0.0,25,True,,,LONG_SUCCESS,False,-0.00027521650975814715,0.48,0.52
expanding,2018,2018-08-03T00:00:00Z,53735,NORMAL,0.32723863822323246,0.3339369211982398,0.0,0.5610222821847487,0.4389777178152513,0.0,25,True,,,LONG_SUCCESS,False,7.724657973473548e-05,0.52,0.48
expanding,2018,2018-08-04T00:00:00Z,53759,VOLATILITY_CONTRACTION,0.2992818077423881,0.32273828625782597,0.0,0.4322932828297298,0.5677067171702699,0.0,25,True,,,SHORT_SUCCESS,False,-0.00021020306886498918,0.44,0.56
expanding,2018,2018-08-07T00:00:00Z,53783,NORMAL,0.3325778397075769,0.3278681162302613,0.0,0.5288390809818088,0.39388278214815714,0.0,25,True,,,SHORT_SUCCESS,False,-0.0001798999492719222,0.48,0.52
expanding,2018,2018-08-08T00:00:00Z,53807,VOLATILITY_EXPANSION,0.32534051276863735,0.3276901810595042,0.0,0.5930430450536753,0.40695695494632456,0.0,25,True,,,SHORT_SUCCESS,False,-0.0007211953219316003,0.44,0.56
expanding,2018,2018-08-09T00:00:00Z,53831,VOLATILITY_EXPANSION,0.33728858960439917,0.3308001616402204,0.0,0.43451430895203264,0.5654856910479672,0.0,25,True,,,LONG_SUCCESS,False,8.040601018843851e-05,0.56,0.44
expanding,2018,2018-08-10T00:00:00Z,53855,NORMAL,0.3175159616646456,0.3322096125766137,0.0,0.4465816001906189,0.43470587380468934,0.0,25,True,,,SHORT_SUCCESS,False,0.0002705414455475008,0.64,0.36
expanding,2018,2018-08-11T00:00:00Z,53879,NORMAL,0.3417704494886252,0.3324614225330055,0.0,0.4728294104799092,0.4906569414256166,0.0,25,True,,,SHORT_SUCCESS,False,-0.00017584975127282743,0.44,0.56
expanding,2018,2018-08-14T00:00:00Z,53903,VOLATILITY_CONTRACTION,0.3231444400592642,0.3338707429943999,0.0,0.36673473125409367,0.5828811442236365,0.0,25,True,,,LONG_SUCCESS,False,-0.00056995932926307,0.28,0.72
expanding,2018,2018-08-15T00:00:00Z,53927,NORMAL,0.32548423236691665,0.3414478529158522,0.0,0.4467009530437092,0.5532990469562907,0.0,25,True,,,LONG_SUCCESS,False,0.0002304859850588148,0.52,0.48
expanding,2018,2018-08-16T00:00:00Z,53951,NORMAL,0.3252501888910157,0.3326681738700006,0.0,0.5610176336507182,0.36105800125276427,0.0,25,True,,,SHORT_SUCCESS,False,0.00028135583100863393,0.64,0.36
expanding,2018,2018-08-17T00:00:00Z,53975,NORMAL,0.3308654502028757,0.32768818612704753,0.0,0.38981358537431504,0.5281061210854896,0.0,25,True,,,SHORT_SUCCESS,False,0.00028376842241262246,0.56,0.44
expanding,2018,2018-08-18T00:00:00Z,53999,VOLATILITY_EXPANSION,0.3483689805176629,0.32557867406271784,0.0,0.6034309298950488,0.35339361421365695,0.0,25,True,,,LONG_SUCCESS,False,0.0005168777573310024,0.64,0.36
expanding,2018,2018-08-21T00:00:00Z,54023,HIGH_VOLATILITY,0.3353983312207318,0.3361902341879643,0.0,0.5454906652980579,0.45450933470194216,0.0,25,True,,,AMBIGUOUS_PATH,False,0.00022131000818470525,0.56,0.44
expanding,2018,2018-08-22T00:00:00Z,54047,NORMAL,0.32338700150818367,0.3396272266460324,0.0,0.5244784337205111,0.43579238328653874,0.0,25,True,,,SHORT_SUCCESS,False,-0.00016225951836568164,0.36,0.64
expanding,2018,2018-08-23T00:00:00Z,54071,NORMAL,0.3218415324061549,0.3348672367316066,0.0,0.4409951123610106,0.47076082920538087,0.0,25,True,,,LONG_SUCCESS,False,0.0006427324977584803,0.56,0.44
expanding,2018,2018-08-24T00:00:00Z,54095,NORMAL,0.33001573034459397,0.3323422841729596,0.0,0.550168846304737,0.4498311536952628,0.0,25,True,,,LONG_SUCCESS,False,0.0007560332319409557,0.64,0.36
expanding,2018,2018-08-25T00:00:00Z,54119,HIGH_VOLATILITY,0.3422487116669518,0.3224826807051368,0.0,0.4262910682580926,0.49585370680535285,0.0,25,True,,,SHORT_SUCCESS,False,-0.0003749393883432095,0.4,0.6
expanding,2018,2018-08-28T00:00:00Z,54143,NORMAL,0.35637210510023365,0.3454060615909544,0.0,0.4838377547135439,0.516162245286456,0.0,25,True,,,LONG_SUCCESS,False,0.0001836999306195075,0.6,0.4
expanding,2018,2018-08-29T00:00:00Z,54167,NORMAL,0.35135445147606054,0.3446451429539893,0.0,0.47221754543324773,0.49005959948064426,0.0,25,True,,,SHORT_SUCCESS,False,-7.257765660362292e-05,0.48,0.52
expanding,2018,2018-08-30T00:00:00Z,54191,HIGH_VOLATILITY,0.3544276642791123,0.34625581446872655,0.0,0.3913066261175269,0.6086933738824734,0.0,25,True,,,LONG_SUCCESS,False,0.0005433696789154396,0.52,0.48
expanding,2018,2018-08-31T00:00:00Z,54215,VOLATILITY_CONTRACTION,0.3351960485637134,0.33636741947192433,0.0,0.7201153022846771,0.2798846977153229,0.0,25,True,,,LONG_SUCCESS,False,0.00026022355958454924,0.52,0.48
expanding,2018,2018-09-01T00:00:00Z,54239,VOLATILITY_CONTRACTION,0.3050042417631845,0.3274842063721017,0.0,0.5386388966867084,0.4613611033132916,0.0,25,True,,,LONG_SUCCESS,False,0.0004050316508015239,0.52,0.48
expanding,2018,2018-09-04T00:00:00Z,54263,NORMAL,0.3337766589655214,0.333987313883618,0.0,0.2816941828890698,0.548241444720699,0.0,25,True,,,AMBIGUOUS_PATH,False,-0.0003537718846209348,0.44,0.56
expanding,2018,2018-09-05T00:00:00Z,54287,NORMAL,0.34081403947476946,0.3500255410825341,0.0,0.61405956184898,0.38594043815101997,0.0,25,True,,,LONG_SUCCESS,False,-0.00021028500948183648,0.4,0.6
expanding,2018,2018-09-06T00:00:00Z,54311,NORMAL,0.3297094643019908,0.341438320604895,0.0,0.4337353661117812,0.43207891597386605,0.0,25,True,,,LONG_SUCCESS,False,0.0003152553297742777,0.56,0.44
expanding,2018,2018-09-07T00:00:00Z,54335,NORMAL,0.33991748756538487,0.33242117291202694,0.0,0.5653332026370188,0.3948235444278714,0.0,25,True,,,SHORT_SUCCESS,False,0.00026022355958454924,0.56,0.44
expanding,2018,2018-09-08T00:00:00Z,54359,NORMAL,0.3392986641062317,0.3334259556601783,0.0,0.36554911739850754,0.5576663570348078,0.0,25,True,,,LONG_SUCCESS,False,1.7778193859285807e-06,0.52,0.48
expanding,2018,2018-09-11T00:00:00Z,54383,VOLATILITY_CONTRACTION,0.34083194321934546,0.3331585360455969,0.0,0.4741860332969182,0.4879917660393927,0.0,25,True,,,LONG_SUCCESS,False,-0.00043064149114324657,0.44,0.56
expanding,2018,2018-09-12T00:00:00Z,54407,VOLATILITY_EXPANSION,0.3372227083051266,0.3371262174158354,0.0,0.5176565656014638,0.4024840007763022,0.0,25,True,,,LONG_SUCCESS,False,4.321057633083214e-05,0.52,0.48
expanding,2018,2018-09-13T00:00:00Z,54431,NORMAL,0.33116187366080807,0.33318739644060036,0.0,0.5271827885392809,0.3542210968157207,0.0,25,True,,,LONG_SUCCESS,False,-7.302209055959352e-05,0.48,0.52
expanding,2018,2018-09-14T00:00:00Z,54455,HIGH_VOLATILITY,0.33924729808810494,0.32554486943803707,0.0,0.40460524288359834,0.516446430521221,0.0,25,True,,,LONG_SUCCESS,False,0.00023479197722187095,0.52,0.48
expanding,2018,2018-09-15T00:00:00Z,54479,VOLATILITY_CONTRACTION,0.3310585143161415,0.3313853146952301,0.0,0.4379482059408782,0.5217563983383688,0.0,25,True,,,SHORT_SUCCESS,False,-0.00044399366293146336,0.44,0.56
expanding,2018,2018-09-18T00:00:00Z,54503,NORMAL,0.33871276562922353,0.32862892729964044,0.0,0.27171744432321354,0.6000968977760026,0.0,25,True,,,LONG_SUCCESS,False,-0.0008492731448153101,0.48,0.52
expanding,2018,2018-09-19T00:00:00Z,54527,NORMAL,0.3385360039467464,0.33789723019018314,0.0,0.438209212008613,0.561790787991387,0.0,25,True,,,SHORT_SUCCESS,False,-0.000178844519928556,0.48,0.52
expanding,2018,2018-09-20T00:00:00Z,54551,LOW_VOLATILITY_RANGE,0.3335494040993224,0.3293663377885755,0.0,0.4470869481925343,0.5529130518074655,0.0,25,True,,,SHORT_SUCCESS,False,-0.00017965136295849948,0.48,0.52
expanding,2018,2018-09-21T00:00:00Z,54575,TRENDING,0.34452252571213,0.3334850595973316,0.0,0.4695435720402983,0.44714376133593026,0.0,25,True,,,LONG_SUCCESS,False,-0.00034341124451264804,0.36,0.64
expanding,2018,2018-09-22T00:00:00Z,54599,NORMAL,0.33371483885338077,0.32740839787418846,0.0,0.5643569586559918,0.39564763051297236,0.0,25,True,,,SHORT_SUCCESS,False,-0.0003246657241360307,0.44,0.56
expanding,2018,2018-09-25T00:00:00Z,54623,NORMAL,0.32208387190658533,0.33581230229056225,0.0,0.4772827328445455,0.48593696156893,0.0,25,True,,,SHORT_SUCCESS,False,0.0007209696424714807,0.64,0.36
expanding,2018,2018-09-26T00:00:00Z,54647,NORMAL,0.31471270814150104,0.3417140546630985,0.0,0.1920273039837324,0.7325826504860314,0.0,25,True,,,LONG_SUCCESS,False,-0.0006628815066084259,0.4,0.6
expanding,2018,2018-09-27T00:00:00Z,54671,NORMAL,0.3418921824193534,0.3410207649589402,0.0,0.4356874966949349,0.5249518646976414,0.0,25,True,,,AMBIGUOUS_PATH,False,-0.00025112203619936935,0.36,0.64
expanding,2018,2018-09-28T00:00:00Z,54695,NORMAL,0.3176625849862364,0.3334764104657466,0.0,0.4823105849322532,0.4421983154821794,0.0,25,True,,,SHORT_SUCCESS,False,-5.0319556070932414e-05,0.48,0.52
expanding,2018,2018-09-29T00:00:00Z,54719,VOLATILITY_CONTRACTION,0.31034191584591786,0.32317890082864775,0.0,0.5004595008050727,0.4245692603904705,0.0,25,True,,,SHORT_SUCCESS,False,-0.0001262744039511876,0.44,0.56
expanding,2018,2018-10-02T00:00:00Z,54743,NORMAL,0.313373407728829,0.3213574358464646,0.0,0.36872561357158096,0.631274386428419,0.0,25,True,,,SHORT_SUCCESS,False,-0.00044815160343480986,0.28,0.72
expanding,2018,2018-10-03T00:00:00Z,54767,NORMAL,0.30326018484221196,0.3282053603024556,0.0,0.4271460789934289,0.5305505446294385,0.0,25,True,,,SHORT_SUCCESS,False,0.00013153914334251837,0.52,0.48
expanding,2018,2018-10-04T00:00:00Z,54791,NORMAL,0.30950313327332013,0.3406132025487106,0.0,0.39284842230611017,0.5703119819684414,0.0,25,True,,,SHORT_SUCCESS,False,-0.0002209219679466523,0.4,0.6
expanding,2018,2018-10-05T00:00:00Z,54815,LOW_VOLATILITY_RANGE,0.33358072255823096,0.32758520901103694,0.0,0.6690218149098107,0.2929641089487902,0.0,25,True,,,LONG_SUCCESS,False,0.0007560332319409557,0.68,0.32
expanding,2018,2018-10-06T00:00:00Z,54839,VOLATILITY_EXPANSION,0.3500272322242548,0.329674931048821,0.0,0.4466121858959006,0.5057045464898141,0.0,25,True,,,SHORT_SUCCESS,False,0.00015304929421677826,0.6,0.4
expanding,2018,2018-10-09T00:00:00Z,54863,NORMAL,0.32302480648714277,0.3400131374421425,0.0,0.6733371200165836,0.32666287998341625,0.0,25,True,,,SHORT_SUCCESS,False,0.000751147801504759,0.6,0.4
expanding,2018,2018-10-10T00:00:00Z,54887,NORMAL,0.3330268557926522,0.334691747315381,0.0,0.28045760811283776,0.7195423918871623,0.0,25,True,,,SHORT_SUCCESS,False,-0.0005168055751245682,0.44,0.56
expanding,2018,2018-10-11T00:00:00Z,54911,NORMAL,0.3383091356316372,0.3281659219779627,0.0,0.4894064727415928,0.5105935272584073,0.0,25,True,,,SHORT_SUCCESS,False,9.523878405359731e-05,0.52,0.48
expanding,2018,2018-10-12T00:00:00Z,54935,NORMAL,0.30678096193739807,0.32198378222384116,0.0,0.5181081567019785,0.3268240001876655,0.0,25,True,,,LONG_SUCCESS,False,0.000902458386778493,0.64,0.36
expanding,2018,2018-10-13T00:00:00Z,54959,NORMAL,0.3276291401324393,0.33179764805713496,0.0,0.4289663594068447,0.5248156015023839,0.0,25,True,,,LONG_SUCCESS,False,-0.0007424994783140626,0.44,0.56
expanding,2018,2018-10-16T00:00:00Z,54983,VOLATILITY_EXPANSION,0.3288070049547647,0.33402186333718564,0.0,0.6046881372122731,0.35629329633390366,0.0,25,True,,,SHORT_SUCCESS,False,0.0005511526193378025,0.56,0.44
expanding,2018,2018-10-17T00:00:00Z,55007,NORMAL,0.3390272918086587,0.3315001188328377,0.0,0.6484102108336689,0.35158978916633105,0.0,25,True,,,SHORT_SUCCESS,False,0.00019658050246085246,0.56,0.44
expanding,2018,2018-10-18T00:00:00Z,55031,NORMAL,0.32399387014489717,0.3367488033312419,0.0,0.4856820652882828,0.43317452725780164,0.0,25,True,,,LONG_SUCCESS,False,0.000881018328322325,0.76,0.24
expanding,2018,2018-10-19T00:00:00Z,55055,NORMAL,0.3296953308672139,0.3274724767897622,0.0,0.47792896239027516,0.48041617706228096,0.0,25,True,,,AMBIGUOUS_PATH,False,0.0005481676839482752,0.52,0.48
expanding,2018,2018-10-20T00:00:00Z,55079,NORMAL,0.3358286551472098,0.33474039246730225,0.0,0.39061458814384326,0.5637838489927848,0.0,25,True,,,SHORT_SUCCESS,False,-0.00017509235441171,0.48,0.52
expanding,2018,2018-10-23T00:00:00Z,55103,NORMAL,0.3435568554750627,0.3402497172181637,0.0,0.6493212527741579,0.3143146250280583,0.0,25,True,,,SHORT_SUCCESS,False,0.0006967332253773328,0.64,0.36
expanding,2018,2018-10-24T00:00:00Z,55127,NORMAL,0.3232334890858256,0.3409033433600606,0.0,0.32457784808570683,0.6754221519142932,0.0,25,True,,,SHORT_SUCCESS,False,-0.00032879266010887864,0.32,0.68
expanding,2018,2018-10-25T00:00:00Z,55151,VOLATILITY_CONTRACTION,0.3002535829013597,0.3193981264539721,0.0,0.35468017052601053,0.5684656111364804,0.0,25,True,,,LONG_SUCCESS,False,-5.0319556070932414e-05,0.48,0.52
expanding,2018,2018-10-26T00:00:00Z,55175,NORMAL,0.3378971242266001,0.3364859394939482,0.0,0.3524957867017848,0.5294651685932059,0.0,25,True,,,LONG_SUCCESS,False,0.0006609035412048492,0.6,0.4
expanding,2018,2018-10-27T00:00:00Z,55199,LOW_VOLATILITY_RANGE,0.3406253701098248,0.33134670682582273,0.0,0.478865494098921,0.3970476040021726,0.0,25,True,,,SHORT_SUCCESS,False,0.0012175968985155272,0.64,0.36
expanding,2018,2018-10-30T00:00:00Z,55223,NORMAL,0.34844202831523063,0.3431762009194087,0.0,0.6816333320454091,0.3183666679545911,0.0,25,True,,,SHORT_SUCCESS,False,-0.0004536699660329102,0.44,0.56
expanding,2018,2018-10-31T00:00:00Z,55247,NORMAL,0.31851214130217165,0.3347344796192315,0.0,0.48283698489267307,0.4373607394634128,0.0,25,True,,,SHORT_SUCCESS,False,-0.00018879117043957283,0.44,0.56
expanding,2018,2018-11-01T00:00:00Z,55271,NORMAL,0.3448016688360874,0.3393294756097147,0.0,0.4433609166423276,0.4358431498054103,0.0,25,True,,,SHORT_SUCCESS,False,-0.00017546737152895897,0.44,0.56
expanding,2018,2018-11-02T00:00:00Z,55295,NORMAL,0.33243611972517245,0.3353358604703453,0.0,0.3621059009733683,0.6001270226009704,0.0,25,True,,,LONG_SUCCESS,False,0.0003319349493717816,0.6,0.4
expanding,2018,2018-11-03T00:00:00Z,55319,NORMAL,0.3315502870428102,0.3301394325939007,0.0,0.39470401302019575,0.5576381181204413,0.0,25,True,,,LONG_SUCCESS,False,0.000794909910738717,0.6,0.4
expanding,2018,2018-11-06T00:00:00Z,55343,NORMAL,0.342284543313125,0.33648523150237375,0.0,0.7676646225768593,0.2323353774231405,0.0,25,True,,,SHORT_SUCCESS,False,-0.0003788763989753807,0.4,0.6
expanding,2018,2018-11-07T00:00:00Z,55367,TRENDING,0.34222119061106615,0.3332817082744062,0.0,0.4798937310728304,0.4808963260842246,0.0,25,True,,,AMBIGUOUS_PATH,False,-0.00012353457949909608,0.48,0.52
expanding,2018,2018-11-08T00:00:00Z,55391,VOLATILITY_EXPANSION,0.3165345392527732,0.3302803176596702,0.0,0.4835229655132463,0.4744173082826923,0.0,25,True,,,LONG_SUCCESS,False,-0.00027521650975814715,0.44,0.56
expanding,2018,2018-11-09T00:00:00Z,55415,HIGH_VOLATILITY,0.3331835669826193,0.32895047885797113,0.0,0.5546994628859352,0.40619235258235675,0.0,25,True,,,LONG_SUCCESS,False,-0.00027125018169993353,0.48,0.52
expanding,2018,2018-11-10T00:00:00Z,55439,NORMAL,0.31950190610857204,0.3306659395212166,0.0,0.40710966826996503,0.5928903317300348,0.0,25,True,,,LONG_SUCCESS,False,0.0013508506034374257,0.64,0.36
expanding,2018,2018-11-13T00:00:00Z,55463,NORMAL,0.32677728158628294,0.33494794709558556,0.0,0.5202584977039264,0.44016507338973926,0.0,25,True,,,LONG_SUCCESS,False,2.5534697426943254e-05,0.52,0.48
expanding,2018,2018-11-14T00:00:00Z,55487,NORMAL,0.34453235627462064,0.33984322337499967,0.0,0.4798740193850807,0.474813291461566,0.0,25,True,,,LONG_SUCCESS,False,0.0003072612849477352,0.6,0.4
expanding,2018,2018-11-15T00:00:00Z,55511,VOLATILITY_CONTRACTION,0.35130664384669064,0.3413949157384256,0.0,0.43834288505786767,0.4860566131267852,0.0,25,True,,,SHORT_SUCCESS,False,-0.000143853167721808,0.44,0.56
expanding,2018,2018-11-16T00:00:00Z,55535,NORMAL,0.3099622890072787,0.3290552230138692,0.0,0.5265727538708544,0.3968133031096657,0.0,25,True,,,SHORT_SUCCESS,False,0.0006021799347002421,0.6,0.4
expanding,2018,2018-11-17T00:00:00Z,55559,VOLATILITY_CONTRACTION,0.33528898053609474,0.3299866688064353,0.0,0.4791585872108919,0.47858256474142086,0.0,25,True,,,SHORT_SUCCESS,False,-0.00027615172995165693,0.48,0.52
expanding,2018,2018-11-20T00:00:00Z,55583,NORMAL,0.34754065480726803,0.33077347685582575,0.0,0.5248464869995663,0.4751535130004338,0.0,25,True,,,AMBIGUOUS_PATH,False,-0.00012526418013325546,0.48,0.52
expanding,2018,2018-11-21T00:00:00Z,55607,NORMAL,0.3320726524798003,0.3260584791169145,0.0,0.44137552832773297,0.5586244716722668,0.0,25,True,,,SHORT_SUCCESS,False,-0.0007794253864275014,0.4,0.6
expanding,2018,2018-11-22T00:00:00Z,55631,NORMAL,0.3227193310797968,0.33298552924127506,0.0,0.2949133569634732,0.5867479904170628,0.0,25,True,,,SHORT_SUCCESS,False,-0.00046137150158742646,0.48,0.52
expanding,2018,2018-11-23T00:00:00Z,55655,NORMAL,0.3283362412423615,0.33271649704083,0.0,0.542790287662753,0.4178313271532652,0.0,25,True,,,LONG_SUCCESS,False,0.0004185619405807639,0.56,0.44
expanding,2018,2018-11-24T00:00:00Z,55679,HIGH_VOLATILITY,0.33676163945958637,0.3259718824450036,0.0,0.43146634653407273,0.48419303850344136,0.0,25,True,,,SHORT_SUCCESS,False,-0.00023256638101842864,0.48,0.52
expanding,2018,2018-11-27T00:00:00Z,55703,HIGH_VOLATILITY,0.3286978647375974,0.3367872355871228,0.0,0.600279499241785,0.3554301860925813,0.0,25,True,,,SHORT_SUCCESS,False,0.0001202374229227754,0.56,0.44
expanding,2018,2018-11-28T00:00:00Z,55727,HIGH_VOLATILITY,0.3456531899838115,0.3304520135734039,0.0,0.47886852248356826,0.44650500552193556,0.0,25,True,,,LONG_SUCCESS,False,0.0004065184011556866,0.6,0.4
expanding,2018,2018-11-29T00:00:00Z,55751,NORMAL,0.33371863621089193,0.3368443797313336,0.0,0.48111895451161807,0.5188810454883821,0.0,25,True,,,SHORT_SUCCESS,False,-0.00032765635697618034,0.44,0.56
expanding,2018,2018-11-30T00:00:00Z,55775,NORMAL,0.32879600800128134,0.3271873270427402,0.0,0.5259315842016108,0.3896668655997036,0.0,25,True,,,LONG_SUCCESS,False,-0.00027521650975814715,0.44,0.56
expanding,2018,2018-12-01T00:00:00Z,55799,NORMAL,0.35600607882785384,0.33350978581803,0.0,0.445433975032323,0.5545660249676769,0.0,25,True,,,SHORT_SUCCESS,False,0.0007105044704767138,0.6,0.4
expanding,2018,2018-12-04T00:00:00Z,55823,NORMAL,0.36385215993199427,0.3354646860420291,0.0,0.5662038464939986,0.43379615350600137,0.0,25,True,,,LONG_SUCCESS,False,0.0003123458459963757,0.52,0.48
expanding,2018,2018-12-05T00:00:00Z,55847,NORMAL,0.33906784049080024,0.33722482175819096,0.0,0.5198477682889431,0.4385269175045713,0.0,25,True,,,LONG_SUCCESS,False,-0.0007520451264428907,0.36,0.64
expanding,2018,2018-12-06T00:00:00Z,55871,NORMAL,0.3233681581033735,0.33271434452935605,0.0,0.4742134651518701,0.48818449051467105,0.0,25,True,,,LONG_SUCCESS,False,0.00019836542737738938,0.56,0.44
expanding,2018,2018-12-07T00:00:00Z,55895,HIGH_VOLATILITY,0.33497607515148387,0.33395349229770965,0.0,0.5162131366504604,0.40632869842438085,0.0,25,True,,,LONG_SUCCESS,False,0.0006124980315163064,0.52,0.48
expanding,2018,2018-12-08T00:00:00Z,55919,HIGH_VOLATILITY,0.32986318391853314,0.3276402988956475,0.0,0.3569015431678477,0.6049760103386279,0.0,25,True,,,SHORT_SUCCESS,False,-0.0004622824188342811,0.28,0.72
expanding,2018,2018-12-11T00:00:00Z,55943,NORMAL,0.32570975984716205,0.33233813719510286,0.0,0.4444877788645417,0.43426213385454293,0.0,25,True,,,SHORT_SUCCESS,False,-8.392835032022816e-05,0.48,0.52
expanding,2018,2018-12-12T00:00:00Z,55967,NORMAL,0.3203575420096891,0.33031158658488113,0.0,0.5300721427378465,0.4313501664784681,0.0,25,True,,,LONG_SUCCESS,False,0.0005848039066984612,0.6,0.4
expanding,2018,2018-12-13T00:00:00Z,55991,NORMAL,0.3269794066028013,0.33702230483678886,0.0,0.6336601894251893,0.36633981057481096,0.0,25,True,,,SHORT_SUCCESS,False,6.143843152761619e-05,0.52,0.48
expanding,2018,2018-12-14T00:00:00Z,56015,NORMAL,0.31382448968459337,0.3218933819501257,0.0,0.425264828749812,0.41072359396832514,0.0,25,True,,,LONG_SUCCESS,False,-8.802945950781016e-05,0.44,0.56
expanding,2018,2018-12-15T00:00:00Z,56039,VOLATILITY_EXPANSION,0.351286045267003,0.3274365811390244,0.0,0.6013048195362265,0.39869518046377356,0.0,25,True,,,SHORT_SUCCESS,False,-0.00043259607026602254,0.44,0.56
expanding,2018,2018-12-18T00:00:00Z,56063,NORMAL,0.3226482036249788,0.33214566432583265,0.0,0.5196636018992994,0.4393930101503281,0.0,25,True,,,LONG_SUCCESS,False,-0.00032879266010887864,0.32,0.68
expanding,2018,2018-12-19T00:00:00Z,56087,NORMAL,0.33053639200721485,0.33474313672674433,0.0,0.2771973364255632,0.6845864040624127,0.0,25,True,,,SHORT_SUCCESS,False,-0.0005766550241793622,0.44,0.56
expanding,2018,2018-12-20T00:00:00Z,56111,NORMAL,0.3468280472319588,0.3367576475253647,0.0,0.36130772062840744,0.5636309265569283,0.0,25,True,,,SHORT_SUCCESS,False,0.0005012054668456223,0.6,0.4
expanding,2018,2018-12-21T00:00:00Z,56135,VOLATILITY_EXPANSION,0.33531290939038555,0.33670030447495974,0.0,0.44040977572143636,0.5198828971506342,0.0,25,True,,,SHORT_SUCCESS,False,0.0004959171415570562,0.56,0.44
expanding,2018,2018-12-22T00:00:00Z,56159,NORMAL,0.3420632536238872,0.32713042126398156,0.0,0.5617596607417977,0.31378699931951853,0.0,25,True,,,LONG_SUCCESS,False,0.000297773141310298,0.68,0.32
expanding,2018,2018-12-25T00:00:00Z,56183,NORMAL,0.3417863344489325,0.3379324917093661,0.0,0.6066905891973632,0.39330941080263676,0.0,25,True,,,LONG_SUCCESS,False,-0.0006479249637225681,0.48,0.52
expanding,2018,2018-12-26T00:00:00Z,56207,NORMAL,0.34190505238285884,0.33329811233678713,0.0,0.5212040222047353,0.43483141817766396,0.0,25,True,,,LONG_SUCCESS,False,5.647970600919372e-05,0.56,0.44
expanding,2018,2018-12-27T00:00:00Z,56231,VOLATILITY_CONTRACTION,0.3073216643364967,0.331804224264501,0.0,0.40244476129858053,0.43625037743991935,0.0,25,True,,,LONG_SUCCESS,False,0.00013833592473222467,0.52,0.48
expanding,2018,2018-12-28T00:00:00Z,56255,NORMAL,0.3241134064246988,0.3298417777474558,0.0,0.39970567242222643,0.5617110963923286,0.0,25,True,,,LONG_SUCCESS,False,-0.00010673965321761347,0.44,0.56
rolling,2018,2018-01-02T00:00:00Z,50063,HIGH_VOLATILITY,0.3462965140930383,0.34488732077625667,0.0,0.6052045424516211,0.35554379942097064,0.0,25,True,,,SHORT_SUCCESS,False,0.0001202374229227754,0.56,0.44
rolling,2018,2018-01-03T00:00:00Z,50087,NORMAL,0.33473285299665223,0.33666376528394737,0.0,0.6788552209241296,0.3211447790758702,0.0,25,True,,,LONG_SUCCESS,False,0.0002304859850588148,0.52,0.48
rolling,2018,2018-01-04T00:00:00Z,50111,VOLATILITY_CONTRACTION,0.3250056326270727,0.33189910296542646,0.0,0.40851167996616594,0.5914883200338341,0.0,25,True,,,SHORT_SUCCESS,False,-0.000857639424067802,0.36,0.64
rolling,2018,2018-01-05T00:00:00Z,50135,NORMAL,0.3440229404885614,0.32180987540196865,0.0,0.5665816187531358,0.39354350525214477,0.0,25,True,,,LONG_SUCCESS,False,0.0007514638121508543,0.76,0.24
rolling,2018,2018-01-06T00:00:00Z,50159,NORMAL,0.33292231729343774,0.33492764576262307,0.0,0.5955264362196557,0.3644844859097516,0.0,25,True,,,SHORT_SUCCESS,False,0.0003939755780906218,0.6,0.4
rolling,2018,2018-01-09T00:00:00Z,50183,VOLATILITY_EXPANSION,0.34060508469151635,0.3526774675081535,0.0,0.3547063111402715,0.6452936888597285,0.0,25,True,,,LONG_SUCCESS,False,0.0002575208419350883,0.64,0.36
rolling,2018,2018-01-10T00:00:00Z,50207,NORMAL,0.31631212795671,0.3391880462098269,0.0,0.44616664413590695,0.553833355864093,0.0,25,True,,,SHORT_SUCCESS,False,0.0006374369857284901,0.6,0.4
rolling,2018,2018-01-11T00:00:00Z,50231,HIGH_VOLATILITY,0.3528115560106779,0.34835881477240793,0.0,0.529885417380361,0.4268067848542297,0.0,25,True,,,AMBIGUOUS_PATH,False,-0.00045032437384351365,0.4,0.6
rolling,2018,2018-01-12T00:00:00Z,50255,HIGH_VOLATILITY,0.3126662439386531,0.32032224750550004,0.0,0.3175184176755401,0.5934954549041004,0.0,25,True,,,SHORT_SUCCESS,False,-1.1539258903181526e-05,0.48,0.52
rolling,2018,2018-01-13T00:00:00Z,50279,HIGH_VOLATILITY,0.3638756595878814,0.3301354952583992,0.0,0.40923028906516085,0.590769710934839,0.0,25,True,,,LONG_SUCCESS,False,-1.6212078462141122e-05,0.48,0.52
rolling,2018,2018-01-16T00:00:00Z,50303,HIGH_VOLATILITY,0.3426733066429174,0.3501547020088964,0.0,0.5578439540658129,0.442156045934187,0.0,25,True,,,LONG_SUCCESS,False,-0.00015780086043093444,0.48,0.52
rolling,2018,2018-01-17T00:00:00Z,50327,HIGH_VOLATILITY,0.3448727508948308,0.34992486405858114,0.0,0.6871971575737241,0.31280284242627576,0.0,25,True,,,LONG_SUCCESS,False,-0.00032765635697618034,0.48,0.52
rolling,2018,2018-01-18T00:00:00Z,50351,HIGH_VOLATILITY,0.319065328670444,0.33168251877350535,0.0,0.4839130667660033,0.5160869332339969,0.0,25,True,,,SHORT_SUCCESS,False,0.0003506275844475937,0.6,0.4
rolling,2018,2018-01-19T00:00:00Z,50375,NORMAL,0.34439905640720264,0.32855726590774975,0.0,0.3096174151136547,0.6496428151329976,0.0,25,True,,,SHORT_SUCCESS,False,-0.00020502862335913807,0.44,0.56
rolling,2018,2018-01-20T00:00:00Z,50399,HIGH_VOLATILITY,0.34071288901229935,0.3408410340967246,0.0,0.48615540734846213,0.5138445926515379,0.0,25,True,,,SHORT_SUCCESS,False,0.0004185619405807639,0.56,0.44
rolling,2018,2018-01-23T00:00:00Z,50423,HIGH_VOLATILITY,0.33920465710019243,0.3387301377780638,0.0,0.5977117833790555,0.3480156831969431,0.0,25,True,,,SHORT_SUCCESS,False,1.395637523304849e-05,0.52,0.48
rolling,2018,2018-01-24T00:00:00Z,50447,LOW_VOLATILITY_RANGE,0.32380713425603563,0.3285794803100641,0.0,0.6308728157637429,0.33124152455895334,0.0,25,True,,,LONG_SUCCESS,False,0.0002352622308483543,0.6,0.4
rolling,2018,2018-01-25T00:00:00Z,50471,NORMAL,0.3416919008828313,0.3558995473634122,0.0,0.4373089312762278,0.51452181434074,0.0,25,True,,,SHORT_SUCCESS,False,0.0008591915728741739,0.68,0.32
rolling,2018,2018-01-26T00:00:00Z,50495,NORMAL,0.3321798865951041,0.346474865966525,0.0,0.43892159246746104,0.523052246914531,0.0,25,True,,,LONG_SUCCESS,False,0.00017569234142689183,0.52,0.48
rolling,2018,2018-01-27T00:00:00Z,50519,NORMAL,0.344565713965,0.33576223880331496,0.0,0.6074796507649106,0.35253876149031044,0.0,25,True,,,LONG_SUCCESS,False,0.0003939755780906218,0.6,0.4
rolling,2018,2018-01-30T00:00:00Z,50543,NORMAL,0.3452488995813495,0.356028541926564,0.0,0.5712779082319399,0.4287220917680604,0.0,25,True,,,LONG_SUCCESS,False,-7.115640702437531e-06,0.48,0.52
rolling,2018,2018-01-31T00:00:00Z,50567,NORMAL,0.3453348603390019,0.3517796226794707,0.0,0.6090532071760074,0.3909467928239927,0.0,25,True,,,LONG_SUCCESS,False,-0.00013806644273950397,0.48,0.52
rolling,2018,2018-02-01T00:00:00Z,50591,NORMAL,0.3285009373701745,0.3312183529059181,0.0,0.44319797087979035,0.47836362822929784,0.0,25,True,,,LONG_SUCCESS,False,0.0006374369857284901,0.72,0.28
rolling,2018,2018-02-02T00:00:00Z,50615,HIGH_VOLATILITY,0.3292211084325868,0.3470622877466834,0.0,0.24432301279268515,0.6775640205572823,0.0,25,True,,,SHORT_SUCCESS,False,0.00017569234142689183,0.56,0.44
rolling,2018,2018-02-03T00:00:00Z,50639,NORMAL,0.3479475181309717,0.32506326355751847,0.0,0.3648564476918995,0.5591538589212918,0.0,25,True,,,LONG_SUCCESS,False,0.0005525061883504545,0.52,0.48
rolling,2018,2018-02-06T00:00:00Z,50663,HIGH_VOLATILITY,0.3570488895247012,0.34608880447608,0.0,0.4185349578680065,0.5814650421319936,0.0,25,True,,,SHORT_SUCCESS,False,-0.00015780086043093444,0.48,0.52
rolling,2018,2018-02-07T00:00:00Z,50687,NORMAL,0.32110279138590825,0.3300053282253148,0.0,0.41656005259790235,0.5834399474020976,0.0,25,True,,,SHORT_SUCCESS,False,0.0002372833440746902,0.6,0.4
rolling,2018,2018-02-08T00:00:00Z,50711,NORMAL,0.32286161614671777,0.32661011990456235,0.0,0.5623820547206696,0.3191221522846557,0.0,25,True,,,AMBIGUOUS_PATH,False,0.000881018328322325,0.72,0.28
rolling,2018,2018-02-09T00:00:00Z,50735,VOLATILITY_CONTRACTION,0.3425410637503636,0.3280771523637612,0.0,0.4683866259439724,0.3990133965160678,0.0,25,True,,,SHORT_SUCCESS,False,0.0004591117959000801,0.68,0.32
rolling,2018,2018-02-10T00:00:00Z,50759,NORMAL,0.35351862677800916,0.3462966747201315,0.0,0.3910350999979738,0.6089649000020261,0.0,25,True,,,LONG_SUCCESS,False,0.0002460511668402887,0.52,0.48
rolling,2018,2018-02-13T00:00:00Z,50783,NORMAL,0.35874806882913635,0.36376001433228605,0.0,0.4287555667681759,0.571244433231824,0.0,25,True,,,LONG_SUCCESS,False,0.0002550927235436262,0.52,0.48
rolling,2018,2018-02-14T00:00:00Z,50807,NORMAL,0.33714842631176345,0.35258300808997706,0.0,0.36356857924453956,0.6364314207554603,0.0,25,True,,,SHORT_SUCCESS,False,-0.0004581009120045998,0.4,0.6
rolling,2018,2018-02-15T00:00:00Z,50831,NORMAL,0.32003820273819544,0.3270981407326713,0.0,0.39781595270665004,0.5641355483184216,0.0,25,True,,,SHORT_SUCCESS,False,7.724657973473548e-05,0.52,0.48
rolling,2018,2018-02-16T00:00:00Z,50855,NORMAL,0.3474460575695236,0.34016396304911506,0.0,0.3887471810432347,0.4862517325554971,0.0,25,True,,,SHORT_SUCCESS,False,0.0007726993990868625,0.68,0.32
rolling,2018,2018-02-17T00:00:00Z,50879,NORMAL,0.3236817480861453,0.31530676072356634,0.0,0.5619979198659358,0.3559916537410625,0.0,25,True,,,AMBIGUOUS_PATH,False,-1.1081253953326708e-06,0.48,0.52
rolling,2018,2018-02-20T00:00:00Z,50903,NORMAL,0.328327941319555,0.3347731269183605,0.0,0.26719582195802405,0.6483832840244649,0.0,25,True,,,LONG_SUCCESS,False,-0.0007416254118550736,0.32,0.68
rolling,2018,2018-02-21T00:00:00Z,50927,LOW_VOLATILITY_RANGE,0.3390470933229475,0.3298022601711184,0.0,0.4057197601033549,0.5942802398966448,0.0,25,True,,,SHORT_SUCCESS,False,-4.2518903072275016e-05,0.48,0.52
rolling,2018,2018-02-22T00:00:00Z,50951,NORMAL,0.3227834570600363,0.3254130626650526,0.0,0.4355291439653938,0.5644708560346061,0.0,25,True,,,LONG_SUCCESS,False,-5.0319556070932414e-05,0.48,0.52
rolling,2018,2018-02-23T00:00:00Z,50975,LOW_VOLATILITY_RANGE,0.3351052115622733,0.32669827357186304,0.0,0.436889583764289,0.48361666572675294,0.0,25,True,,,SHORT_SUCCESS,False,0.00013779135115332686,0.6,0.4
rolling,2018,2018-02-24T00:00:00Z,50999,LOW_VOLATILITY_RANGE,0.3292286387212832,0.3369186420392327,0.0,0.4757348917402604,0.48485949219073177,0.0,25,True,,,LONG_SUCCESS,False,0.0007560332319409557,0.6,0.4
rolling,2018,2018-02-27T00:00:00Z,51023,NORMAL,0.33885323779776644,0.3497699494459816,0.0,0.5184935175454031,0.43853914985266257,0.0,25,True,,,AMBIGUOUS_PATH,False,-5.2118991191951736e-05,0.48,0.52
rolling,2018,2018-02-28T00:00:00Z,51047,NORMAL,0.31171960951206434,0.3257269169385992,0.0,0.39040077554395264,0.48214368775025956,0.0,25,True,,,LONG_SUCCESS,False,0.00013153914334251837,0.56,0.44
rolling,2018,2018-03-01T00:00:00Z,51071,NORMAL,0.35802266597061916,0.33986502870971486,0.0,0.44014326476433996,0.5225940455860978,0.0,25,True,,,LONG_SUCCESS,False,0.00011432336045746894,0.52,0.48
rolling,2018,2018-03-02T00:00:00Z,51095,NORMAL,0.3176227258793185,0.31465858571603295,0.0,0.5073193130904907,0.40276384237274504,0.0,25,True,,,LONG_SUCCESS,False,-5.0319556070932414e-05,0.48,0.52
rolling,2018,2018-03-03T00:00:00Z,51119,NORMAL,0.3419808941690106,0.3309536108245165,0.0,0.47281996034436374,0.40664859452732055,0.0,25,True,,,LONG_SUCCESS,False,1.7778193859285807e-06,0.52,0.48
rolling,2018,2018-03-06T00:00:00Z,51143,NORMAL,0.36255698717333035,0.3598966262304924,0.0,0.5210206373854874,0.47897936261451235,0.0,25,True,,,SHORT_SUCCESS,False,0.000532871948262903,0.6,0.4
rolling,2018,2018-03-07T00:00:00Z,51167,NORMAL,0.3629627274135268,0.3484206559150791,0.0,0.3984055485969434,0.560199485149851,0.0,25,True,,,SHORT_SUCCESS,False,8.543976183217339e-05,0.52,0.48
rolling,2018,2018-03-08T00:00:00Z,51191,NORMAL,0.3052085000929985,0.31702459244545156,0.0,0.3505730720891742,0.5618615713162093,0.0,25,True,,,AMBIGUOUS_PATH,False,-0.00026544298627173557,0.36,0.64
rolling,2018,2018-03-09T00:00:00Z,51215,VOLATILITY_CONTRACTION,0.3205836900203128,0.3190448268915909,0.0,0.39286070497567277,0.5657767494639511,0.0,25,True,,,LONG_SUCCESS,False,-0.0004376546426425598,0.44,0.56
rolling,2018,2018-03-10T00:00:00Z,51239,NORMAL,0.35173606654003414,0.32842286052627334,0.0,0.5314832624569789,0.39488459128730574,0.0,25,True,,,LONG_SUCCESS,False,0.0005525061883504545,0.6,0.4
rolling,2018,2018-03-13T00:00:00Z,51263,NORMAL,0.3432344637000851,0.3472086632658754,0.0,0.35549188331646187,0.5630438881398175,0.0,25,True,,,LONG_SUCCESS,False,-0.00031466010546710166,0.44,0.56
rolling,2018,2018-03-14T00:00:00Z,51287,VOLATILITY_EXPANSION,0.3639392352104878,0.35315804512700844,0.0,0.36576142856274213,0.5977541535103321,0.0,25,True,,,LONG_SUCCESS,False,-0.0006562104998913965,0.36,0.64
rolling,2018,2018-03-15T00:00:00Z,51311,VOLATILITY_EXPANSION,0.3663573468604404,0.34365695023776827,0.0,0.39109133184276845,0.5723956332782716,0.0,25,True,,,SHORT_SUCCESS,False,-7.087786824266917e-05,0.44,0.56
rolling,2018,2018-03-16T00:00:00Z,51335,NORMAL,0.32853221724013704,0.32940146131571446,0.0,0.5906216421058063,0.40937835789419375,0.0,25,True,,,SHORT_SUCCESS,False,0.0003506275844475937,0.6,0.4
rolling,2018,2018-03-17T00:00:00Z,51359,VOLATILITY_CONTRACTION,0.3435250843496743,0.32750432095343185,0.0,0.3637266850161402,0.561186486453587,0.0,25,True,,,LONG_SUCCESS,False,-0.00027615172995165693,0.48,0.52
rolling,2018,2018-03-20T00:00:00Z,51383,NORMAL,0.3585624880551027,0.33822441205446757,0.0,0.48467473789062715,0.47793126729937613,0.0,25,True,,,SHORT_SUCCESS,False,-0.00011890045754958667,0.48,0.52
rolling,2018,2018-03-21T00:00:00Z,51407,HIGH_VOLATILITY,0.33622478094921,0.3303522893057222,0.0,0.40108062523034915,0.5586336772898416,0.0,25,True,,,LONG_SUCCESS,False,0.0004130173429881534,0.52,0.48
rolling,2018,2018-03-22T00:00:00Z,51431,HIGH_VOLATILITY,0.3303070806438545,0.3343314395079839,0.0,0.6076864841828776,0.3923135158171224,0.0,25,True,,,LONG_SUCCESS,False,-0.00020502862335913807,0.48,0.52
rolling,2018,2018-03-23T00:00:00Z,51455,NORMAL,0.33967495225939903,0.3395256479702546,0.0,0.5593306471589882,0.4010466382457671,0.0,25,True,,,LONG_SUCCESS,False,1.9246595508226605e-05,0.56,0.44
rolling,2018,2018-03-24T00:00:00Z,51479,VOLATILITY_CONTRACTION,0.34411674928091823,0.32725427014080805,0.0,0.5562499343116524,0.39584424202773294,0.0,25,True,,,LONG_SUCCESS,False,0.00025462376873597314,0.56,0.44
rolling,2018,2018-03-27T00:00:00Z,51503,VOLATILITY_CONTRACTION,0.350520260432462,0.35323481521456146,0.0,0.5529838154386869,0.4470161845613131,0.0,25,True,,,SHORT_SUCCESS,False,3.242605558040346e-05,0.52,0.48
rolling,2018,2018-03-28T00:00:00Z,51527,TRENDING,0.3433318187876339,0.35269268868796394,0.0,0.4356381147665483,0.5288073340602805,0.0,25,True,,,SHORT_SUCCESS,False,-0.0001570009714432219,0.48,0.52
rolling,2018,2018-03-29T00:00:00Z,51551,NORMAL,0.329764510015204,0.3456624056994938,0.0,0.4368173776392245,0.48898577026308515,0.0,25,True,,,LONG_SUCCESS,False,0.0007482655925519222,0.64,0.36
rolling,2018,2018-03-30T00:00:00Z,51575,NORMAL,0.34785361036607765,0.36529773245382496,0.0,0.4295884624411838,0.5219015679108958,0.0,25,True,,,SHORT_SUCCESS,False,0.000826489931596619,0.68,0.32
rolling,2018,2018-03-31T00:00:00Z,51599,NORMAL,0.3378365733653622,0.336278810374495,0.0,0.41767242055955306,0.5440067643134181,0.0,25,True,,,SHORT_SUCCESS,False,0.0005481676839482752,0.52,0.48
rolling,2018,2018-04-03T00:00:00Z,51623,HIGH_VOLATILITY,0.33054117590877896,0.3377625067673582,0.0,0.6438486387811333,0.35615136121886687,0.0,25,True,,,LONG_SUCCESS,False,0.0004130173429881534,0.6,0.4
rolling,2018,2018-04-04T00:00:00Z,51647,NORMAL,0.3284422623221029,0.3365968103176613,0.0,0.7329293822507095,0.2294384307998161,0.0,25,True,,,SHORT_SUCCESS,False,0.001170888217121746,0.68,0.32
rolling,2018,2018-04-05T00:00:00Z,51671,HIGH_VOLATILITY,0.35594911611031443,0.346440275063198,0.0,0.48019601942018286,0.5198039805798172,0.0,25,True,,,LONG_SUCCESS,False,-0.0005879125999822543,0.36,0.64
rolling,2018,2018-04-06T00:00:00Z,51695,VOLATILITY_CONTRACTION,0.3382572321021887,0.32990933708630243,0.0,0.4853267018306226,0.3915652333121214,0.0,25,True,,,LONG_SUCCESS,False,0.0004591117959000801,0.68,0.32
rolling,2018,2018-04-07T00:00:00Z,51719,VOLATILITY_CONTRACTION,0.3141385495237529,0.3121900334219399,0.0,0.39753765791586304,0.5294656152329472,0.0,25,True,,,SHORT_SUCCESS,False,-0.00042671776982516896,0.44,0.56
rolling,2018,2018-04-10T00:00:00Z,51743,VOLATILITY_CONTRACTION,0.3354031365582149,0.33252768617084233,0.0,0.5347297637488599,0.46527023625114017,0.0,25,True,,,LONG_SUCCESS,False,3.193073452223416e-05,0.52,0.48
rolling,2018,2018-04-11T00:00:00Z,51767,NORMAL,0.3254649636653891,0.3244975841351121,0.0,0.3602618706031129,0.6397381293968871,0.0,25,True,,,SHORT_SUCCESS,False,-0.00038658380098699485,0.36,0.64
rolling,2018,2018-04-12T00:00:00Z,51791,NORMAL,0.3260596900660032,0.32606720390003835,0.0,0.47999181813399044,0.5200081818660095,0.0,25,True,,,AMBIGUOUS_PATH,False,-0.0004376546426425598,0.48,0.52
rolling,2018,2018-04-13T00:00:00Z,51815,VOLATILITY_EXPANSION,0.3433952135305879,0.325150205767698,0.0,0.575121613794895,0.4248783862051048,0.0,25,True,,,SHORT_SUCCESS,False,0.00015304929421677826,0.56,0.44
rolling,2018,2018-04-14T00:00:00Z,51839,VOLATILITY_EXPANSION,0.3581145866440012,0.361179384655133,0.0,0.4986921269510497,0.4589189813019635,0.0,25,True,,,AMBIGUOUS_PATH,False,-0.00044705363101937845,0.48,0.52
rolling,2018,2018-04-17T00:00:00Z,51863,HIGH_VOLATILITY,0.34488573033030123,0.3486901029047788,0.0,0.45169595775913546,0.5107229269444853,0.0,25,True,,,LONG_SUCCESS,False,0.0003951779051887261,0.56,0.44
rolling,2018,2018-04-18T00:00:00Z,51887,NORMAL,0.3223773787915368,0.334790844464048,0.0,0.39845969211118143,0.6015403078888187,0.0,25,True,,,SHORT_SUCCESS,False,0.0004630525002886632,0.64,0.36
rolling,2018,2018-04-19T00:00:00Z,51911,HIGH_VOLATILITY,0.32413275541628,0.33141078688403164,0.0,0.6043172773618208,0.35938690523588424,0.0,25,True,,,LONG_SUCCESS,False,1.3261967129807317e-05,0.52,0.48
rolling,2018,2018-04-20T00:00:00Z,51935,NORMAL,0.30898305810336485,0.3250465736110659,0.0,0.3193721971559518,0.5904586409371103,0.0,25,True,,,LONG_SUCCESS,False,-0.00017290138957493095,0.44,0.56
rolling,2018,2018-04-21T00:00:00Z,51959,NORMAL,0.36166294794021875,0.3284557592825354,0.0,0.3954341336797292,0.604565866320271,0.0,25,True,,,SHORT_SUCCESS,False,-1.6212078462141122e-05,0.48,0.52
rolling,2018,2018-04-24T00:00:00Z,51983,HIGH_VOLATILITY,0.3211462670566299,0.33922122955948497,0.0,0.5961096896505959,0.40389031034940415,0.0,25,True,,,SHORT_SUCCESS,False,0.0007903910447017992,0.72,0.28
rolling,2018,2018-04-25T00:00:00Z,52007,NORMAL,0.32894940098434794,0.331783761264808,0.0,0.5929184802239438,0.4070815197760558,0.0,25,True,,,AMBIGUOUS_PATH,False,-0.00020502862335913807,0.48,0.52
rolling,2018,2018-04-26T00:00:00Z,52031,NORMAL,0.3429901992972637,0.33856142141873985,0.0,0.48776435796509165,0.4299738169695938,0.0,25,True,,,SHORT_SUCCESS,False,-0.0007020732586175971,0.44,0.56
rolling,2018,2018-04-27T00:00:00Z,52055,VOLATILITY_CONTRACTION,0.3176591307835698,0.3155190564554744,0.0,0.3409737399131211,0.5443380570199748,0.0,25,True,,,LONG_SUCCESS,False,-1.1539258903181526e-05,0.48,0.52
rolling,2018,2018-04-28T00:00:00Z,52079,VOLATILITY_CONTRACTION,0.3487393792489664,0.3177377755635433,0.0,0.5191327733402291,0.4047488578503926,0.0,25,True,,,SHORT_SUCCESS,False,0.000297773141310298,0.64,0.36
rolling,2018,2018-05-01T00:00:00Z,52103,NORMAL,0.3334708640333892,0.3317882983416026,0.0,0.4041679149158715,0.43662270580113244,0.0,25,True,,,SHORT_SUCCESS,False,6.695803203449202e-06,0.52,0.48
rolling,2018,2018-05-02T00:00:00Z,52127,NORMAL,0.35122418434347275,0.35141082326107453,0.0,0.5249030107341216,0.4750969892658785,0.0,25,True,,,SHORT_SUCCESS,False,0.0002017513244436664,0.6,0.4
rolling,2018,2018-05-03T00:00:00Z,52151,NORMAL,0.34201303695103663,0.3308836588694324,0.0,0.520624967009833,0.3666007993977696,0.0,25,True,,,LONG_SUCCESS,False,0.0006793096529178477,0.8,0.2
rolling,2018,2018-05-04T00:00:00Z,52175,NORMAL,0.3165668691000547,0.3307484093645069,0.0,0.6378765529390577,0.28366772381195615,0.0,25,True,,,SHORT_SUCCESS,False,7.25738900217987e-05,0.52,0.48
rolling,2018,2018-05-05T00:00:00Z,52199,NORMAL,0.3313292730032923,0.33050982373526167,0.0,0.5339978605781772,0.38910756366317345,0.0,25,True,,,SHORT_SUCCESS,False,-0.0008718713339791462,0.36,0.64
rolling,2018,2018-05-08T00:00:00Z,52223,NORMAL,0.3267712313802042,0.3316076487308114,0.0,0.3196044859761574,0.5965732788077823,0.0,25,True,,,SHORT_SUCCESS,False,-8.392835032022816e-05,0.44,0.56
rolling,2018,2018-05-09T00:00:00Z,52247,NORMAL,0.32955663494598336,0.33354091108289374,0.0,0.36472552387539314,0.5555867993043841,0.0,25,True,,,LONG_SUCCESS,False,0.0003515487767504766,0.56,0.44
rolling,2018,2018-05-10T00:00:00Z,52271,NORMAL,0.30554115689547423,0.3163830651418958,0.0,0.40095622762136407,0.5245955816461297,0.0,25,True,,,SHORT_SUCCESS,False,0.00013833592473222467,0.52,0.48
rolling,2018,2018-05-11T00:00:00Z,52295,NORMAL,0.2916955388531389,0.31161589298160963,0.0,0.49007539398703803,0.4291534932858727,0.0,25,True,,,LONG_SUCCESS,False,0.0005848039066984612,0.68,0.32
rolling,2018,2018-05-12T00:00:00Z,52319,NORMAL,0.31210118196877923,0.3058336069130523,0.0,0.4325154801285086,0.4908660183386171,0.0,25,True,,,LONG_SUCCESS,False,4.6502168648432374e-05,0.52,0.48
rolling,2018,2018-05-15T00:00:00Z,52343,HIGH_VOLATILITY,0.3506548030258239,0.3464803468022607,0.0,0.6468073287886976,0.35319267121130227,0.0,25,True,,,LONG_SUCCESS,False,-0.00015780086043093444,0.44,0.56
rolling,2018,2018-05-16T00:00:00Z,52367,NORMAL,0.3340044346573079,0.3348131639954386,0.0,0.28043663683880093,0.6802225361512793,0.0,25,True,,,SHORT_SUCCESS,False,-0.00025206728424598257,0.44,0.56
rolling,2018,2018-05-17T00:00:00Z,52391,NORMAL,0.34589614364568366,0.35154169015721326,0.0,0.5113030326187246,0.48869696738127555,0.0,25,True,,,LONG_SUCCESS,False,-0.00013806644273950397,0.44,0.56
rolling,2018,2018-05-18T00:00:00Z,52415,VOLATILITY_CONTRACTION,0.31423586993184305,0.3158140171534542,0.0,0.3266741014152993,0.6318663168124722,0.0,25,True,,,LONG_SUCCESS,False,-0.0003149103408941478,0.4,0.6
rolling,2018,2018-05-19T00:00:00Z,52439,VOLATILITY_CONTRACTION,0.3229206791169841,0.3094493415740428,0.0,0.40078281265427945,0.5200374313710661,0.0,25,True,,,SHORT_SUCCESS,False,-0.0004376546426425598,0.28,0.72
rolling,2018,2018-05-22T00:00:00Z,52463,NORMAL,0.3397442214954966,0.34351291811450546,0.0,0.5641961008819172,0.39165862819691044,0.0,25,True,,,AMBIGUOUS_PATH,False,-5.2118991191951736e-05,0.48,0.52
rolling,2018,2018-05-23T00:00:00Z,52487,LOW_VOLATILITY_RANGE,0.32901132615521367,0.3295275640536116,0.0,0.27829784198594143,0.7217021580140586,0.0,25,True,,,LONG_SUCCESS,False,-0.0004834803921824893,0.32,0.68
rolling,2018,2018-05-24T00:00:00Z,52511,LOW_VOLATILITY_RANGE,0.31865783617900106,0.3284855966925232,0.0,0.2672195244216379,0.732780475578362,0.0,25,True,,,SHORT_SUCCESS,False,-0.0007984696961547133,0.24,0.76
rolling,2018,2018-05-25T00:00:00Z,52535,NORMAL,0.3402611261655309,0.3359986336634623,0.0,0.566789265546658,0.27701668125761575,0.0,25,True,,,LONG_SUCCESS,False,0.0010077101972876257,0.68,0.32
rolling,2018,2018-05-26T00:00:00Z,52559,NORMAL,0.30197563356373036,0.31204885368947394,0.0,0.36710549757037475,0.5497949487281656,0.0,25,True,,,SHORT_SUCCESS,False,-0.0003149103408941478,0.44,0.56
rolling,2018,2018-05-29T00:00:00Z,52583,NORMAL,0.3506222054765279,0.3473205953939725,0.0,0.6885508853570618,0.2741620261028186,0.0,25,True,,,SHORT_SUCCESS,False,0.0001202374229227754,0.52,0.48
rolling,2018,2018-05-30T00:00:00Z,52607,NORMAL,0.3211548640123216,0.33240946097283697,0.0,0.3848009976827279,0.572442102429338,0.0,25,True,,,SHORT_SUCCESS,False,9.805376239180319e-05,0.56,0.44
rolling,2018,2018-05-31T00:00:00Z,52631,TRENDING,0.3525424577434352,0.3440571414308347,0.0,0.47730581102083464,0.4319268260735176,0.0,25,True,,,LONG_SUCCESS,False,-0.00044538699945162463,0.4,0.6
rolling,2018,2018-06-01T00:00:00Z,52655,NORMAL,0.3290266595896316,0.33610248518657565,0.0,0.3968308082487012,0.5630383957973454,0.0,25,True,,,SHORT_SUCCESS,False,-0.0008718713339791462,0.4,0.6
rolling,2018,2018-06-02T00:00:00Z,52679,LOW_VOLATILITY_RANGE,0.3386543224790263,0.3216571015492297,0.0,0.5596708197316934,0.4403291802683064,0.0,25,True,,,LONG_SUCCESS,False,-1.4173958401419995e-05,0.48,0.52
rolling,2018,2018-06-05T00:00:00Z,52703,NORMAL,0.3215043468932383,0.3561713101029794,0.0,0.4808018266997158,0.5191981733002843,0.0,25,True,,,SHORT_SUCCESS,False,0.0001202374229227754,0.52,0.48
rolling,2018,2018-06-06T00:00:00Z,52727,NORMAL,0.3397871831035586,0.3426548143500676,0.0,0.6799823459526925,0.2797422546661065,0.0,25,True,,,SHORT_SUCCESS,False,0.0004130173429881534,0.56,0.44
rolling,2018,2018-06-07T00:00:00Z,52751,NORMAL,0.3092149277733646,0.3176211370001454,0.0,0.2873702718042061,0.5885924219631463,0.0,25,True,,,SHORT_SUCCESS,False,-0.0005052475038301862,0.28,0.72
rolling,2018,2018-06-08T00:00:00Z,52775,NORMAL,0.3448108763249296,0.33703651212538094,0.0,0.39810199973089655,0.5629665052033197,0.0,25,True,,,LONG_SUCCESS,False,4.321057633083214e-05,0.52,0.48
rolling,2018,2018-06-09T00:00:00Z,52799,NORMAL,0.3536409670164878,0.3387685394615661,0.0,0.4714902992025694,0.5285097007974308,0.0,25,True,,,LONG_SUCCESS,False,0.0002460511668402887,0.56,0.44
rolling,2018,2018-06-12T00:00:00Z,52823,NORMAL,0.34700967671859123,0.34584255019962024,0.0,0.6004729216796773,0.3634204496503625,0.0,25,True,,,SHORT_SUCCESS,False,0.00016889684626497647,0.52,0.48
rolling,2018,2018-06-13T00:00:00Z,52847,NORMAL,0.34990025152888454,0.3283828668828262,0.0,0.3545636377790306,0.5675444572462837,0.0,25,True,,,SHORT_SUCCESS,False,-0.00025206728424598257,0.44,0.56
rolling,2018,2018-06-14T00:00:00Z,52871,HIGH_VOLATILITY,0.34076613796205674,0.3400832833916516,0.0,0.3993446966637958,0.6006553033362043,0.0,25,True,,,LONG_SUCCESS,False,4.321057633083214e-05,0.52,0.48
rolling,2018,2018-06-15T00:00:00Z,52895,NORMAL,0.32990311415340906,0.3318816617135838,0.0,0.5129089910738756,0.44890865277034475,0.0,25,True,,,SHORT_SUCCESS,False,0.00042987216933720873,0.6,0.4
rolling,2018,2018-06-16T00:00:00Z,52919,NORMAL,0.3373778285572359,0.31991496485531457,0.0,0.4509831704516617,0.3929814086060016,0.0,25,True,,,LONG_SUCCESS,False,-0.0004622824188342811,0.4,0.6
rolling,2018,2018-06-19T00:00:00Z,52943,NORMAL,0.3537756773992002,0.34764157606890544,0.0,0.5976176091672423,0.40238239083275784,0.0,25,True,,,AMBIGUOUS_PATH,False,0.0001836999306195075,0.56,0.44
rolling,2018,2018-06-20T00:00:00Z,52967,NORMAL,0.31149206747707914,0.32434046819082496,0.0,0.2815734990151011,0.5641409857435062,0.0,25,True,,,LONG_SUCCESS,False,-0.0002209219679466523,0.4,0.6
rolling,2018,2018-06-21T00:00:00Z,52991,NORMAL,0.32457952879988,0.3271482887475251,0.0,0.47979080610908637,0.5202091938909139,0.0,25,True,,,SHORT_SUCCESS,False,-0.00010967987681131941,0.48,0.52
rolling,2018,2018-06-22T00:00:00Z,53015,NORMAL,0.344162058352376,0.33120205944754205,0.0,0.4821745529429777,0.47584963972738076,0.0,25,True,,,LONG_SUCCESS,False,-1.4173958401419995e-05,0.48,0.52
rolling,2018,2018-06-23T00:00:00Z,53039,NORMAL,0.32894047979042074,0.33283939521610867,0.0,0.5168596484026755,0.4452494108798462,0.0,25,True,,,LONG_SUCCESS,False,0.00042987216933720873,0.6,0.4
rolling,2018,2018-06-26T00:00:00Z,53063,NORMAL,0.33301877921947515,0.33747767992554384,0.0,0.5913757349581125,0.36412221900891834,0.0,25,True,,,SHORT_SUCCESS,False,0.0004130173429881534,0.56,0.44
rolling,2018,2018-06-27T00:00:00Z,53087,NORMAL,0.3159415052682547,0.33365902549471144,0.0,0.262521796266739,0.6581507742158558,0.0,25,True,,,SHORT_SUCCESS,False,-0.0006064874544179366,0.4,0.6
rolling,2018,2018-06-28T00:00:00Z,53111,VOLATILITY_CONTRACTION,0.33140967372548746,0.3209435215914068,0.0,0.3185480501425224,0.637567451454769,0.0,25,True,,,SHORT_SUCCESS,False,5.788871565615139e-05,0.56,0.44
rolling,2018,2018-06-29T00:00:00Z,53135,NORMAL,0.30688169272900423,0.32460865248533183,0.0,0.48385431463073886,0.39848741430839024,0.0,25,True,,,AMBIGUOUS_PATH,False,0.0006427324977584803,0.6,0.4
rolling,2018,2018-06-30T00:00:00Z,53159,NORMAL,0.3314903621566069,0.33749814862771,0.0,0.4971450650008676,0.42873991782032966,0.0,25,True,,,LONG_SUCCESS,False,-0.0001813395780428939,0.44,0.56
rolling,2018,2018-07-03T00:00:00Z,53183,NORMAL,0.3472162818476954,0.34180099437945366,0.0,0.5216343238751362,0.4400568436838564,0.0,25,True,,,LONG_SUCCESS,False,8.543976183217339e-05,0.6,0.4
rolling,2018,2018-07-04T00:00:00Z,53207,NORMAL,0.3374254707437437,0.3463959974601883,0.0,0.6306525870849479,0.3693474129150521,0.0,25,True,,,LONG_SUCCESS,False,0.00020322743174294722,0.56,0.44
rolling,2018,2018-07-05T00:00:00Z,53231,NORMAL,0.3272723397741004,0.32156397872879866,0.0,0.3546426154908857,0.6453573845091143,0.0,25,True,,,SHORT_SUCCESS,False,0.00025099227713831773,0.52,0.48
rolling,2018,2018-07-06T00:00:00Z,53255,NORMAL,0.31995295748942654,0.33153465085294226,0.0,0.392618515355081,0.5296303205602677,0.0,25,True,,,LONG_SUCCESS,False,-0.0004008656796812282,0.44,0.56
rolling,2018,2018-07-07T00:00:00Z,53279,NORMAL,0.3255130971647392,0.32291398217564127,0.0,0.5745827374508037,0.4254172625491963,0.0,25,True,,,LONG_SUCCESS,False,0.00011536421837887723,0.56,0.44
rolling,2018,2018-07-10T00:00:00Z,53303,NORMAL,0.3190034085987228,0.3343346952818553,0.0,0.3697273671894249,0.5531495517483631,0.0,25,True,,,AMBIGUOUS_PATH,False,-0.0006186062660544778,0.36,0.64
rolling,2018,2018-07-11T00:00:00Z,53327,NORMAL,0.3275034093019702,0.3416791406834342,0.0,0.556078345608072,0.4048163967664552,0.0,25,True,,,LONG_SUCCESS,False,0.000713919746287095,0.72,0.28
rolling,2018,2018-07-12T00:00:00Z,53351,VOLATILITY_EXPANSION,0.34047449763292764,0.34975493806675934,0.0,0.43238335519734394,0.4917896596414076,0.0,25,True,,,LONG_SUCCESS,False,0.0002597459985367312,0.56,0.44
rolling,2018,2018-07-13T00:00:00Z,53375,VOLATILITY_EXPANSION,0.34834149089693445,0.34235022140423466,0.0,0.40143101741364773,0.5985689825863522,0.0,25,True,,,LONG_SUCCESS,False,0.0002597459985367312,0.6,0.4
rolling,2018,2018-07-14T00:00:00Z,53399,HIGH_VOLATILITY,0.32625487737037556,0.3294267805481594,0.0,0.5294829184538168,0.47051708154618327,0.0,25,True,,,LONG_SUCCESS,False,0.0004417028118648414,0.6,0.4
rolling,2018,2018-07-17T00:00:00Z,53423,HIGH_VOLATILITY,0.3457355877995445,0.33272948207954867,0.0,0.5650804178445892,0.3874341891897887,0.0,25,True,,,SHORT_SUCCESS,False,0.0003951779051887261,0.56,0.44
rolling,2018,2018-07-18T00:00:00Z,53447,HIGH_VOLATILITY,0.341213228870088,0.340090064650184,0.0,0.36311916220319185,0.5568040811962857,0.0,25,True,,,SHORT_SUCCESS,False,0.0003951779051887261,0.56,0.44
rolling,2018,2018-07-19T00:00:00Z,53471,HIGH_VOLATILITY,0.3086957538424892,0.32055032619928037,0.0,0.5287305951554068,0.3887776424122903,0.0,25,True,,,SHORT_SUCCESS,False,0.0002705414455475008,0.52,0.48
rolling,2018,2018-07-20T00:00:00Z,53495,NORMAL,0.31925881901541087,0.31728934427518224,0.0,0.47098210154372866,0.447313622406299,0.0,25,True,,,AMBIGUOUS_PATH,False,-0.00017290138957493095,0.48,0.52
rolling,2018,2018-07-21T00:00:00Z,53519,NORMAL,0.35289313817952517,0.32543347997443417,0.0,0.4033144715570862,0.5177726465285782,0.0,25,True,,,SHORT_SUCCESS,False,0.00028376842241262246,0.64,0.36
rolling,2018,2018-07-24T00:00:00Z,53543,HIGH_VOLATILITY,0.3413515746894966,0.3401956902963787,0.0,0.49839326668396045,0.5016067333160394,0.0,25,True,,,SHORT_SUCCESS,False,-0.00012526418013325546,0.48,0.52
rolling,2018,2018-07-25T00:00:00Z,53567,HIGH_VOLATILITY,0.34659493140938447,0.3501823464533073,0.0,0.6407480498848875,0.35925195011511263,0.0,25,True,,,LONG_SUCCESS,False,0.001177727389711558,0.64,0.36
rolling,2018,2018-07-26T00:00:00Z,53591,HIGH_VOLATILITY,0.3567477961282437,0.3467964507399057,0.0,0.48438972898192295,0.515610271018077,0.0,25,True,,,LONG_SUCCESS,False,0.0005433696789154396,0.56,0.44
rolling,2018,2018-07-27T00:00:00Z,53615,NORMAL,0.34209875558860103,0.3279524250941585,0.0,0.39985315230595053,0.5561501690817473,0.0,25,True,,,LONG_SUCCESS,False,-7.087786824266917e-05,0.44,0.56
rolling,2018,2018-07-28T00:00:00Z,53639,NORMAL,0.34993205809069633,0.3389478180200001,0.0,0.5098220260243527,0.49017797397564716,0.0,25,True,,,SHORT_SUCCESS,False,-0.0001908358869846527,0.48,0.52
rolling,2018,2018-07-31T00:00:00Z,53663,VOLATILITY_CONTRACTION,0.33744209445749007,0.3396956467465326,0.0,0.36358156464122166,0.5924388462771555,0.0,25,True,,,LONG_SUCCESS,False,-0.000972571985758619,0.44,0.56
rolling,2018,2018-08-01T00:00:00Z,53687,NORMAL,0.32565281036208016,0.32503815920723644,0.0,0.45634674332779873,0.46561364612369655,0.0,25,True,,,LONG_SUCCESS,False,0.00022167713838627812,0.56,0.44
rolling,2018,2018-08-02T00:00:00Z,53711,HIGH_VOLATILITY,0.33244537121353895,0.3317187470933472,0.0,0.5318776356946244,0.43164211117246326,0.0,25,True,,,LONG_SUCCESS,False,-0.0006072160580966601,0.4,0.6
rolling,2018,2018-08-03T00:00:00Z,53735,NORMAL,0.3270116105000418,0.32531461837720455,0.0,0.564873033363253,0.4351269666367469,0.0,25,True,,,LONG_SUCCESS,False,-0.0003149103408941478,0.4,0.6
rolling,2018,2018-08-04T00:00:00Z,53759,VOLATILITY_CONTRACTION,0.29714153322553033,0.3077898902404511,0.0,0.39312245526323886,0.5326788736808978,0.0,25,True,,,SHORT_SUCCESS,False,-0.00026544298627173557,0.48,0.52
rolling,2018,2018-08-07T00:00:00Z,53783,NORMAL,0.33316906538064067,0.3252525234255851,0.0,0.48154534614585065,0.43676673343637745,0.0,25,True,,,SHORT_SUCCESS,False,4.6502168648432374e-05,0.56,0.44
rolling,2018,2018-08-08T00:00:00Z,53807,VOLATILITY_EXPANSION,0.3276483886281858,0.3313051068291237,0.0,0.4670174723972169,0.5329825276027831,0.0,25,True,,,SHORT_SUCCESS,False,-0.0006072160580966601,0.4,0.6
rolling,2018,2018-08-09T00:00:00Z,53831,VOLATILITY_EXPANSION,0.342227688895283,0.3348719521552027,0.0,0.3512729043379631,0.6122294582430086,0.0,25,True,,,LONG_SUCCESS,False,-0.00020502862335913807,0.4,0.6
rolling,2018,2018-08-10T00:00:00Z,53855,NORMAL,0.316489438016385,0.3223742076915885,0.0,0.28978205032811494,0.5884870220462267,0.0,25,True,,,SHORT_SUCCESS,False,-1.1539258903181526e-05,0.48,0.52
rolling,2018,2018-08-11T00:00:00Z,53879,NORMAL,0.3495588221311501,0.33314956600344203,0.0,0.5455362469126829,0.4166176542264908,0.0,25,True,,,SHORT_SUCCESS,False,-0.00017584975127282743,0.44,0.56
rolling,2018,2018-08-14T00:00:00Z,53903,VOLATILITY_CONTRACTION,0.322310760067324,0.3277904973036527,0.0,0.33055974522848164,0.5476236051842075,0.0,25,True,,,LONG_SUCCESS,False,-0.00017583941578247497,0.36,0.64
rolling,2018,2018-08-15T00:00:00Z,53927,NORMAL,0.32328853175988487,0.3358380760432591,0.0,0.32115416861140844,0.6405590357884281,0.0,25,True,,,LONG_SUCCESS,False,0.0005095656568696594,0.64,0.36
rolling,2018,2018-08-16T00:00:00Z,53951,NORMAL,0.3236308021819121,0.32569892046164617,0.0,0.5222550583998229,0.39931509066150533,0.0,25,True,,,SHORT_SUCCESS,False,0.00025099227713831773,0.64,0.36
rolling,2018,2018-08-17T00:00:00Z,53975,NORMAL,0.33401619118852527,0.31952531172907506,0.0,0.4671283812771387,0.4123106161188877,0.0,25,True,,,SHORT_SUCCESS,False,0.00028376842241262246,0.6,0.4
rolling,2018,2018-08-18T00:00:00Z,53999,VOLATILITY_EXPANSION,0.3607740814166819,0.3382360603433523,0.0,0.5829300873462625,0.41706991265373733,0.0,25,True,,,LONG_SUCCESS,False,0.00015304929421677826,0.6,0.4
rolling,2018,2018-08-21T00:00:00Z,54023,HIGH_VOLATILITY,0.3337633349875933,0.3492678626821565,0.0,0.3968757727540936,0.6031242272459062,0.0,25,True,,,AMBIGUOUS_PATH,False,0.0001202374229227754,0.52,0.48
rolling,2018,2018-08-22T00:00:00Z,54047,NORMAL,0.3207327515496709,0.3437123246020235,0.0,0.48492877767546433,0.5150712223245358,0.0,25,True,,,SHORT_SUCCESS,False,-0.00016225951836568164,0.44,0.56
rolling,2018,2018-08-23T00:00:00Z,54071,NORMAL,0.31931223224463245,0.32899601534944406,0.0,0.48034946724180594,0.43520913974982567,0.0,25,True,,,LONG_SUCCESS,False,0.0006427324977584803,0.68,0.32
rolling,2018,2018-08-24T00:00:00Z,54095,NORMAL,0.3255963431023528,0.33089938984812534,0.0,0.6267529195332191,0.37324708046678085,0.0,25,True,,,LONG_SUCCESS,False,0.0005481676839482752,0.56,0.44
rolling,2018,2018-08-25T00:00:00Z,54119,HIGH_VOLATILITY,0.3459795001441902,0.3285347761395706,0.0,0.38363295517777257,0.4965272654942606,0.0,25,True,,,SHORT_SUCCESS,False,-0.00038241980251418894,0.4,0.6
rolling,2018,2018-08-28T00:00:00Z,54143,NORMAL,0.36299486091341504,0.3529679706618565,0.0,0.47957213424734163,0.5204278657526584,0.0,25,True,,,LONG_SUCCESS,False,0.00036750397944906865,0.68,0.32
rolling,2018,2018-08-29T00:00:00Z,54167,NORMAL,0.34909540350142326,0.34688642750712084,0.0,0.3622374930206677,0.60074201286321,0.0,25,True,,,SHORT_SUCCESS,False,-1.0448980872435065e-05,0.48,0.52
rolling,2018,2018-08-30T00:00:00Z,54191,HIGH_VOLATILITY,0.3568177676644583,0.35852996569659384,0.0,0.3892745009705454,0.5713317170179537,0.0,25,True,,,LONG_SUCCESS,False,0.00024134224814620353,0.52,0.48
rolling,2018,2018-08-31T00:00:00Z,54215,VOLATILITY_CONTRACTION,0.32931764043304396,0.3360332635438767,0.0,0.6904217587551997,0.30957824124480054,0.0,25,True,,,LONG_SUCCESS,False,-0.0006735491126730331,0.36,0.64
rolling,2018,2018-09-01T00:00:00Z,54239,VOLATILITY_CONTRACTION,0.30287603354598197,0.3142192099680771,0.0,0.4615518221466234,0.465300236621359,0.0,25,True,,,LONG_SUCCESS,False,-3.461223376688416e-05,0.48,0.52
rolling,2018,2018-09-04T00:00:00Z,54263,NORMAL,0.33836816020612087,0.3317341839496491,0.0,0.4600093499004314,0.3997885967057956,0.0,25,True,,,AMBIGUOUS_PATH,False,0.00016870519197520473,0.52,0.48
rolling,2018,2018-09-05T00:00:00Z,54287,NORMAL,0.33396705658881765,0.355346664248812,0.0,0.4617859284268239,0.538214071573176,0.0,25,True,,,LONG_SUCCESS,False,-0.00033540217864547195,0.4,0.6
rolling,2018,2018-09-06T00:00:00Z,54311,NORMAL,0.32988768326680395,0.34362299595155565,0.0,0.4349646270203126,0.471754270728921,0.0,25,True,,,LONG_SUCCESS,False,0.0006374369857284901,0.72,0.28
rolling,2018,2018-09-07T00:00:00Z,54335,NORMAL,0.33500756535312415,0.3343046274993071,0.0,0.5234613483881776,0.43574355034250717,0.0,25,True,,,SHORT_SUCCESS,False,0.0003540801685437689,0.52,0.48
rolling,2018,2018-09-08T00:00:00Z,54359,NORMAL,0.3479549546231628,0.3284418519825514,0.0,0.5498999904430099,0.45010000955699014,0.0,25,True,,,LONG_SUCCESS,False,0.000297773141310298,0.6,0.4
rolling,2018,2018-09-11T00:00:00Z,54383,VOLATILITY_CONTRACTION,0.3447820991198151,0.33150336294589355,0.0,0.47245860951210494,0.48787385835019004,0.0,25,True,,,LONG_SUCCESS,False,-0.0001624954409635837,0.48,0.52
rolling,2018,2018-09-12T00:00:00Z,54407,VOLATILITY_EXPANSION,0.34193607016530153,0.3390577112704005,0.0,0.479299611613873,0.47716009154967376,0.0,25,True,,,LONG_SUCCESS,False,0.00043247900316112364,0.6,0.4
rolling,2018,2018-09-13T00:00:00Z,54431,NORMAL,0.3298767037343076,0.335043832994325,0.0,0.47954624982389366,0.480541227585829,0.0,25,True,,,LONG_SUCCESS,False,0.0003515487767504766,0.6,0.4
rolling,2018,2018-09-14T00:00:00Z,54455,HIGH_VOLATILITY,0.34344914933167126,0.3298490539224457,0.0,0.3533870413831971,0.5629591697811247,0.0,25,True,,,LONG_SUCCESS,False,-5.233038842478166e-05,0.44,0.56
rolling,2018,2018-09-15T00:00:00Z,54479,VOLATILITY_CONTRACTION,0.3330391540066372,0.32540330597813827,0.0,0.5133485889815764,0.4446369778994137,0.0,25,True,,,SHORT_SUCCESS,False,-0.00017584975127282743,0.48,0.52
rolling,2018,2018-09-18T00:00:00Z,54503,NORMAL,0.34289334769429575,0.328454649516027,0.0,0.4282698461006756,0.4873061892915705,0.0,25,True,,,LONG_SUCCESS,False,-0.00034111773198652884,0.48,0.52
rolling,2018,2018-09-19T00:00:00Z,54527,NORMAL,0.34223113164377705,0.33302828648536237,0.0,0.41097750921598564,0.5890224907840145,0.0,25,True,,,SHORT_SUCCESS,False,-0.0005766550241793622,0.4,0.6
rolling,2018,2018-09-20T00:00:00Z,54551,LOW_VOLATILITY_RANGE,0.3357310935764116,0.3158052266511969,0.0,0.4480071324555032,0.5140761099688878,0.0,25,True,,,SHORT_SUCCESS,False,0.00013779135115332686,0.52,0.48
rolling,2018,2018-09-21T00:00:00Z,54575,TRENDING,0.3431554253924435,0.3405400456689935,0.0,0.4619734199281902,0.4492367472531895,0.0,25,True,,,LONG_SUCCESS,False,0.0003610521953341106,0.6,0.4
rolling,2018,2018-09-22T00:00:00Z,54599,NORMAL,0.34003564892916316,0.33035600789959396,0.0,0.3677272098179636,0.5908886235683589,0.0,25,True,,,SHORT_SUCCESS,False,0.0006163170959616604,0.56,0.44
rolling,2018,2018-09-25T00:00:00Z,54623,NORMAL,0.32216614429388196,0.3322786673999832,0.0,0.38520484611365946,0.5400904333047695,0.0,25,True,,,SHORT_SUCCESS,False,0.000673492715134616,0.6,0.4
rolling,2018,2018-09-26T00:00:00Z,54647,NORMAL,0.3121243336220888,0.335189945874937,0.0,0.23086985503472343,0.7290900362488201,0.0,25,True,,,LONG_SUCCESS,False,-0.000469938362581912,0.4,0.6
rolling,2018,2018-09-27T00:00:00Z,54671,NORMAL,0.33696809436753683,0.3394100257284803,0.0,0.3709214497963155,0.5491034681186221,0.0,25,True,,,AMBIGUOUS_PATH,False,0.0006793096529178477,0.56,0.44
rolling,2018,2018-09-28T00:00:00Z,54695,NORMAL,0.318272851884875,0.31873125785445705,0.0,0.5608908189539001,0.3617481463555511,0.0,25,True,,,SHORT_SUCCESS,False,7.724657973473548e-05,0.52,0.48
rolling,2018,2018-09-29T00:00:00Z,54719,VOLATILITY_CONTRACTION,0.3107426876607467,0.3113570926357137,0.0,0.4052835703849383,0.4775491567470173,0.0,25,True,,,SHORT_SUCCESS,False,0.00013779135115332686,0.56,0.44
rolling,2018,2018-10-02T00:00:00Z,54743,NORMAL,0.31346613975852833,0.3098530773696061,0.0,0.40637903420749494,0.5936209657925051,0.0,25,True,,,SHORT_SUCCESS,False,-0.00034281432750427054,0.28,0.72
rolling,2018,2018-10-03T00:00:00Z,54767,NORMAL,0.3005027976019062,0.31484201174907533,0.0,0.3940083706267908,0.48629392046400033,0.0,25,True,,,SHORT_SUCCESS,False,0.00013153914334251837,0.52,0.48
rolling,2018,2018-10-04T00:00:00Z,54791,NORMAL,0.3087933977711941,0.32818942285780645,0.0,0.39476604181272956,0.5306135965238313,0.0,25,True,,,SHORT_SUCCESS,False,-0.00018879117043957283,0.48,0.52
rolling,2018,2018-10-05T00:00:00Z,54815,LOW_VOLATILITY_RANGE,0.338064336526363,0.32474505608482845,0.0,0.5997755836256461,0.3620938876628661,0.0,25,True,,,LONG_SUCCESS,False,0.0007560332319409557,0.68,0.32
rolling,2018,2018-10-06T00:00:00Z,54839,VOLATILITY_EXPANSION,0.3668067332424285,0.3421754198002484,0.0,0.645235490058131,0.35476450994186887,0.0,25,True,,,SHORT_SUCCESS,False,0.0004959171415570562,0.68,0.32
rolling,2018,2018-10-09T00:00:00Z,54863,NORMAL,0.32565566587842953,0.34038716700786315,0.0,0.7121654502081055,0.2878345497918947,0.0,25,True,,,SHORT_SUCCESS,False,0.00099557029315811,0.68,0.32
rolling,2018,2018-10-10T00:00:00Z,54887,NORMAL,0.3320315708035906,0.3275313702092827,0.0,0.28735149203665916,0.7126485079633408,0.0,25,True,,,SHORT_SUCCESS,False,-4.2518903072275016e-05,0.48,0.52
rolling,2018,2018-10-11T00:00:00Z,54911,NORMAL,0.33829908635813954,0.32708643894905887,0.0,0.45242673521384935,0.5101508786374603,0.0,25,True,,,SHORT_SUCCESS,False,9.523878405359731e-05,0.52,0.48
rolling,2018,2018-10-12T00:00:00Z,54935,NORMAL,0.3026085569178538,0.3138837083159711,0.0,0.4007162034478351,0.4755066007528014,0.0,25,True,,,LONG_SUCCESS,False,0.0002705414455475008,0.56,0.44
rolling,2018,2018-10-13T00:00:00Z,54959,NORMAL,0.3278697208232195,0.3240687517211865,0.0,0.4323829394301754,0.5203037559206725,0.0,25,True,,,LONG_SUCCESS,False,0.0003939755780906218,0.56,0.44
rolling,2018,2018-10-16T00:00:00Z,54983,VOLATILITY_EXPANSION,0.33355247164883145,0.33977793584061017,0.0,0.5986011024412498,0.36108678192733046,0.0,25,True,,,SHORT_SUCCESS,False,1.395637523304849e-05,0.52,0.48
rolling,2018,2018-10-17T00:00:00Z,55007,NORMAL,0.3422642187455709,0.33149884430426246,0.0,0.7295692183835766,0.27043078161642353,0.0,25,True,,,SHORT_SUCCESS,False,0.00019658050246085246,0.6,0.4
rolling,2018,2018-10-18T00:00:00Z,55031,NORMAL,0.32453958629095164,0.328754142880854,0.0,0.482983465092892,0.4363537820939811,0.0,25,True,,,LONG_SUCCESS,False,0.0010325688025807356,0.72,0.28
rolling,2018,2018-10-19T00:00:00Z,55055,NORMAL,0.33195736182328145,0.324188161152782,0.0,0.4087213207788849,0.5541398524330743,0.0,25,True,,,AMBIGUOUS_PATH,False,0.00028376842241262246,0.52,0.48
rolling,2018,2018-10-20T00:00:00Z,55079,NORMAL,0.3400516982314763,0.3315916141119719,0.0,0.3137520334658834,0.6022561761095043,0.0,25,True,,,SHORT_SUCCESS,False,-0.0007414068190345624,0.44,0.56
rolling,2018,2018-10-23T00:00:00Z,55103,NORMAL,0.34649956050614894,0.3443002225485193,0.0,0.6118453349515479,0.3149391104004899,0.0,25,True,,,SHORT_SUCCESS,False,0.0006500885456803829,0.64,0.36
rolling,2018,2018-10-24T00:00:00Z,55127,NORMAL,0.32240126112729806,0.33026177164688564,0.0,0.24440413816159323,0.7178712234377707,0.0,25,True,,,SHORT_SUCCESS,False,-0.00010967987681131941,0.48,0.52
rolling,2018,2018-10-25T00:00:00Z,55151,VOLATILITY_CONTRACTION,0.2955016621768964,0.3032773378762751,0.0,0.31821495435918856,0.5653177824487401,0.0,25,True,,,LONG_SUCCESS,False,-0.0001262744039511876,0.44,0.56
rolling,2018,2018-10-26T00:00:00Z,55175,NORMAL,0.33678312916459,0.34257014071900255,0.0,0.4690831605737749,0.4484448142845734,0.0,25,True,,,LONG_SUCCESS,False,0.0004591117959000801,0.6,0.4
rolling,2018,2018-10-27T00:00:00Z,55199,LOW_VOLATILITY_RANGE,0.34337743978443314,0.32689115192684237,0.0,0.5595216199012342,0.3988966660372492,0.0,25,True,,,SHORT_SUCCESS,False,0.001016623028430308,0.6,0.4
rolling,2018,2018-10-30T00:00:00Z,55223,NORMAL,0.35351023661107506,0.35248713671548404,0.0,0.6391010573062527,0.3608989426937473,0.0,25,True,,,SHORT_SUCCESS,False,-0.00031466010546710166,0.44,0.56
rolling,2018,2018-10-31T00:00:00Z,55247,NORMAL,0.3168763430693841,0.3232855362988766,0.0,0.4404884763457713,0.47728417355356184,0.0,25,True,,,SHORT_SUCCESS,False,-0.000469938362581912,0.32,0.68
rolling,2018,2018-11-01T00:00:00Z,55271,NORMAL,0.3458544987738639,0.34033250115250596,0.0,0.5946700355324914,0.32167216315806335,0.0,25,True,,,SHORT_SUCCESS,False,0.00011432336045746894,0.6,0.4
rolling,2018,2018-11-02T00:00:00Z,55295,NORMAL,0.3353751814216017,0.3339925335126564,0.0,0.4789501833300544,0.5210498166699455,0.0,25,True,,,LONG_SUCCESS,False,0.0001118521051186594,0.56,0.44
rolling,2018,2018-11-03T00:00:00Z,55319,NORMAL,0.32481845768894013,0.3372096457498008,0.0,0.5048105517245258,0.44585725036754836,0.0,25,True,,,LONG_SUCCESS,False,-0.00037062617697547484,0.48,0.52
rolling,2018,2018-11-06T00:00:00Z,55343,NORMAL,0.3441921830759657,0.34834984889743975,0.0,0.7587581742586356,0.24124182574136444,0.0,25,True,,,SHORT_SUCCESS,False,-0.00015780086043093444,0.44,0.56
rolling,2018,2018-11-07T00:00:00Z,55367,TRENDING,0.3398084276317685,0.34038589373223965,0.0,0.48268215019938626,0.5173178498006138,0.0,25,True,,,AMBIGUOUS_PATH,False,-0.00012353457949909608,0.48,0.52
rolling,2018,2018-11-08T00:00:00Z,55391,VOLATILITY_EXPANSION,0.31547263275821374,0.3332676235142921,0.0,0.4074136847969024,0.5556007075709161,0.0,25,True,,,LONG_SUCCESS,False,0.00012432253052163666,0.56,0.44
rolling,2018,2018-11-09T00:00:00Z,55415,HIGH_VOLATILITY,0.337773605506748,0.3252670520435763,0.0,0.6012422580628256,0.35897544328340836,0.0,25,True,,,LONG_SUCCESS,False,-0.00027125018169993353,0.48,0.52
rolling,2018,2018-11-10T00:00:00Z,55439,NORMAL,0.323096809889076,0.3278424130085624,0.0,0.4351920431278553,0.5648079568721444,0.0,25,True,,,LONG_SUCCESS,False,0.001172624175592496,0.68,0.32
rolling,2018,2018-11-13T00:00:00Z,55463,NORMAL,0.32553930570871037,0.33908882817437447,0.0,0.597698378825256,0.36142555954851047,0.0,25,True,,,LONG_SUCCESS,False,-0.0006186062660544778,0.44,0.56
rolling,2018,2018-11-14T00:00:00Z,55487,NORMAL,0.3458502309026255,0.3384197258157465,0.0,0.4386131177680706,0.4774482068912665,0.0,25,True,,,LONG_SUCCESS,False,-0.0007020732586175971,0.44,0.56
rolling,2018,2018-11-15T00:00:00Z,55511,VOLATILITY_CONTRACTION,0.33943419273728453,0.34829017957830105,0.0,0.3598362354657265,0.6027840687471103,0.0,25,True,,,SHORT_SUCCESS,False,0.0003540801685437689,0.52,0.48
rolling,2018,2018-11-16T00:00:00Z,55535,NORMAL,0.30792352735118905,0.3171005683714735,0.0,0.5653496757994586,0.355156866702108,0.0,25,True,,,SHORT_SUCCESS,False,0.00011536421837887723,0.52,0.48
rolling,2018,2018-11-17T00:00:00Z,55559,VOLATILITY_CONTRACTION,0.3380265612557013,0.3257839833874231,0.0,0.3659449903973163,0.5237654359366316,0.0,25,True,,,SHORT_SUCCESS,False,0.00013779135115332686,0.52,0.48
rolling,2018,2018-11-20T00:00:00Z,55583,NORMAL,0.352959765971581,0.33967272577894897,0.0,0.4755947845301994,0.5244052154698006,0.0,25,True,,,AMBIGUOUS_PATH,False,-0.0005338820194585869,0.44,0.56
rolling,2018,2018-11-21T00:00:00Z,55607,NORMAL,0.3326974744244926,0.3282537926163311,0.0,0.40568759903255663,0.518131492694294,0.0,25,True,,,SHORT_SUCCESS,False,8.040601018843851e-05,0.52,0.48
rolling,2018,2018-11-22T00:00:00Z,55631,NORMAL,0.32247431575205854,0.32647726631513163,0.0,0.3168573028395732,0.5975167059941356,0.0,25,True,,,SHORT_SUCCESS,False,0.00013153914334251837,0.64,0.36
rolling,2018,2018-11-23T00:00:00Z,55655,NORMAL,0.3315366259267034,0.3293213111850995,0.0,0.470338012011905,0.49158110716083625,0.0,25,True,,,LONG_SUCCESS,False,0.0004185619405807639,0.52,0.48
rolling,2018,2018-11-24T00:00:00Z,55679,HIGH_VOLATILITY,0.33696675753019,0.33860357091413,0.0,0.3850841532754598,0.4904752991417908,0.0,25,True,,,SHORT_SUCCESS,False,-0.0005133348089692014,0.4,0.6
rolling,2018,2018-11-27T00:00:00Z,55703,HIGH_VOLATILITY,0.33048599242641136,0.34433693085565364,0.0,0.5141593274666996,0.4395722446196393,0.0,25,True,,,SHORT_SUCCESS,False,-0.0002477705231320737,0.4,0.6
rolling,2018,2018-11-28T00:00:00Z,55727,HIGH_VOLATILITY,0.3478236694188869,0.33786720374358636,0.0,0.36267826359069233,0.559576370258293,0.0,25,True,,,LONG_SUCCESS,False,0.0004377891324527372,0.6,0.4
rolling,2018,2018-11-29T00:00:00Z,55751,NORMAL,0.3258277934941493,0.34291791457381876,0.0,0.47569108498729906,0.4881108776981185,0.0,25,True,,,SHORT_SUCCESS,False,-0.0003068048408191304,0.48,0.52
rolling,2018,2018-11-30T00:00:00Z,55775,NORMAL,0.33167300582749376,0.3197788450273657,0.0,0.5929295222452373,0.31984392006459667,0.0,25,True,,,LONG_SUCCESS,False,7.396622555866372e-05,0.52,0.48
rolling,2018,2018-12-01T00:00:00Z,55799,NORMAL,0.36342521088112967,0.339192852928486,0.0,0.48283110960255887,0.5171688903974413,0.0,25,True,,,SHORT_SUCCESS,False,0.0005834516085641006,0.64,0.36
rolling,2018,2018-12-04T00:00:00Z,55823,NORMAL,0.36564645338619084,0.3414692373311302,0.0,0.5955477765241335,0.40445222347586635,0.0,25,True,,,LONG_SUCCESS,False,3.242605558040346e-05,0.52,0.48
rolling,2018,2018-12-05T00:00:00Z,55847,NORMAL,0.33648697763257057,0.3402493845267099,0.0,0.5637654330027366,0.35514382116538545,0.0,25,True,,,LONG_SUCCESS,False,-0.0005848633775724643,0.4,0.6
rolling,2018,2018-12-06T00:00:00Z,55871,NORMAL,0.3209615250174093,0.32733303150165294,0.0,0.6391844605041278,0.3210934842088398,0.0,25,True,,,LONG_SUCCESS,False,0.0005095656568696594,0.68,0.32
rolling,2018,2018-12-07T00:00:00Z,55895,HIGH_VOLATILITY,0.33626658594736014,0.348276372452049,0.0,0.47394648288164026,0.4461524190497558,0.0,25,True,,,LONG_SUCCESS,False,-7.115640702437531e-06,0.48,0.52
rolling,2018,2018-12-08T00:00:00Z,55919,HIGH_VOLATILITY,0.3350215920922016,0.32652961060324986,0.0,0.5879728541537609,0.37277652570227976,0.0,25,True,,,SHORT_SUCCESS,False,-5.615417444371218e-06,0.48,0.52
rolling,2018,2018-12-11T00:00:00Z,55943,NORMAL,0.3266388878614506,0.3296552565573239,0.0,0.44063058434567165,0.4356296972753535,0.0,25,True,,,SHORT_SUCCESS,False,0.0002708994383009422,0.56,0.44
rolling,2018,2018-12-12T00:00:00Z,55967,NORMAL,0.3176224954405402,0.32166672354533105,0.0,0.44298134864274136,0.5172488263308898,0.0,25,True,,,LONG_SUCCESS,False,0.0002372833440746902,0.52,0.48
rolling,2018,2018-12-13T00:00:00Z,55991,NORMAL,0.32564244829452377,0.33094287493688884,0.0,0.594709815296656,0.36758125179326406,0.0,25,True,,,SHORT_SUCCESS,False,0.00014580246433038013,0.6,0.4
rolling,2018,2018-12-14T00:00:00Z,56015,NORMAL,0.31229870198115606,0.313105039409816,0.0,0.43511739821726364,0.31966443645634374,0.0,25,True,,,LONG_SUCCESS,False,0.00013833592473222467,0.52,0.48
rolling,2018,2018-12-15T00:00:00Z,56039,VOLATILITY_EXPANSION,0.3631183922643378,0.339423237807122,0.0,0.5701922552230951,0.4298077447769051,0.0,25,True,,,SHORT_SUCCESS,False,-0.0008064775821708947,0.44,0.56
rolling,2018,2018-12-18T00:00:00Z,56063,NORMAL,0.3230655244227438,0.32845354286919115,0.0,0.3143278026386957,0.6423399025688726,0.0,25,True,,,LONG_SUCCESS,False,-0.00018879117043957283,0.4,0.6
rolling,2018,2018-12-19T00:00:00Z,56087,NORMAL,0.3286507042584511,0.32985378408639154,0.0,0.20778495056740162,0.7527377195318614,0.0,25,True,,,SHORT_SUCCESS,False,-0.0007678191572544346,0.36,0.64
rolling,2018,2018-12-20T00:00:00Z,56111,NORMAL,0.34987248879420435,0.33198746864224843,0.0,0.3648941813133053,0.5581813953463562,0.0,25,True,,,SHORT_SUCCESS,False,0.00011432336045746894,0.52,0.48
rolling,2018,2018-12-21T00:00:00Z,56135,VOLATILITY_EXPANSION,0.3395493975951355,0.34723177800933047,0.0,0.3485834395522147,0.6095882025880262,0.0,25,True,,,SHORT_SUCCESS,False,0.00015304929421677826,0.56,0.44
rolling,2018,2018-12-22T00:00:00Z,56159,NORMAL,0.34606487578796324,0.32942976763878806,0.0,0.5559356267556927,0.3543131530963469,0.0,25,True,,,LONG_SUCCESS,False,0.0001512851294616091,0.6,0.4
rolling,2018,2018-12-25T00:00:00Z,56183,NORMAL,0.34337953633286933,0.34079554397508943,0.0,0.5315785196421082,0.42993198044360065,0.0,25,True,,,LONG_SUCCESS,False,3.193073452223416e-05,0.52,0.48
rolling,2018,2018-12-26T00:00:00Z,56207,NORMAL,0.3387576403024881,0.3334498263890343,0.0,0.6467912282078764,0.31713817282750806,0.0,25,True,,,LONG_SUCCESS,False,0.0006341681956405498,0.72,0.28
rolling,2018,2018-12-27T00:00:00Z,56231,VOLATILITY_CONTRACTION,0.30169872872658005,0.3182989550746163,0.0,0.34969193968180745,0.4823473120416429,0.0,25,True,,,LONG_SUCCESS,False,0.00013833592473222467,0.6,0.4
rolling,2018,2018-12-28T00:00:00Z,56255,NORMAL,0.3277517081305557,0.3243807629657407,0.0,0.4828013326040837,0.4773534972952576,0.0,25,True,,,LONG_SUCCESS,False,-0.00028023375404417905,0.4,0.6
